{"stats":{"minecraft:killed_by":{"minecraft:vindicator":3,"minecraft:zombie":1,"minecraft:vex":1,"midnightlurker:midnight_lurker_unprovoked":3,"midnightlurker:midnight_lurker_aggressive":1,"minecraft:creeper":1,"midnightlurker:void_hands":1,"minecraft:skeleton":2},"minecraft:custom":{"minecraft:interact_with_crafting_table":30,"minecraft:open_barrel":102,"minecraft:bell_ring":179,"minecraft:leave_game":27,"minecraft:time_since_death":1256596,"minecraft:play_time":2629340,"minecraft:deaths":15,"minecraft:jump":28615,"minecraft:interact_with_furnace":169,"minecraft:sleep_in_bed":135,"minecraft:damage_dealt":32339,"minecraft:interact_with_smoker":2,"minecraft:interact_with_smithing_table":1,"minecraft:interact_with_anvil":3,"minecraft:sneak_time":5640,"minecraft:total_world_time":2629340,"minecraft:tune_noteblock":239,"minecraft:interact_with_stonecutter":4,"minecraft:time_since_rest":20153,"minecraft:swim_one_cm":1284388,"minecraft:fly_one_cm":4370337,"minecraft:open_chest":648,"minecraft:fall_one_cm":560933,"minecraft:animals_bred":10,"minecraft:sprint_one_cm":10378833,"minecraft:drop":1436,"minecraft:play_noteblock":1,"minecraft:talked_to_villager":312,"minecraft:interact_with_brewingstand":1,"minecraft:walk_on_water_one_cm":318275,"minecraft:interact_with_loom":9,"minecraft:crouch_one_cm":3267,"minecraft:mob_kills":217,"minecraft:interact_with_campfire":12,"minecraft:climb_one_cm":45564,"minecraft:walk_one_cm":6839224,"minecraft:raid_win":2,"minecraft:walk_under_water_one_cm":203463,"minecraft:boat_one_cm":1330729,"minecraft:pot_flower":6,"minecraft:damage_absorbed":119,"minecraft:damage_taken":18414},"minecraft:picked_up":{"minecraft:iron_chestplate":2,"minecraft:flower_pot":7,"minecraft:diamond_sword":2,"minecraft:lead":8,"minecraft:oak_stairs":10,"minecraft:enchanted_book":4,"minecraft:golden_sword":5,"minecraft:amethyst_block":72,"minecraft:string":38,"minecraft:soul_soil":19,"minecraft:cooked_salmon":26,"minecraft:pufferfish":1,"minecraft:shroomlight":33,"minecraft:beetroot":65,"minecraft:cobbled_deepslate":38,"minecraft:gold_nugget":325,"minecraft:spruce_planks":3,"minecraft:melon_slice":158,"minecraft:coal_block":5,"minecraft:golden_helmet":3,"minecraft:jukebox":1,"minecraft:composter":3,"minecraft:cherry_log":471,"minecraft:golden_chestplate":5,"minecraft:orange_bed":8,"minecraft:stone_sword":1,"minecraft:honey_bottle":4,"minecraft:tropical_fish":2,"minecraft:red_tulip":1,"minecraft:carved_pumpkin":7,"minecraft:glowstone":1,"minecraft:iron_bars":9,"minecraft:birch_log":53,"minecraft:feather":13,"minecraft:cooked_beef":38,"minecraft:water_bucket":9,"minecraft:cherry_leaves":197,"minecraft:flint":11,"minecraft:cherry_fence":2,"minecraft:map":8,"minecraft:lantern":81,"minecraft:twisting_vines":1,"minecraft:glowstone_dust":322,"minecraft:ink_sac":2,"minecraft:loom":1,"minecraft:acacia_stairs":1,"minecraft:dark_oak_log":1,"minecraft:polished_andesite":1,"minecraft:white_candle":54,"minecraft:bread":357,"minecraft:cyan_dye":3,"minecraft:jack_o_lantern":5,"minecraft:dark_oak_fence":4,"minecraft:crimson_roots":26,"minecraft:diamond_pickaxe":3,"minecraft:coarse_dirt":1,"minecraft:crafting_table":18,"minecraft:golden_pickaxe":7,"minecraft:leather_leggings":1,"minecraft:stripped_cherry_log":1,"variantcraftingtables:cherry_crafting_table":2,"minecraft:red_bed":39,"minecraft:flint_and_steel":1,"minecraft:iron_shovel":24,"minecraft:cracked_stone_bricks":1,"minecraft:beef":61,"minecraft:poppy":1,"minecraft:birch_sapling":5,"minecraft:chest":3,"minecraft:egg":4,"minecraft:fire_charge":1,"minecraft:carrot":187,"minecraft:redstone":60,"minecraft:prismarine_crystals":4,"minecraft:cooked_cod":1,"minecraft:beetroot_seeds":163,"minecraft:decorated_pot":40,"minecraft:hay_block":30,"minecraft:gold_ingot":163,"minecraft:totem_of_undying":4,"minecraft:glow_berries":5,"minecraft:mutton":39,"minecraft:rail":1,"minecraft:white_wool":47,"minecraft:bone_block":236,"minecraft:clock":1,"minecraft:ochre_froglight":2,"minecraft:filled_map":3,"minecraft:oak_log":61,"minecraft:golden_boots":2,"minecraft:white_banner":9,"minecraft:stone_bricks":25,"minecraft:apple":45,"travelersbackpack:cake":29,"minecraft:kelp":7,"minecraft:warped_stem":1,"minecraft:spore_blossom":3,"minecraft:stone_pickaxe":3,"minecraft:iron_sword":12,"minecraft:dark_oak_stairs":1,"minecraft:prismarine_brick_stairs":3,"minecraft:dark_oak_slab":1,"minecraft:milk_bucket":1,"minecraft:gravel":20,"minecraft:crying_obsidian":3,"travelersbackpack:standard":5,"minecraft:short_grass":6,"minecraft:gray_wool":2,"minecraft:warped_roots":1,"minecraft:baked_potato":16,"minecraft:ender_pearl":3,"minecraft:wheat":134,"minecraft:sentry_armor_trim_smithing_template":1,"minecraft:potion":12,"minecraft:nether_brick":12,"minecraft:raw_copper":35,"minecraft:armor_stand":7,"minecraft:smooth_stone_slab":7,"minecraft:iron_leggings":5,"minecraft:red_candle":3,"minecraft:oak_sign":1,"minecraft:bucket":16,"minecraft:calcite":53,"minecraft:wooden_shovel":7,"minecraft:iron_pickaxe":21,"minecraft:furnace":45,"minecraft:iron_boots":3,"minecraft:stick":127,"minecraft:oak_fence":1,"minecraft:torch":240,"minecraft:porkchop":55,"minecraft:pointed_dripstone":21,"minecraft:goat_horn":1,"minecraft:quartz_block":111,"minecraft:rotten_flesh":43,"minecraft:obsidian":1,"minecraft:cod":5,"minecraft:cobblestone":2857,"minecraft:nautilus_shell":1,"minecraft:pink_petals":4845,"minecraft:leather_chestplate":1,"minecraft:cherry_planks":134,"minecraft:andesite":7,"minecraft:golden_leggings":5,"minecraft:potato":17,"minecraft:tuff":5,"minecraft:lapis_lazuli":95,"minecraft:dirt":4090,"minecraft:name_tag":10,"minecraft:leather_boots":4,"travelersbackpack:backpack_tank":1,"minecraft:bone":22,"minecraft:bow":1,"minecraft:orange_tulip":1,"minecraft:wheat_seeds":188,"minecraft:raw_gold":31,"minecraft:light_blue_dye":1,"minecraft:oak_planks":81,"minecraft:cooked_porkchop":68,"minecraft:sand":50,"minecraft:cyan_bed":5,"minecraft:spectral_arrow":7,"minecraft:dark_prismarine":5,"travelersbackpack:white_sleeping_bag":1,"minecraft:sugar":3,"minecraft:diamond":3,"minecraft:soul_lantern":1,"minecraft:cracked_polished_blackstone_bricks":1,"minecraft:crossbow":1,"minecraft:bone_meal":4,"minecraft:emerald":60,"minecraft:oak_sapling":1,"minecraft:netherrack":1759,"minecraft:charcoal":32,"minecraft:cocoa_beans":20,"minecraft:azure_bluet":34,"minecraft:chicken":14,"minecraft:ladder":7,"minecraft:brown_mushroom":2,"minecraft:wooden_pickaxe":1,"minecraft:gold_block":4,"minecraft:brick":253,"minecraft:shield":8,"minecraft:moss_carpet":1,"minecraft:iron_axe":8,"minecraft:wooden_sword":2,"minecraft:blackstone":54,"minecraft:candle":24,"minecraft:player_head":11,"minecraft:light_gray_wool":2,"minecraft:lectern":7,"minecraft:sugar_cane":49,"minecraft:raw_iron":123,"minecraft:copper_ingot":1,"minecraft:bowl":1,"minecraft:note_block":3,"minecraft:polished_blackstone_bricks":2,"minecraft:cookie":8,"minecraft:dark_oak_planks":4,"minecraft:weeping_vines":8,"minecraft:arrow":75,"minecraft:pumpkin_pie":14,"minecraft:glistering_melon_slice":4,"minecraft:saddle":3,"minecraft:skeleton_skull":6,"minecraft:basalt":11,"minecraft:golden_carrot":1,"minecraft:crimson_stem":4,"minecraft:salmon":24,"minecraft:leather":58,"minecraft:birch_planks":31,"minecraft:mushroom_stew":3,"minecraft:crimson_fungus":13,"minecraft:gunpowder":7,"minecraft:yellow_bed":7,"minecraft:nether_wart_block":18,"minecraft:cobblestone_wall":2,"minecraft:piglin_head":7,"minecraft:cooked_mutton":16,"minecraft:coast_armor_trim_smithing_template":2,"minecraft:red_carpet":2,"minecraft:iron_ingot":4,"minecraft:cooked_chicken":1,"minecraft:prismarine_brick_slab":1,"minecraft:soul_sand":42,"minecraft:book":50,"minecraft:pink_bed":18,"minecraft:warped_fungus":8,"minecraft:pumpkin":42,"minecraft:chiseled_stone_bricks":1,"minecraft:quartz":1646,"minecraft:dandelion":8,"minecraft:dripstone_block":9,"minecraft:amethyst_shard":8,"minecraft:red_banner":2,"minecraft:soul_torch":1,"minecraft:white_bed":2,"minecraft:spider_eye":3,"minecraft:dried_kelp_block":90,"minecraft:honey_block":1,"minecraft:iron_helmet":5,"minecraft:cherry_sapling":134,"minecraft:black_wool":2,"minecraft:coal":380},"minecraft:broken":{"minecraft:wooden_shovel":3,"minecraft:shears":1,"minecraft:golden_sword":5,"minecraft:diamond_pickaxe":1,"minecraft:wooden_sword":1,"minecraft:iron_sword":3,"minecraft:stone_sword":1,"minecraft:wooden_pickaxe":1,"minecraft:iron_axe":1,"minecraft:iron_pickaxe":22,"minecraft:iron_helmet":1,"minecraft:golden_helmet":2,"minecraft:iron_shovel":19,"minecraft:stone_pickaxe":2,"minecraft:golden_chestplate":1,"minecraft:leather_boots":2,"minecraft:golden_pickaxe":8},"minecraft:dropped":{"minecraft:crimson_stem":3,"minecraft:iron_sword":6,"minecraft:short_grass":6,"minecraft:porkchop":17,"minecraft:lapis_lazuli":23,"minecraft:cooked_beef":35,"minecraft:glass_bottle":2,"minecraft:diamond":5,"minecraft:crafting_table":2,"minecraft:crossbow":1,"minecraft:orange_tulip":1,"minecraft:weeping_vines":8,"minecraft:warped_roots":1,"minecraft:saddle":2,"minecraft:emerald":10,"minecraft:gold_block":4,"minecraft:dirt":114,"minecraft:dark_oak_fence":1,"minecraft:cherry_leaves":64,"minecraft:wooden_sword":1,"minecraft:gold_nugget":100,"minecraft:bone_meal":3,"minecraft:iron_pickaxe":2,"minecraft:dark_oak_planks":2,"travelersbackpack:backpack_tank":1,"minecraft:white_wool":33,"minecraft:bone":16,"minecraft:note_block":2,"minecraft:golden_chestplate":1,"minecraft:wheat":71,"minecraft:birch_sapling":1,"minecraft:obsidian":1,"minecraft:rotten_flesh":11,"minecraft:oak_planks":79,"minecraft:glowstone_dust":78,"minecraft:white_bed":1,"minecraft:charcoal":32,"minecraft:quartz_block":111,"minecraft:beef":3,"minecraft:lectern":2,"minecraft:enchanted_book":2,"minecraft:golden_boots":2,"minecraft:iron_ingot":29,"minecraft:wheat_seeds":156,"minecraft:clock":1,"minecraft:feather":8,"minecraft:iron_helmet":1,"minecraft:cobblestone":143,"minecraft:book":50,"minecraft:coal":129,"minecraft:golden_apple":2,"minecraft:mushroom_stew":1,"minecraft:coal_block":1,"minecraft:pufferfish":1,"minecraft:gray_wool":1,"minecraft:golden_carrot":2,"minecraft:ink_sac":2,"minecraft:cherry_planks":1,"minecraft:potion":6,"minecraft:pumpkin":3,"minecraft:iron_shovel":5,"minecraft:string":37,"minecraft:soul_soil":14,"minecraft:bowl":3,"minecraft:chicken":3,"minecraft:iron_boots":1,"minecraft:name_tag":9,"minecraft:diamond_sword":1,"minecraft:hay_block":8,"minecraft:shroomlight":1,"minecraft:spruce_planks":2,"minecraft:diamond_pickaxe":1,"minecraft:yellow_bed":5,"minecraft:wooden_shovel":3,"minecraft:spider_eye":3,"minecraft:bow":1,"minecraft:red_tulip":1,"travelersbackpack:cake":1,"minecraft:cyan_bed":3,"minecraft:warped_stem":1,"minecraft:soul_sand":24,"minecraft:oak_log":9,"minecraft:baked_potato":52,"minecraft:decorated_pot":17,"minecraft:lantern":67,"minecraft:leather":43,"travelersbackpack:standard":3,"minecraft:flint":10,"minecraft:mutton":4,"minecraft:crimson_roots":2,"minecraft:coast_armor_trim_smithing_template":2,"minecraft:birch_log":18,"minecraft:gold_ingot":161,"minecraft:armor_stand":2,"minecraft:gravel":13,"minecraft:crimson_fungus":5,"minecraft:blackstone":42,"minecraft:twisting_vines":1,"minecraft:cherry_sapling":39,"minecraft:beetroot":1,"minecraft:white_candle":36,"minecraft:cooked_mutton":35,"minecraft:carrot":64,"minecraft:leather_chestplate":1,"minecraft:gunpowder":2,"travelersbackpack:white_sleeping_bag":1,"minecraft:skeleton_skull":1,"minecraft:beetroot_seeds":58,"minecraft:chest":1,"minecraft:basalt":10,"minecraft:iron_bars":1,"minecraft:arrow":67,"minecraft:quartz":1379,"minecraft:netherrack":1202,"minecraft:water_bucket":9,"minecraft:bread":217,"minecraft:golden_helmet":1,"minecraft:cherry_log":49,"minecraft:cyan_dye":3,"minecraft:lead":4,"minecraft:spectral_arrow":7,"minecraft:copper_ingot":1,"minecraft:tropical_fish":2,"minecraft:stick":80,"minecraft:torch":187,"minecraft:nether_wart_block":16,"minecraft:melon_slice":105,"minecraft:map":8,"minecraft:iron_leggings":2,"minecraft:iron_axe":5,"minecraft:pink_petals":2845,"minecraft:bucket":17,"minecraft:redstone":2,"minecraft:kelp":7,"minecraft:raw_copper":12,"minecraft:raw_iron":36,"minecraft:totem_of_undying":3,"minecraft:filled_map":4,"minecraft:shield":2,"minecraft:iron_chestplate":1,"minecraft:andesite":2,"minecraft:golden_sword":1,"minecraft:raw_gold":10,"minecraft:brick":160},"minecraft:used":{"minecraft:beetroot":23,"minecraft:jack_o_lantern":7,"minecraft:ladder":6,"minecraft:poppy":1,"minecraft:chest":2,"minecraft:rotten_flesh":13,"minecraft:soul_sand":15,"variantcraftingtables:cherry_crafting_table":2,"minecraft:azure_bluet":1,"minecraft:birch_sapling":4,"minecraft:dark_oak_slab":1,"minecraft:cherry_leaves":75,"minecraft:oak_sapling":1,"minecraft:furnace":28,"minecraft:egg":4,"minecraft:potato":3,"minecraft:blackstone":12,"minecraft:wooden_pickaxe":63,"minecraft:composter":3,"minecraft:golden_apple":4,"minecraft:lectern":5,"minecraft:nether_wart_block":2,"minecraft:diamond_sword":21,"minecraft:wooden_sword":84,"minecraft:dark_oak_fence":2,"minecraft:birch_log":4,"minecraft:iron_bars":8,"minecraft:stone_sword":195,"minecraft:carved_pumpkin":5,"minecraft:armor_stand":3,"minecraft:cooked_salmon":19,"minecraft:netherrack":510,"minecraft:orange_bed":7,"minecraft:torch":13,"minecraft:iron_axe":654,"minecraft:totem_of_undying":1,"minecraft:basalt":1,"minecraft:beef":15,"minecraft:goat_horn":53,"minecraft:cobbled_deepslate":1,"minecraft:cherry_fence":2,"minecraft:cherry_log":67,"minecraft:pointed_dripstone":2,"minecraft:crimson_stem":1,"minecraft:water_bucket":69,"minecraft:prismarine_brick_slab":1,"minecraft:birch_planks":85,"minecraft:cherry_planks":105,"minecraft:cracked_stone_bricks":1,"minecraft:polished_blackstone_bricks":2,"minecraft:salmon":16,"minecraft:rail":1,"minecraft:crafting_table":20,"minecraft:red_bed":38,"minecraft:white_bed":1,"minecraft:cod":2,"minecraft:oak_log":9,"minecraft:dark_prismarine":5,"minecraft:diamond_pickaxe":2455,"minecraft:suspicious_stew":1,"minecraft:iron_pickaxe":5316,"minecraft:pink_bed":17,"minecraft:chiseled_stone_bricks":1,"minecraft:cobblestone":102,"minecraft:potion":3,"travelersbackpack:standard":2,"minecraft:cooked_porkchop":30,"minecraft:porkchop":17,"minecraft:dandelion":7,"minecraft:candle":18,"minecraft:jukebox":2,"minecraft:cherry_sapling":88,"minecraft:moss_carpet":1,"minecraft:iron_shovel":4955,"minecraft:bone_block":6,"minecraft:oak_sign":1,"minecraft:decorated_pot":14,"minecraft:iron_sword":627,"minecraft:player_head":4,"minecraft:white_candle":37,"minecraft:mutton":15,"minecraft:prismarine_brick_stairs":3,"minecraft:carrot":78,"minecraft:milk_bucket":1,"minecraft:honey_bottle":6,"minecraft:crimson_roots":5,"minecraft:stone_bricks":5,"minecraft:golden_sword":137,"minecraft:warped_fungus":8,"minecraft:beetroot_seeds":14,"minecraft:skeleton_skull":5,"minecraft:dark_oak_stairs":1,"minecraft:stone_pickaxe":272,"minecraft:oak_planks":16,"minecraft:ender_pearl":2,"minecraft:loom":1,"minecraft:mushroom_stew":2,"minecraft:dripstone_block":9,"minecraft:ochre_froglight":1,"minecraft:note_block":1,"minecraft:shears":235,"minecraft:firework_rocket":8,"minecraft:melon_slice":53,"minecraft:bread":284,"minecraft:cyan_bed":2,"minecraft:gravel":2,"minecraft:andesite":5,"minecraft:coarse_dirt":1,"minecraft:golden_pickaxe":256,"minecraft:oak_fence":1,"minecraft:flint_and_steel":3,"minecraft:spruce_planks":1,"minecraft:wooden_shovel":181,"minecraft:cooked_chicken":10,"minecraft:dirt":2561,"minecraft:oak_stairs":10,"minecraft:red_candle":3,"minecraft:golden_carrot":4,"minecraft:soul_soil":5,"travelersbackpack:cake":51,"minecraft:cooked_beef":3,"minecraft:glass_bottle":3,"minecraft:polished_andesite":1,"minecraft:baked_potato":12,"minecraft:piglin_head":6,"minecraft:flower_pot":7,"minecraft:black_wool":2,"minecraft:apple":127,"minecraft:cracked_polished_blackstone_bricks":1,"minecraft:chicken":5,"minecraft:pink_petals":737,"minecraft:white_banner":4,"minecraft:red_banner":2,"minecraft:bucket":77,"minecraft:yellow_bed":2,"minecraft:pumpkin_pie":29,"minecraft:gray_wool":1,"minecraft:soul_torch":1},"minecraft:crafted":{"minecraft:cherry_wood":6,"minecraft:cooked_mutton":19,"minecraft:wooden_shovel":1,"minecraft:cooked_porkchop":11,"minecraft:copper_ingot":23,"minecraft:gold_ingot":7,"minecraft:oak_planks":72,"minecraft:cooked_chicken":9,"minecraft:crafting_table":5,"minecraft:wooden_pickaxe":1,"minecraft:baked_potato":42,"minecraft:birch_planks":92,"minecraft:stick":12,"minecraft:wooden_sword":1,"minecraft:furnace":4},"minecraft:mined":{"minecraft:dark_oak_planks":2,"minecraft:white_bed":1,"minecraft:pink_bed":17,"minecraft:cherry_log":383,"minecraft:carved_pumpkin":6,"minecraft:coal_block":3,"minecraft:crimson_fungus":13,"minecraft:oak_wall_sign":1,"minecraft:chiseled_stone_bricks":1,"minecraft:tall_seagrass":6,"minecraft:weeping_vines_plant":10,"minecraft:fire":7,"minecraft:barrel":1,"minecraft:pumpkin":42,"minecraft:moss_carpet":1,"minecraft:deepslate_lapis_ore":5,"minecraft:cave_vines":4,"minecraft:oak_stairs":13,"minecraft:orange_bed":7,"minecraft:brown_mushroom":3,"minecraft:red_bed":41,"minecraft:crimson_nylium":1,"minecraft:soul_fire":23,"minecraft:piglin_head":7,"minecraft:powder_snow":15,"minecraft:torch":6,"minecraft:note_block":1,"minecraft:melon":20,"minecraft:white_candle":17,"minecraft:cyan_bed":3,"minecraft:sugar_cane":23,"minecraft:amethyst_block":57,"minecraft:skeleton_skull":4,"minecraft:cherry_fence":2,"variantcraftingtables:cherry_crafting_table":1,"minecraft:wheat":3,"minecraft:jukebox":1,"minecraft:warped_fungus":9,"minecraft:prismarine_brick_stairs":5,"minecraft:loom":1,"minecraft:smooth_basalt":3,"minecraft:deepslate":36,"minecraft:dark_prismarine":12,"minecraft:cherry_sapling":12,"minecraft:jack_o_lantern":5,"minecraft:sea_lantern":1,"minecraft:dark_oak_fence":10,"minecraft:crimson_roots":24,"minecraft:red_mushroom":1,"minecraft:andesite":6,"minecraft:vine":24,"minecraft:bone_block":240,"minecraft:cake":3,"minecraft:cherry_planks":2,"minecraft:soul_sand":27,"minecraft:dandelion":3,"minecraft:cornflower":1,"minecraft:short_grass":861,"minecraft:emerald_ore":5,"minecraft:campfire":1,"minecraft:tall_grass":141,"minecraft:copper_ore":6,"minecraft:dried_kelp_block":47,"minecraft:deepslate_gold_ore":28,"minecraft:diorite":1,"minecraft:coarse_dirt":1,"minecraft:cobblestone_wall":1,"minecraft:birch_leaves":13,"minecraft:red_wall_banner":2,"minecraft:gravel":10,"minecraft:dripstone_block":10,"minecraft:cobweb":13,"minecraft:stone_bricks":4,"minecraft:gold_ore":8,"travelersbackpack:cake":27,"minecraft:fern":8,"minecraft:spruce_planks":4,"minecraft:sculk_vein":1,"minecraft:cave_vines_plant":3,"minecraft:budding_amethyst":4,"minecraft:grass_block":3059,"minecraft:soul_soil":20,"minecraft:composter":3,"minecraft:glowstone":76,"minecraft:iron_ore":113,"minecraft:azure_bluet":33,"minecraft:red_tulip":1,"minecraft:pointed_dripstone":15,"minecraft:iron_bars":21,"minecraft:deepslate_redstone_ore":14,"minecraft:blackstone":1,"minecraft:calcite":63,"minecraft:poppy":1,"minecraft:chest":1,"minecraft:nether_quartz_ore":1165,"minecraft:cobblestone":49,"minecraft:oak_planks":32,"minecraft:wall_torch":1,"minecraft:pink_petals":1531,"minecraft:seagrass":6,"minecraft:warped_nylium":7,"minecraft:dark_oak_slab":1,"minecraft:nether_wart_block":17,"minecraft:birch_log":49,"minecraft:smooth_stone_slab":4,"minecraft:oak_log":61,"minecraft:beetroots":73,"minecraft:dirt":2474,"minecraft:sand":47,"minecraft:netherrack":1899,"minecraft:oak_leaves":90,"minecraft:nether_gold_ore":69,"minecraft:tuff":5,"minecraft:candle":8,"minecraft:dark_oak_leaves":13,"minecraft:deepslate_diamond_ore":1,"minecraft:glow_lichen":7,"minecraft:decorated_pot":108,"minecraft:weeping_vines":6,"travelersbackpack:white_sleeping_bag":7,"minecraft:spruce_leaves":4,"minecraft:infested_chiseled_stone_bricks":1,"minecraft:crimson_stem":4,"minecraft:hay_block":15,"minecraft:spore_blossom":2,"minecraft:furnace":19,"minecraft:carrots":42,"minecraft:polished_basalt":1,"minecraft:acacia_stairs":1,"minecraft:potted_cherry_sapling":5,"minecraft:shroomlight":33,"minecraft:deepslate_iron_ore":19,"minecraft:lantern":77,"minecraft:stone":3719,"minecraft:soul_torch":1,"minecraft:basalt":11,"travelersbackpack:standard":1,"minecraft:oak_fence":9,"minecraft:crafting_table":13,"minecraft:honey_block":1,"minecraft:lectern":1,"minecraft:lapis_ore":10,"minecraft:birch_planks":15,"minecraft:white_wall_banner":3,"minecraft:bee_nest":1,"minecraft:coal_ore":298,"minecraft:cocoa":5,"minecraft:ochre_froglight":2,"minecraft:cherry_leaves":334,"minecraft:flower_pot":1,"minecraft:lodestone":1,"minecraft:polished_andesite":1,"minecraft:crimson_fence":2},"minecraft:killed":{"minecraft:zombie_horse":2,"minecraft:pufferfish":1,"minecraft:skeleton":14,"minecraft:chicken":8,"minecraft:tropical_fish":1,"minecraft:salmon":20,"livingthings:mantaray":4,"minecraft:pillager":21,"minecraft:goat":3,"tinyskeletons:baby_skeleton":1,"minecraft:zombie":35,"minecraft:cow":19,"minecraft:evoker":1,"minecraft:vindicator":13,"minecraft:horse":2,"minecraft:wandering_trader":2,"minecraft:witch":1,"minecraft:spider":8,"minecraft:silverfish":1,"minecraft:pig":17,"minecraft:zombie_villager":1,"endermanoverhaul:nether_wastes_enderman":1,"minecraft:sheep":21,"minecraft:trader_llama":4,"minecraft:vex":6,"minecraft:drowned":4,"minecraft:hoglin":1,"endermanoverhaul:spirit":1}},"DataVersion":3700}