{"stats":{"minecraft:dropped":{"minecraft:iron_ingot":29,"minecraft:wheat_seeds":19,"minecraft:lapis_lazuli":22,"minecraft:cooked_beef":35,"minecraft:oak_log":1,"minecraft:lead":1,"minecraft:diamond":4,"minecraft:feather":8,"minecraft:book":3,"minecraft:crafting_table":1,"minecraft:orange_tulip":1,"minecraft:lantern":1,"minecraft:leather":17,"minecraft:copper_ingot":1,"minecraft:saddle":2,"minecraft:tropical_fish":1,"travelersbackpack:standard":2,"minecraft:coal":23,"minecraft:stick":2,"minecraft:pufferfish":1,"minecraft:dirt":60,"minecraft:ink_sac":2,"minecraft:dark_oak_fence":1,"minecraft:torch":20,"minecraft:pumpkin":3,"minecraft:iron_axe":1,"minecraft:string":4,"minecraft:pink_petals":25,"minecraft:birch_log":18,"travelersbackpack:backpack_tank":1,"minecraft:white_wool":32,"minecraft:gold_ingot":20,"minecraft:note_block":2,"minecraft:bowl":2,"minecraft:wheat":67,"minecraft:raw_iron":8,"minecraft:white_bed":1,"minecraft:filled_map":3,"minecraft:hay_block":8,"minecraft:shield":1,"travelersbackpack:white_sleeping_bag":1,"minecraft:spruce_planks":2,"minecraft:charcoal":32,"minecraft:yellow_bed":5,"minecraft:wooden_shovel":3,"minecraft:arrow":19,"minecraft:beef":3,"minecraft:raw_gold":10,"minecraft:red_tulip":1,"minecraft:brick":48,"minecraft:bread":57},"minecraft:used":{"minecraft:beetroot":6,"minecraft:moss_carpet":1,"minecraft:stone_sword":195,"minecraft:ladder":4,"minecraft:poppy":1,"minecraft:torch":1,"minecraft:decorated_pot":5,"minecraft:spruce_planks":1,"minecraft:iron_sword":106,"minecraft:cooked_chicken":6,"minecraft:rotten_flesh":1,"minecraft:cooked_salmon":14,"minecraft:wooden_shovel":181,"minecraft:dirt":182,"minecraft:mutton":11,"minecraft:prismarine_brick_stairs":3,"minecraft:iron_axe":94,"minecraft:oak_stairs":10,"minecraft:birch_sapling":3,"minecraft:stone_bricks":1,"minecraft:beef":13,"minecraft:furnace":14,"travelersbackpack:cake":5,"minecraft:egg":2,"minecraft:cooked_beef":3,"minecraft:prismarine_brick_slab":1,"minecraft:birch_planks":85,"minecraft:polished_andesite":1,"minecraft:stone_pickaxe":137,"minecraft:oak_planks":4,"minecraft:baked_potato":9,"minecraft:wooden_pickaxe":63,"minecraft:cracked_stone_bricks":1,"minecraft:salmon":9,"minecraft:crafting_table":10,"minecraft:red_bed":32,"minecraft:white_bed":1,"minecraft:oak_log":7,"minecraft:dark_prismarine":5,"minecraft:black_wool":2,"minecraft:firework_rocket":2,"minecraft:bread":44,"minecraft:chicken":5,"minecraft:melon_slice":22,"minecraft:iron_pickaxe":82,"minecraft:suspicious_stew":1,"minecraft:chiseled_stone_bricks":1,"minecraft:pink_petals":98,"minecraft:wooden_sword":84,"travelersbackpack:standard":1,"minecraft:porkchop":10,"minecraft:andesite":5,"minecraft:birch_log":4,"minecraft:yellow_bed":2,"minecraft:pumpkin_pie":2,"minecraft:gray_wool":1,"minecraft:coarse_dirt":1,"minecraft:candle":9},"minecraft:crafted":{"minecraft:wooden_sword":1,"minecraft:oak_planks":64,"minecraft:cooked_chicken":9,"minecraft:furnace":4,"minecraft:cooked_mutton":19,"minecraft:wooden_shovel":1,"minecraft:cooked_porkchop":8,"minecraft:crafting_table":2,"minecraft:baked_potato":39,"minecraft:wooden_pickaxe":1,"minecraft:birch_planks":92,"minecraft:stick":12,"minecraft:gold_ingot":7},"minecraft:mined":{"minecraft:dark_prismarine":12,"minecraft:spruce_planks":4,"minecraft:white_bed":1,"minecraft:candle":4,"minecraft:cherry_log":1,"minecraft:sea_lantern":1,"minecraft:glow_lichen":2,"minecraft:dark_oak_fence":4,"minecraft:grass_block":139,"minecraft:decorated_pot":52,"minecraft:coal_block":3,"travelersbackpack:white_sleeping_bag":1,"minecraft:chiseled_stone_bricks":1,"minecraft:tall_seagrass":2,"minecraft:furnace":14,"minecraft:iron_ore":1,"minecraft:barrel":1,"minecraft:acacia_stairs":1,"minecraft:andesite":5,"minecraft:moss_carpet":1,"minecraft:pumpkin":3,"minecraft:red_tulip":1,"minecraft:vine":20,"minecraft:oak_stairs":13,"minecraft:lantern":74,"minecraft:stone":43,"minecraft:red_bed":34,"minecraft:dandelion":2,"travelersbackpack:standard":1,"minecraft:crafting_table":8,"minecraft:cornflower":1,"minecraft:note_block":1,"minecraft:short_grass":115,"minecraft:poppy":1,"minecraft:melon":20,"minecraft:white_candle":8,"minecraft:cobblestone":39,"minecraft:tall_grass":18,"minecraft:oak_planks":9,"minecraft:sugar_cane":18,"minecraft:pink_petals":103,"minecraft:seagrass":3,"minecraft:birch_planks":15,"minecraft:coarse_dirt":1,"minecraft:birch_log":49,"minecraft:wheat":1,"minecraft:birch_leaves":7,"minecraft:smooth_stone_slab":4,"minecraft:prismarine_brick_stairs":5,"minecraft:oak_log":41,"minecraft:cocoa":5,"minecraft:cherry_leaves":40,"minecraft:gravel":2,"minecraft:sand":3,"minecraft:dirt":131,"minecraft:lodestone":1,"minecraft:stone_bricks":3,"minecraft:polished_andesite":1,"minecraft:oak_leaves":69,"minecraft:deepslate":2,"travelersbackpack:cake":2,"minecraft:fern":8},"minecraft:picked_up":{"minecraft:charcoal":32,"minecraft:cocoa_beans":20,"minecraft:coarse_dirt":1,"minecraft:crafting_table":11,"minecraft:wheat":130,"minecraft:ladder":5,"minecraft:chicken":11,"minecraft:sentry_armor_trim_smithing_template":1,"minecraft:lead":1,"minecraft:wooden_pickaxe":1,"minecraft:oak_stairs":10,"minecraft:potion":3,"minecraft:shield":4,"minecraft:brick":142,"minecraft:raw_copper":12,"minecraft:string":5,"minecraft:red_bed":32,"minecraft:moss_carpet":1,"minecraft:iron_axe":1,"minecraft:cooked_salmon":10,"minecraft:wooden_sword":1,"minecraft:smooth_stone_slab":7,"minecraft:armor_stand":1,"minecraft:pufferfish":1,"minecraft:beetroot":2,"minecraft:cracked_stone_bricks":1,"minecraft:candle":12,"minecraft:cobbled_deepslate":1,"minecraft:spruce_planks":3,"minecraft:beef":50,"minecraft:player_head":2,"minecraft:wooden_shovel":7,"minecraft:poppy":1,"minecraft:sugar_cane":41,"minecraft:melon_slice":117,"minecraft:coal_block":4,"minecraft:birch_sapling":3,"minecraft:egg":2,"minecraft:furnace":40,"minecraft:stick":21,"minecraft:raw_iron":5,"minecraft:copper_ingot":1,"minecraft:torch":62,"minecraft:bowl":1,"minecraft:note_block":3,"minecraft:porkchop":22,"minecraft:carrot":47,"minecraft:redstone":6,"minecraft:prismarine_crystals":4,"minecraft:golden_chestplate":1,"minecraft:tropical_fish":1,"minecraft:honey_bottle":4,"minecraft:stone_sword":1,"minecraft:arrow":19,"minecraft:rotten_flesh":14,"minecraft:decorated_pot":11,"minecraft:pumpkin_pie":12,"minecraft:hay_block":15,"minecraft:red_tulip":1,"minecraft:saddle":2,"minecraft:gold_ingot":9,"minecraft:mutton":27,"minecraft:white_wool":41,"minecraft:cobblestone":101,"minecraft:birch_log":53,"minecraft:pink_petals":315,"minecraft:feather":13,"minecraft:cooked_beef":38,"minecraft:andesite":5,"minecraft:water_bucket":2,"minecraft:salmon":17,"minecraft:leather":30,"minecraft:golden_leggings":2,"minecraft:filled_map":2,"minecraft:potato":11,"minecraft:birch_planks":31,"minecraft:oak_log":41,"minecraft:yellow_bed":7,"minecraft:gunpowder":5,"minecraft:lantern":76,"minecraft:lapis_lazuli":3,"minecraft:dirt":255,"minecraft:white_banner":1,"minecraft:cooked_mutton":16,"travelersbackpack:backpack_tank":1,"minecraft:apple":32,"minecraft:stone_bricks":21,"travelersbackpack:cake":3,"minecraft:wheat_seeds":22,"minecraft:orange_tulip":1,"minecraft:raw_gold":3,"minecraft:stone_pickaxe":2,"minecraft:iron_ingot":4,"minecraft:cooked_chicken":1,"minecraft:prismarine_brick_slab":1,"minecraft:iron_sword":1,"minecraft:oak_planks":7,"minecraft:book":3,"minecraft:prismarine_brick_stairs":3,"minecraft:cooked_porkchop":8,"minecraft:pumpkin":3,"minecraft:chiseled_stone_bricks":1,"minecraft:quartz":7,"minecraft:sand":3,"minecraft:ink_sac":2,"minecraft:white_bed":2,"minecraft:acacia_stairs":1,"minecraft:dark_prismarine":5,"travelersbackpack:white_sleeping_bag":1,"travelersbackpack:standard":3,"minecraft:polished_andesite":1,"minecraft:white_candle":23,"minecraft:sugar":3,"minecraft:diamond":1,"minecraft:iron_helmet":2,"minecraft:cherry_sapling":5,"minecraft:bone_meal":1,"minecraft:gray_wool":1,"minecraft:emerald":24,"minecraft:bread":269,"minecraft:baked_potato":16,"minecraft:black_wool":2,"minecraft:dark_oak_fence":1,"minecraft:coal":44},"minecraft:killed":{"minecraft:vindicator":2,"minecraft:zombie_horse":1,"minecraft:pufferfish":1,"minecraft:horse":2,"minecraft:chicken":8,"minecraft:drowned":2,"minecraft:tropical_fish":1,"minecraft:pig":9,"minecraft:salmon":11,"minecraft:sheep":14,"minecraft:pillager":5,"minecraft:zombie":9,"minecraft:cow":16},"minecraft:custom":{"minecraft:interact_with_smithing_table":1,"minecraft:mob_kills":84,"minecraft:interact_with_crafting_table":8,"minecraft:open_barrel":4,"minecraft:interact_with_campfire":12,"minecraft:bell_ring":86,"minecraft:leave_game":7,"minecraft:time_since_death":201099,"minecraft:climb_one_cm":28396,"minecraft:sprint_one_cm":2189204,"minecraft:walk_one_cm":1176311,"minecraft:drop":407,"minecraft:play_noteblock":1,"minecraft:talked_to_villager":6,"minecraft:raid_win":1,"minecraft:play_time":516512,"minecraft:deaths":6,"minecraft:sneak_time":1434,"minecraft:walk_under_water_one_cm":83711,"minecraft:boat_one_cm":304180,"minecraft:jump":4471,"minecraft:walk_on_water_one_cm":126218,"minecraft:total_world_time":516512,"minecraft:interact_with_furnace":88,"minecraft:interact_with_loom":2,"minecraft:sleep_in_bed":28,"minecraft:time_since_rest":36629,"minecraft:damage_taken":3992,"minecraft:damage_dealt":10657,"minecraft:swim_one_cm":427378,"minecraft:fly_one_cm":604478,"minecraft:open_chest":132,"minecraft:crouch_one_cm":168,"minecraft:fall_one_cm":67812},"minecraft:killed_by":{"minecraft:creeper":1,"midnightlurker:void_hands":1,"minecraft:skeleton":1,"minecraft:zombie":1,"midnightlurker:midnight_lurker_unprovoked":2},"minecraft:broken":{"minecraft:wooden_shovel":3,"minecraft:stone_sword":1,"minecraft:wooden_pickaxe":1,"minecraft:stone_pickaxe":1,"minecraft:wooden_sword":1}},"DataVersion":3700}