{"stats":{"minecraft:broken":{"minecraft:wooden_axe":2},"minecraft:crafted":{"minecraft:white_dye":2,"minecraft:crafting_table":1,"minecraft:cooked_chicken":1,"minecraft:stone_pickaxe":2,"minecraft:furnace":1,"minecraft:birch_planks":8,"minecraft:cooked_mutton":3},"minecraft:used":{"minecraft:cooked_mutton":3,"minecraft:wooden_axe":142,"minecraft:stone_sword":64,"minecraft:stone_pickaxe":34,"minecraft:rotten_flesh":2,"minecraft:stone_axe":2,"minecraft:crafting_table":2,"minecraft:furnace":1},"minecraft:killed_by":{"minecraft:skeleton":1},"minecraft:killed":{"minecraft:zombie":2,"minecraft:pig":1,"minecraft:chicken":2,"minecraft:spider":2,"minecraft:drowned":1,"minecraft:cow":3},"minecraft:mined":{"minecraft:furnace":1,"minecraft:lily_of_the_valley":4,"minecraft:birch_log":153,"minecraft:stripped_birch_log":1,"minecraft:birch_leaves":9,"minecraft:crafting_table":2,"minecraft:short_grass":6,"minecraft:coal_ore":22,"minecraft:stone":3,"minecraft:sugar_cane":2,"minecraft:oak_leaves":4},"minecraft:picked_up":{"minecraft:wooden_axe":3,"minecraft:birch_log":242,"minecraft:crafting_table":3,"minecraft:stick":16,"minecraft:feather":4,"minecraft:chicken":3,"minecraft:leather":1,"minecraft:birch_planks":4,"minecraft:porkchop":4,"minecraft:white_dye":1,"minecraft:lily_of_the_valley":5,"minecraft:string":3,"minecraft:dirt":16,"minecraft:stripped_birch_log":2,"minecraft:wooden_sword":2,"minecraft:cooked_mutton":1,"minecraft:stone_sword":2,"minecraft:rotten_flesh":14,"minecraft:stone_axe":2,"minecraft:beef":4,"minecraft:cooked_chicken":2,"minecraft:egg":2,"minecraft:sugar_cane":4,"minecraft:birch_sapling":2,"minecraft:coal":25,"minecraft:white_wool":2,"minecraft:cobblestone":19,"minecraft:furnace":1},"minecraft:dropped":{"minecraft:dirt":16,"minecraft:birch_sapling":2,"minecraft:white_dye":3,"minecraft:lily_of_the_valley":3},"minecraft:custom":{"minecraft:time_since_rest":15088,"minecraft:interact_with_furnace":2,"minecraft:sprint_one_cm":99607,"minecraft:damage_taken":369,"minecraft:walk_one_cm":186307,"minecraft:mob_kills":11,"minecraft:drop":24,"minecraft:damage_dealt":1520,"minecraft:interact_with_crafting_table":3,"minecraft:fly_one_cm":12390,"minecraft:crouch_one_cm":387,"minecraft:play_time":44726,"minecraft:deaths":1,"minecraft:sneak_time":112,"minecraft:walk_under_water_one_cm":3648,"minecraft:jump":304,"minecraft:walk_on_water_one_cm":3308,"minecraft:time_since_death":15052,"minecraft:total_world_time":44726,"minecraft:fall_one_cm":4312}},"DataVersion":3700}