{"stats":{"minecraft:broken":{"minecraft:stone_axe":1,"minecraft:wooden_axe":2},"minecraft:crafted":{"minecraft:cooked_porkchop":12,"minecraft:crafting_table":1,"minecraft:cooked_chicken":2,"minecraft:furnace":1,"minecraft:birch_planks":8,"minecraft:stone_axe":1,"minecraft:cooked_mutton":8,"minecraft:white_dye":2,"minecraft:stone_pickaxe":2},"minecraft:used":{"minecraft:cooked_mutton":4,"minecraft:stone_sword":94,"minecraft:stone_pickaxe":55,"minecraft:cooked_chicken":4,"minecraft:rotten_flesh":3,"minecraft:crafting_table":5,"minecraft:white_bed":1,"minecraft:wooden_axe":142,"minecraft:stone_axe":167,"minecraft:furnace":2,"minecraft:egg":3},"minecraft:killed_by":{"minecraft:skeleton":1},"minecraft:killed":{"minecraft:pig":1,"minecraft:salmon":2,"minecraft:spider":2,"minecraft:sheep":1,"minecraft:zombie":3,"minecraft:chicken":4,"minecraft:drowned":1,"minecraft:cow":4},"minecraft:mined":{"minecraft:white_bed":1,"minecraft:dark_oak_leaves":2,"minecraft:lily_of_the_valley":4,"minecraft:stripped_birch_log":1,"minecraft:dark_oak_log":128,"minecraft:crafting_table":5,"minecraft:short_grass":27,"minecraft:grass_block":5,"minecraft:sugar_cane":6,"minecraft:furnace":2,"minecraft:birch_log":153,"minecraft:birch_leaves":10,"minecraft:pumpkin":12,"minecraft:coal_ore":40,"minecraft:stone":3,"minecraft:oak_leaves":4},"minecraft:picked_up":{"minecraft:wooden_axe":3,"minecraft:birch_log":242,"minecraft:crafting_table":6,"minecraft:feather":11,"minecraft:chicken":7,"minecraft:salmon":4,"minecraft:leather":4,"minecraft:birch_planks":4,"minecraft:shield":1,"minecraft:stripped_birch_log":2,"minecraft:dirt":21,"minecraft:string":3,"minecraft:wooden_sword":2,"minecraft:cooked_mutton":1,"minecraft:wheat_seeds":2,"minecraft:beef":13,"minecraft:cooked_chicken":4,"minecraft:sugar_cane":12,"minecraft:birch_sapling":2,"minecraft:iron_sword":1,"minecraft:furnace":2,"minecraft:egg":3,"minecraft:stick":17,"minecraft:pumpkin":16,"minecraft:white_dye":1,"minecraft:porkchop":4,"minecraft:sand":3,"minecraft:white_bed":2,"minecraft:lily_of_the_valley":5,"minecraft:dark_oak_log":126,"minecraft:stone_sword":2,"minecraft:rotten_flesh":14,"minecraft:stone_axe":2,"minecraft:mutton":1,"minecraft:coal":60,"minecraft:white_wool":3,"minecraft:cobblestone":19},"minecraft:dropped":{"minecraft:birch_sapling":2,"minecraft:feather":11,"minecraft:leather":4,"minecraft:lily_of_the_valley":3,"minecraft:dirt":21,"minecraft:white_dye":3,"minecraft:arrow":1,"minecraft:white_wool":2},"minecraft:custom":{"minecraft:interact_with_furnace":26,"minecraft:mob_kills":18,"minecraft:interact_with_crafting_table":5,"minecraft:time_since_death":51052,"minecraft:sleep_in_bed":1,"minecraft:time_since_rest":10715,"minecraft:sprint_one_cm":215922,"minecraft:damage_taken":554,"minecraft:walk_one_cm":287089,"minecraft:drop":47,"minecraft:damage_dealt":2218,"minecraft:swim_one_cm":6784,"minecraft:fly_one_cm":26041,"minecraft:crouch_one_cm":387,"minecraft:play_time":80726,"minecraft:deaths":1,"minecraft:sneak_time":210,"minecraft:walk_under_water_one_cm":17953,"minecraft:jump":559,"minecraft:walk_on_water_one_cm":12505,"minecraft:total_world_time":80726,"minecraft:fall_one_cm":8164}},"DataVersion":3700}