{"stats":{"minecraft:picked_up":{"minecraft:cocoa_beans":17,"minecraft:charcoal":32,"minecraft:crafting_table":5,"minecraft:coarse_dirt":1,"minecraft:chicken":9,"minecraft:wooden_pickaxe":1,"minecraft:shield":1,"minecraft:brick":72,"minecraft:iron_axe":1,"minecraft:string":5,"minecraft:red_bed":16,"minecraft:moss_carpet":1,"minecraft:raw_copper":12,"minecraft:cooked_salmon":10,"minecraft:wooden_sword":1,"minecraft:smooth_stone_slab":5,"minecraft:pufferfish":1,"minecraft:cracked_stone_bricks":1,"minecraft:cobbled_deepslate":1,"minecraft:beef":41,"minecraft:wooden_shovel":7,"minecraft:poppy":1,"minecraft:melon_slice":60,"minecraft:sugar_cane":40,"minecraft:coal_block":4,"minecraft:birch_sapling":3,"minecraft:furnace":19,"minecraft:egg":1,"minecraft:stick":6,"minecraft:raw_iron":5,"minecraft:copper_ingot":1,"minecraft:torch":40,"minecraft:note_block":3,"minecraft:porkchop":13,"minecraft:carrot":45,"minecraft:redstone":6,"minecraft:stone_sword":1,"minecraft:arrow":11,"minecraft:honey_bottle":3,"minecraft:rotten_flesh":8,"minecraft:decorated_pot":7,"minecraft:hay_block":15,"minecraft:red_tulip":1,"minecraft:saddle":2,"minecraft:gold_ingot":5,"minecraft:mutton":21,"minecraft:white_wool":40,"minecraft:cobblestone":91,"minecraft:birch_log":42,"minecraft:pink_petals":315,"minecraft:feather":10,"minecraft:cooked_beef":35,"minecraft:water_bucket":1,"minecraft:andesite":5,"minecraft:salmon":17,"minecraft:leather":28,"minecraft:golden_leggings":1,"minecraft:potato":11,"minecraft:birch_planks":16,"minecraft:gunpowder":5,"minecraft:lapis_lazuli":3,"minecraft:dirt":255,"minecraft:lantern":69,"minecraft:white_banner":1,"minecraft:cooked_mutton":16,"travelersbackpack:backpack_tank":1,"minecraft:apple":30,"minecraft:stone_bricks":15,"travelersbackpack:cake":1,"minecraft:wheat_seeds":12,"minecraft:orange_tulip":1,"minecraft:raw_gold":3,"minecraft:iron_ingot":4,"minecraft:stone_pickaxe":2,"minecraft:cooked_chicken":1,"minecraft:book":3,"minecraft:cooked_porkchop":8,"minecraft:pumpkin":3,"minecraft:quartz":7,"minecraft:ink_sac":2,"minecraft:white_bed":2,"travelersbackpack:white_sleeping_bag":1,"travelersbackpack:standard":2,"minecraft:polished_andesite":1,"minecraft:sugar":2,"minecraft:diamond":1,"minecraft:iron_helmet":1,"minecraft:cherry_sapling":5,"minecraft:bone_meal":1,"minecraft:emerald":14,"minecraft:bread":143,"minecraft:baked_potato":15,"minecraft:black_wool":2,"minecraft:dark_oak_fence":1,"minecraft:coal":22},"minecraft:dropped":{"minecraft:bread":22,"minecraft:iron_ingot":9,"minecraft:wheat_seeds":10,"minecraft:crafting_table":1,"minecraft:book":3,"minecraft:feather":8,"minecraft:orange_tulip":1,"minecraft:lantern":1,"minecraft:leather":17,"minecraft:saddle":2,"travelersbackpack:standard":2,"minecraft:coal":23,"minecraft:pufferfish":1,"minecraft:dirt":60,"minecraft:ink_sac":2,"minecraft:dark_oak_fence":1,"minecraft:torch":20,"minecraft:pumpkin":3,"minecraft:iron_axe":1,"minecraft:string":4,"minecraft:birch_log":18,"travelersbackpack:backpack_tank":1,"minecraft:pink_petals":25,"minecraft:white_wool":32,"minecraft:gold_ingot":12,"minecraft:note_block":2,"minecraft:raw_iron":8,"minecraft:white_bed":1,"minecraft:hay_block":8,"travelersbackpack:white_sleeping_bag":1,"minecraft:charcoal":32,"minecraft:wooden_shovel":3,"minecraft:arrow":11,"minecraft:beef":3,"minecraft:raw_gold":10,"minecraft:red_tulip":1,"minecraft:brick":4},"minecraft:killed_by":{"minecraft:creeper":1,"midnightlurker:void_hands":1,"minecraft:skeleton":1,"midnightlurker:midnight_lurker_unprovoked":1},"minecraft:crafted":{"minecraft:cooked_chicken":9,"minecraft:furnace":4,"minecraft:cooked_mutton":19,"minecraft:cooked_porkchop":8,"minecraft:crafting_table":1,"minecraft:birch_planks":24,"minecraft:stick":4,"minecraft:gold_ingot":7},"minecraft:used":{"minecraft:beetroot":4,"minecraft:moss_carpet":1,"minecraft:stone_sword":195,"minecraft:poppy":1,"minecraft:decorated_pot":4,"minecraft:iron_sword":26,"minecraft:wooden_shovel":181,"minecraft:cooked_salmon":10,"minecraft:cooked_chicken":1,"minecraft:rotten_flesh":1,"minecraft:dirt":182,"minecraft:mutton":5,"minecraft:birch_sapling":3,"minecraft:beef":1,"minecraft:furnace":13,"minecraft:egg":1,"travelersbackpack:cake":1,"minecraft:stone_pickaxe":137,"minecraft:polished_andesite":1,"minecraft:baked_potato":9,"minecraft:wooden_pickaxe":62,"minecraft:cracked_stone_bricks":1,"minecraft:salmon":7,"minecraft:crafting_table":4,"minecraft:red_bed":15,"minecraft:white_bed":1,"minecraft:black_wool":2,"minecraft:firework_rocket":2,"minecraft:bread":32,"minecraft:chicken":3,"minecraft:iron_pickaxe":8,"minecraft:pink_petals":98,"minecraft:wooden_sword":81,"travelersbackpack:standard":1,"minecraft:porkchop":5,"minecraft:birch_log":4,"minecraft:andesite":5,"minecraft:coarse_dirt":1},"minecraft:killed":{"minecraft:vindicator":1,"minecraft:pufferfish":1,"minecraft:horse":2,"minecraft:chicken":6,"minecraft:pig":6,"minecraft:salmon":11,"minecraft:sheep":12,"minecraft:pillager":4,"minecraft:zombie":9,"minecraft:cow":14},"minecraft:broken":{"minecraft:wooden_shovel":3,"minecraft:stone_sword":1,"minecraft:wooden_pickaxe":1,"minecraft:stone_pickaxe":1,"minecraft:wooden_sword":1},"minecraft:mined":{"minecraft:white_bed":1,"minecraft:cherry_log":1,"minecraft:dark_oak_fence":2,"minecraft:grass_block":139,"minecraft:decorated_pot":19,"minecraft:coal_block":3,"minecraft:tall_seagrass":1,"minecraft:furnace":11,"minecraft:barrel":1,"minecraft:iron_ore":1,"minecraft:andesite":5,"minecraft:moss_carpet":1,"minecraft:pumpkin":3,"minecraft:red_tulip":1,"minecraft:vine":20,"minecraft:lantern":68,"minecraft:stone":43,"minecraft:red_bed":15,"minecraft:dandelion":2,"minecraft:note_block":1,"minecraft:crafting_table":2,"minecraft:cornflower":1,"minecraft:short_grass":79,"minecraft:poppy":1,"minecraft:melon":9,"minecraft:tall_grass":14,"minecraft:cobblestone":39,"minecraft:sugar_cane":18,"minecraft:pink_petals":103,"minecraft:seagrass":3,"minecraft:coarse_dirt":1,"minecraft:birch_log":38,"minecraft:wheat":1,"minecraft:birch_leaves":5,"minecraft:cocoa":5,"minecraft:cherry_leaves":40,"minecraft:gravel":2,"minecraft:dirt":131,"minecraft:lodestone":1,"minecraft:polished_andesite":1,"minecraft:oak_leaves":44,"minecraft:deepslate":2,"minecraft:fern":5},"minecraft:custom":{"minecraft:interact_with_smithing_table":1,"minecraft:mob_kills":67,"minecraft:open_barrel":2,"minecraft:interact_with_crafting_table":6,"minecraft:interact_with_campfire":12,"minecraft:bell_ring":49,"minecraft:leave_game":5,"minecraft:time_since_death":1368,"minecraft:climb_one_cm":12910,"minecraft:sprint_one_cm":1128565,"minecraft:walk_one_cm":765517,"minecraft:drop":144,"minecraft:play_noteblock":1,"minecraft:talked_to_villager":1,"minecraft:raid_win":1,"minecraft:play_time":294959,"minecraft:deaths":4,"minecraft:sneak_time":266,"minecraft:walk_under_water_one_cm":31187,"minecraft:jump":2713,"minecraft:walk_on_water_one_cm":69964,"minecraft:total_world_time":294959,"minecraft:interact_with_furnace":49,"minecraft:interact_with_loom":1,"minecraft:sleep_in_bed":15,"minecraft:time_since_rest":1403,"minecraft:damage_taken":2540,"minecraft:damage_dealt":7696,"minecraft:swim_one_cm":128044,"minecraft:fly_one_cm":332105,"minecraft:open_chest":70,"minecraft:fall_one_cm":44931}},"DataVersion":3700}