{"stats":{"minecraft:broken":{"minecraft:stone_sword":1,"minecraft:stone_axe":1,"minecraft:wooden_axe":2},"minecraft:killed_by":{"minecraft:skeleton":1},"minecraft:mined":{"minecraft:white_bed":9,"minecraft:dark_oak_leaves":2,"minecraft:lily_of_the_valley":4,"minecraft:dark_oak_log":128,"minecraft:stripped_birch_log":1,"minecraft:dandelion":1,"minecraft:crafting_table":7,"minecraft:torch":2,"minecraft:short_grass":66,"minecraft:grass_block":7,"minecraft:tall_grass":5,"minecraft:sugar_cane":16,"minecraft:furnace":3,"minecraft:carrots":14,"minecraft:birch_log":153,"minecraft:wheat":16,"minecraft:birch_leaves":10,"minecraft:pumpkin":12,"minecraft:orange_tulip":1,"minecraft:azure_bluet":2,"minecraft:beetroots":1,"minecraft:red_tulip":51,"minecraft:potatoes":2,"minecraft:coal_ore":66,"minecraft:water_cauldron":7,"minecraft:sunflower":1,"minecraft:dirt":1,"minecraft:stone":7,"minecraft:oak_leaves":4},"minecraft:picked_up":{"minecraft:wooden_axe":3,"minecraft:birch_log":242,"minecraft:seagrass":1,"minecraft:crafting_table":8,"minecraft:wheat":3,"minecraft:azure_bluet":2,"minecraft:feather":13,"minecraft:chicken":8,"minecraft:salmon":5,"minecraft:leather":9,"minecraft:potato":2,"minecraft:birch_planks":223,"minecraft:shield":1,"minecraft:dirt":25,"minecraft:stripped_birch_log":2,"minecraft:string":3,"minecraft:wooden_sword":2,"minecraft:cooked_mutton":1,"minecraft:bone":5,"minecraft:beetroot":1,"minecraft:orange_tulip":1,"minecraft:wheat_seeds":30,"minecraft:beef":27,"minecraft:cooked_chicken":4,"minecraft:sugar_cane":29,"minecraft:birch_sapling":2,"minecraft:iron_sword":2,"minecraft:furnace":3,"minecraft:egg":3,"minecraft:stick":17,"minecraft:pumpkin":16,"minecraft:torch":2,"minecraft:dandelion":3,"minecraft:porkchop":33,"minecraft:white_dye":1,"minecraft:sand":3,"minecraft:white_bed":15,"minecraft:carrot":21,"minecraft:lily_of_the_valley":5,"minecraft:rabbit_foot":1,"minecraft:dark_oak_log":126,"minecraft:cauldron":7,"minecraft:stone_sword":2,"minecraft:rotten_flesh":16,"minecraft:beetroot_seeds":3,"minecraft:stone_axe":2,"minecraft:red_tulip":49,"minecraft:gray_wool":1,"minecraft:mutton":12,"minecraft:coal":115,"minecraft:white_wool":8,"minecraft:cobblestone":23,"minecraft:sunflower":1},"minecraft:killed":{"minecraft:pig":16,"minecraft:salmon":3,"minecraft:spider":2,"minecraft:horse":2,"minecraft:sheep":5,"minecraft:skeleton":1,"minecraft:zombie":6,"minecraft:chicken":5,"minecraft:drowned":1,"minecraft:turtle":2,"minecraft:cow":10},"minecraft:used":{"minecraft:cooked_mutton":8,"minecraft:stone_sword":152,"minecraft:stone_pickaxe":93,"minecraft:orange_tulip":1,"minecraft:iron_sword":249,"minecraft:cooked_chicken":5,"minecraft:rotten_flesh":3,"minecraft:torch":1,"minecraft:dirt":3,"minecraft:crafting_table":7,"minecraft:white_bed":12,"minecraft:azure_bluet":1,"minecraft:wooden_axe":142,"minecraft:sunflower":1,"minecraft:stone_axe":200,"minecraft:cobblestone":3,"minecraft:furnace":3,"minecraft:cooked_porkchop":4,"minecraft:egg":3,"minecraft:cooked_beef":3},"minecraft:crafted":{"minecraft:cooked_beef":10,"minecraft:cooked_porkchop":35,"minecraft:crafting_table":1,"minecraft:baked_potato":2,"minecraft:cooked_chicken":3,"minecraft:furnace":1,"minecraft:birch_planks":8,"minecraft:stone_axe":1,"minecraft:cooked_mutton":11,"minecraft:white_dye":2,"minecraft:stone_pickaxe":2},"minecraft:custom":{"minecraft:interact_with_smithing_table":1,"minecraft:interact_with_furnace":69,"minecraft:mob_kills":55,"minecraft:interact_with_crafting_table":7,"minecraft:bell_ring":29,"minecraft:interact_with_stonecutter":1,"minecraft:leave_game":1,"minecraft:time_since_death":158806,"minecraft:sleep_in_bed":10,"minecraft:climb_one_cm":2458,"minecraft:time_since_rest":6957,"minecraft:sprint_one_cm":861707,"minecraft:damage_taken":750,"minecraft:walk_one_cm":726923,"minecraft:drop":75,"minecraft:damage_dealt":7317,"minecraft:swim_one_cm":29783,"minecraft:talked_to_villager":2,"minecraft:fly_one_cm":109925,"minecraft:open_chest":6,"minecraft:crouch_one_cm":6936,"minecraft:play_time":188480,"minecraft:sneak_time":1419,"minecraft:deaths":1,"minecraft:walk_under_water_one_cm":34837,"minecraft:jump":1551,"minecraft:walk_on_water_one_cm":28728,"minecraft:total_world_time":188480,"minecraft:fall_one_cm":18892,"minecraft:horse_one_cm":2694},"minecraft:dropped":{"minecraft:iron_sword":1,"minecraft:birch_planks":1,"minecraft:beetroot":1,"minecraft:birch_sapling":2,"minecraft:wheat":3,"minecraft:rotten_flesh":2,"minecraft:feather":13,"minecraft:leather":9,"minecraft:white_bed":2,"minecraft:azure_bluet":1,"minecraft:rabbit_foot":1,"minecraft:lily_of_the_valley":3,"minecraft:dirt":21,"minecraft:gray_wool":1,"minecraft:seagrass":1,"minecraft:white_dye":3,"minecraft:arrow":1,"minecraft:white_wool":2,"minecraft:bone":4,"minecraft:dandelion":3}},"DataVersion":3700}