{"stats":{"minecraft:broken":{"minecraft:wooden_axe":2},"minecraft:crafted":{"minecraft:birch_planks":8,"minecraft:white_dye":2,"minecraft:crafting_table":1},"minecraft:used":{"minecraft:rotten_flesh":1,"minecraft:wooden_axe":142,"minecraft:stone_sword":7},"minecraft:killed":{"minecraft:pig":1,"minecraft:zombie":2},"minecraft:mined":{"minecraft:short_grass":4,"minecraft:birch_log":153,"minecraft:lily_of_the_valley":4,"minecraft:stripped_birch_log":1,"minecraft:birch_leaves":9},"minecraft:picked_up":{"minecraft:wooden_axe":3,"minecraft:wooden_sword":1,"minecraft:stick":8,"minecraft:stone_sword":1,"minecraft:rotten_flesh":4,"minecraft:stone_axe":1,"minecraft:porkchop":4,"minecraft:white_dye":1,"minecraft:lily_of_the_valley":5,"minecraft:white_wool":1,"minecraft:birch_sapling":2,"minecraft:stripped_birch_log":1,"minecraft:dirt":16,"minecraft:birch_log":154},"minecraft:dropped":{"minecraft:dirt":16,"minecraft:white_dye":3,"minecraft:birch_sapling":2,"minecraft:lily_of_the_valley":3},"minecraft:custom":{"minecraft:time_since_rest":20726,"minecraft:crouch_one_cm":255,"minecraft:sprint_one_cm":15487,"minecraft:play_time":20726,"minecraft:damage_taken":254,"minecraft:walk_one_cm":97642,"minecraft:sneak_time":51,"minecraft:mob_kills":3,"minecraft:drop":24,"minecraft:jump":64,"minecraft:damage_dealt":429,"minecraft:time_since_death":20726,"minecraft:total_world_time":20726,"minecraft:fall_one_cm":1231,"minecraft:fly_one_cm":733}},"DataVersion":3700}