{"stats":{"minecraft:broken":{"minecraft:wooden_pickaxe":1},"minecraft:dropped":{"minecraft:wheat_seeds":2,"minecraft:feather":2,"minecraft:lantern":1,"minecraft:leather":5,"minecraft:ink_sac":2,"minecraft:dark_oak_fence":1,"minecraft:arrow":3,"minecraft:white_wool":2,"minecraft:brick":4},"minecraft:used":{"minecraft:stone_sword":16,"minecraft:polished_andesite":1,"minecraft:wooden_pickaxe":62,"minecraft:cooked_salmon":1,"minecraft:rotten_flesh":1,"minecraft:cooked_chicken":1,"minecraft:salmon":5,"minecraft:dirt":2,"minecraft:mutton":5,"minecraft:red_bed":1,"minecraft:white_bed":1,"minecraft:chicken":3,"minecraft:bread":7,"minecraft:birch_sapling":3,"minecraft:wooden_sword":38,"minecraft:porkchop":5,"minecraft:birch_log":2,"minecraft:coarse_dirt":1},"minecraft:picked_up":{"minecraft:birch_log":37,"minecraft:coarse_dirt":1,"minecraft:feather":2,"minecraft:chicken":7,"minecraft:salmon":15,"minecraft:leather":5,"minecraft:wooden_pickaxe":1,"minecraft:brick":4,"minecraft:red_bed":2,"minecraft:lantern":20,"minecraft:dirt":2,"minecraft:cooked_salmon":10,"minecraft:wooden_sword":1,"minecraft:cooked_mutton":4,"minecraft:wheat_seeds":3,"minecraft:beef":6,"minecraft:cooked_chicken":1,"minecraft:sugar_cane":36,"minecraft:birch_sapling":3,"minecraft:porkchop":5,"minecraft:ink_sac":2,"minecraft:white_bed":1,"minecraft:polished_andesite":1,"minecraft:stone_sword":1,"minecraft:arrow":3,"minecraft:rotten_flesh":1,"minecraft:bread":32,"minecraft:dark_oak_fence":1,"minecraft:mutton":5,"minecraft:white_wool":3,"minecraft:cobblestone":37},"minecraft:mined":{"minecraft:white_bed":1,"minecraft:red_bed":2,"minecraft:dark_oak_fence":2,"minecraft:short_grass":7,"minecraft:grass_block":2,"minecraft:decorated_pot":1,"minecraft:tall_grass":1,"minecraft:cobblestone":34,"minecraft:sugar_cane":17,"minecraft:seagrass":3,"minecraft:tall_seagrass":1,"minecraft:coarse_dirt":1,"minecraft:birch_log":36,"minecraft:birch_leaves":5,"minecraft:lantern":20,"minecraft:dirt":1,"minecraft:lodestone":1,"minecraft:polished_andesite":1},"minecraft:killed_by":{"minecraft:skeleton":1,"minecraft:creeper":1},"minecraft:killed":{"minecraft:pig":2,"minecraft:salmon":11,"minecraft:sheep":3,"minecraft:zombie":1,"minecraft:chicken":4,"minecraft:cow":4},"minecraft:custom":{"minecraft:mob_kills":25,"minecraft:interact_with_campfire":12,"minecraft:leave_game":2,"minecraft:time_since_death":53858,"minecraft:sleep_in_bed":2,"minecraft:time_since_rest":3228,"minecraft:sprint_one_cm":288629,"minecraft:damage_taken":990,"minecraft:walk_one_cm":246640,"minecraft:drop":11,"minecraft:damage_dealt":1992,"minecraft:swim_one_cm":53157,"minecraft:talked_to_villager":1,"minecraft:fly_one_cm":70087,"minecraft:open_chest":5,"minecraft:play_time":69333,"minecraft:deaths":2,"minecraft:sneak_time":25,"minecraft:walk_under_water_one_cm":19286,"minecraft:jump":592,"minecraft:walk_on_water_one_cm":33806,"minecraft:total_world_time":69333,"minecraft:fall_one_cm":9762},"minecraft:crafted":{"minecraft:crafting_table":1,"minecraft:birch_planks":8,"minecraft:stick":4}},"DataVersion":3700}