{"stats":{"minecraft:dropped":{"minecraft:cooked_chicken":2,"minecraft:cooked_beef":5,"minecraft:stone_sword":1,"minecraft:crafting_table":1,"minecraft:cooked_porkchop":25,"minecraft:feather":6,"minecraft:leather":1,"minecraft:rabbit_foot":4,"minecraft:rabbit_hide":8,"minecraft:rabbit":1,"minecraft:spider_eye":3,"minecraft:golden_hoe":1,"minecraft:string":8,"minecraft:white_wool":3,"minecraft:blue_bed":1,"minecraft:black_wool":1},"minecraft:broken":{"minecraft:stone_sword":1},"minecraft:picked_up":{"minecraft:crafting_table":5,"minecraft:feather":9,"minecraft:chicken":9,"minecraft:leather":7,"minecraft:golden_leggings":1,"minecraft:dirt":1,"minecraft:string":8,"minecraft:blue_bed":3,"minecraft:red_bed":7,"minecraft:lantern":20,"minecraft:cooked_salmon":4,"minecraft:spruce_planks":14,"minecraft:rabbit_hide":10,"minecraft:beef":7,"minecraft:cooked_chicken":5,"minecraft:stone_pickaxe":1,"minecraft:azalea":1,"minecraft:poppy":1,"minecraft:rabbit":15,"minecraft:melon_slice":10,"minecraft:sugar_cane":35,"minecraft:flowering_azalea":2,"minecraft:iron_sword":1,"minecraft:furnace":6,"minecraft:golden_helmet":1,"minecraft:stick":2,"minecraft:cooked_porkchop":9,"minecraft:sweet_berries":30,"minecraft:dandelion":1,"minecraft:porkchop":19,"minecraft:spruce_sapling":2,"minecraft:spruce_log":68,"minecraft:white_bed":2,"minecraft:spider_eye":5,"minecraft:rabbit_foot":4,"minecraft:stone_sword":3,"minecraft:rotten_flesh":6,"minecraft:golden_hoe":1,"minecraft:black_wool":1,"minecraft:mutton":9,"minecraft:coal":57,"minecraft:white_wool":6,"minecraft:cobblestone":14},"minecraft:crafted":{"minecraft:cooked_beef":5,"minecraft:wooden_sword":1,"minecraft:cooked_porkchop":25,"minecraft:crafting_table":2,"minecraft:spruce_planks":58,"minecraft:cooked_chicken":9,"minecraft:baked_potato":14,"minecraft:furnace":1,"minecraft:cooked_mutton":18,"minecraft:spruce_wood":6,"minecraft:stick":8,"minecraft:wooden_axe":3,"minecraft:cooked_rabbit":6},"minecraft:mined":{"minecraft:white_bed":2,"minecraft:red_bed":7,"minecraft:dandelion":1,"minecraft:crafting_table":3,"minecraft:short_grass":3,"minecraft:poppy":1,"minecraft:melon":2,"minecraft:spruce_leaves":21,"minecraft:sugar_cane":12,"minecraft:blue_bed":2,"minecraft:large_fern":3,"minecraft:furnace":1,"minecraft:sweet_berry_bush":10,"minecraft:ice":10,"minecraft:spruce_log":43,"minecraft:birch_leaves":1,"minecraft:coal_ore":31,"minecraft:flowering_azalea_leaves":26,"minecraft:lantern":19,"minecraft:azalea_leaves":7,"minecraft:stone":14,"minecraft:fern":1},"minecraft:killed":{"minecraft:pig":7,"minecraft:zombie_villager":1,"minecraft:rabbit":13,"minecraft:spider":4,"minecraft:squid":1,"minecraft:sheep":6,"minecraft:horse":1,"minecraft:chicken":8,"minecraft:cow":3},"minecraft:used":{"minecraft:stone_sword":125,"minecraft:rabbit":7,"minecraft:stone_pickaxe":68,"minecraft:poppy":1,"minecraft:iron_sword":45,"minecraft:cooked_salmon":4,"minecraft:blue_bed":2,"minecraft:cooked_chicken":7,"minecraft:rotten_flesh":5,"minecraft:white_wool":2,"minecraft:crafting_table":4,"minecraft:red_bed":6,"minecraft:white_bed":2,"minecraft:wooden_axe":38,"minecraft:spruce_wood":6,"minecraft:bread":9,"minecraft:cobblestone":5,"minecraft:furnace":4,"minecraft:cooked_rabbit":6,"minecraft:dandelion":1},"minecraft:custom":{"minecraft:interact_with_furnace":65,"minecraft:mob_kills":46,"minecraft:interact_with_crafting_table":11,"minecraft:bell_ring":2,"minecraft:leave_game":1,"minecraft:time_since_death":113041,"minecraft:sleep_in_bed":8,"minecraft:climb_one_cm":81,"minecraft:time_since_rest":2293,"minecraft:sprint_one_cm":942016,"minecraft:damage_taken":1311,"minecraft:walk_one_cm":364849,"minecraft:drop":65,"minecraft:damage_dealt":3574,"minecraft:swim_one_cm":50825,"minecraft:fly_one_cm":366415,"minecraft:open_chest":11,"minecraft:play_time":140971,"minecraft:deaths":3,"minecraft:walk_under_water_one_cm":6007,"minecraft:jump":2264,"minecraft:walk_on_water_one_cm":14558,"minecraft:total_world_time":140971,"minecraft:fall_one_cm":50679},"minecraft:killed_by":{"minecraft:stray":1,"minecraft:creeper":1,"minecraft:zombie":1}},"DataVersion":3700}