{"stats":{"minecraft:dropped":{"minecraft:iron_ingot":1,"minecraft:wheat_seeds":1,"minecraft:cooked_beef":5,"minecraft:crafting_table":1,"minecraft:cooked_porkchop":25,"minecraft:cobblestone":2,"minecraft:feather":8,"minecraft:leather":2,"minecraft:tropical_fish":2,"travelersbackpack:standard":1,"minecraft:emerald":4,"minecraft:wooden_axe":1,"minecraft:rabbit":1,"minecraft:golden_hoe":1,"minecraft:string":8,"minecraft:white_wool":14,"minecraft:blue_bed":3,"minecraft:sugar_cane":1,"minecraft:cooked_chicken":2,"minecraft:stone_sword":1,"minecraft:bowl":1,"minecraft:light_gray_wool":3,"minecraft:cooked_mutton":47,"minecraft:rabbit_foot":4,"minecraft:rabbit_hide":8,"minecraft:flower_pot":1,"minecraft:azalea":1,"minecraft:spider_eye":3,"minecraft:spruce_log":13,"minecraft:black_wool":1},"minecraft:broken":{"minecraft:stone_sword":1,"minecraft:stone_pickaxe":1},"minecraft:custom":{"minecraft:interact_with_smithing_table":1,"minecraft:mob_kills":91,"minecraft:interact_with_crafting_table":15,"minecraft:open_barrel":35,"minecraft:bell_ring":18,"minecraft:leave_game":5,"minecraft:time_since_death":220955,"minecraft:climb_one_cm":3355,"minecraft:sprint_one_cm":1282514,"minecraft:walk_one_cm":586872,"minecraft:drop":113,"minecraft:play_time":248885,"minecraft:deaths":3,"minecraft:sneak_time":205,"minecraft:walk_under_water_one_cm":16742,"minecraft:boat_one_cm":250316,"minecraft:jump":3256,"minecraft:walk_on_water_one_cm":35566,"minecraft:total_world_time":248885,"minecraft:interact_with_furnace":125,"minecraft:sleep_in_bed":14,"minecraft:time_since_rest":48916,"minecraft:damage_taken":1641,"minecraft:damage_dealt":8088,"minecraft:swim_one_cm":72039,"minecraft:fly_one_cm":517590,"minecraft:open_chest":40,"minecraft:crouch_one_cm":125,"minecraft:interact_with_smoker":2,"minecraft:fall_one_cm":75386},"minecraft:crafted":{"minecraft:wooden_sword":1,"minecraft:cooked_chicken":9,"minecraft:furnace":1,"minecraft:cooked_mutton":67,"minecraft:spruce_wood":6,"minecraft:stone_pickaxe":2,"minecraft:cooked_rabbit":6,"minecraft:cooked_beef":14,"minecraft:cooked_porkchop":40,"minecraft:crafting_table":2,"minecraft:spruce_planks":78,"minecraft:baked_potato":14,"minecraft:air":0,"minecraft:stick":12,"minecraft:iron_ingot":1,"minecraft:wooden_axe":3},"minecraft:mined":{"minecraft:dark_oak_planks":2,"minecraft:spruce_planks":3,"minecraft:white_bed":2,"minecraft:candle":2,"minecraft:potted_azalea_bush":1,"minecraft:spruce_leaves":21,"minecraft:large_fern":3,"minecraft:furnace":4,"minecraft:dark_oak_stairs":2,"minecraft:deepslate_iron_ore":7,"minecraft:flowering_azalea_leaves":26,"minecraft:iron_bars":2,"minecraft:lantern":26,"minecraft:azalea_leaves":7,"minecraft:bamboo":3,"minecraft:stone":28,"minecraft:cake":1,"minecraft:red_bed":11,"minecraft:medium_amethyst_bud":1,"minecraft:dandelion":1,"travelersbackpack:standard":1,"minecraft:crafting_table":3,"minecraft:short_grass":13,"minecraft:honey_block":1,"minecraft:poppy":1,"minecraft:melon":9,"minecraft:tall_grass":2,"minecraft:dried_kelp_block":18,"minecraft:sugar_cane":15,"minecraft:oak_planks":1,"minecraft:blue_bed":2,"minecraft:skeleton_skull":1,"minecraft:dark_oak_slab":2,"minecraft:sweet_berry_bush":10,"minecraft:ice":10,"minecraft:spruce_log":43,"minecraft:jukebox":1,"minecraft:birch_leaves":1,"minecraft:white_wall_banner":1,"minecraft:coal_ore":79,"minecraft:cocoa":5,"minecraft:tripwire_hook":1,"minecraft:fern":1,"minecraft:gray_candle":1},"minecraft:picked_up":{"minecraft:wooden_axe":1,"minecraft:cocoa_beans":12,"minecraft:crafting_table":6,"minecraft:chicken":10,"minecraft:flower_pot":1,"minecraft:shield":1,"minecraft:string":8,"minecraft:red_bed":13,"minecraft:cooked_salmon":4,"minecraft:candle":7,"minecraft:spruce_planks":30,"minecraft:beef":16,"minecraft:azalea":3,"minecraft:poppy":1,"minecraft:light_gray_wool":3,"minecraft:melon_slice":46,"minecraft:sugar_cane":65,"minecraft:furnace":9,"minecraft:golden_helmet":1,"minecraft:stick":2,"minecraft:raw_iron":8,"minecraft:jukebox":1,"minecraft:torch":1,"minecraft:porkchop":51,"minecraft:rabbit_foot":4,"minecraft:dark_oak_planks":2,"minecraft:stone_sword":3,"minecraft:rotten_flesh":6,"minecraft:tropical_fish":2,"minecraft:golden_hoe":1,"minecraft:mutton":36,"minecraft:iron_bars":2,"minecraft:skeleton_skull":1,"minecraft:white_wool":18,"minecraft:cobblestone":29,"minecraft:leather_chestplate":1,"minecraft:feather":11,"minecraft:tripwire_hook":1,"minecraft:leather":8,"minecraft:golden_leggings":1,"minecraft:birch_planks":30,"minecraft:dirt":1,"minecraft:blue_bed":5,"minecraft:lantern":27,"minecraft:white_banner":1,"minecraft:cooked_mutton":24,"minecraft:wheat_seeds":1,"minecraft:rabbit_hide":10,"minecraft:cooked_chicken":5,"minecraft:stone_pickaxe":1,"minecraft:rabbit":15,"minecraft:bamboo":10,"minecraft:gray_candle":4,"minecraft:iron_sword":2,"minecraft:flowering_azalea":2,"minecraft:dark_oak_stairs":1,"minecraft:dark_oak_slab":1,"minecraft:cooked_porkchop":9,"minecraft:sweet_berries":30,"minecraft:dandelion":1,"minecraft:spruce_sapling":2,"minecraft:white_bed":2,"minecraft:spruce_log":79,"minecraft:spider_eye":5,"travelersbackpack:standard":3,"minecraft:dried_kelp_block":18,"minecraft:honey_block":1,"minecraft:black_wool":1,"minecraft:coal":151},"minecraft:killed":{"minecraft:spider":5,"minecraft:horse":1,"minecraft:chicken":9,"minecraft:tropical_fish":2,"minecraft:pig":24,"minecraft:zombie_villager":1,"minecraft:rabbit":13,"minecraft:squid":1,"minecraft:sheep":23,"minecraft:pillager":1,"minecraft:zombie":1,"minecraft:cow":8},"minecraft:killed_by":{"minecraft:stray":1,"minecraft:creeper":1,"minecraft:zombie":1},"minecraft:used":{"minecraft:stone_sword":125,"minecraft:poppy":1,"minecraft:iron_sword":166,"minecraft:cooked_salmon":4,"minecraft:cooked_chicken":12,"minecraft:rotten_flesh":5,"minecraft:dried_kelp_block":1,"minecraft:wooden_axe":65,"minecraft:spruce_wood":6,"minecraft:dark_oak_slab":1,"minecraft:tripwire_hook":1,"minecraft:goat_horn":2,"minecraft:furnace":7,"minecraft:rabbit":7,"minecraft:birch_planks":2,"minecraft:baked_potato":1,"minecraft:stone_pickaxe":155,"minecraft:blue_bed":2,"minecraft:white_wool":3,"minecraft:crafting_table":7,"minecraft:red_bed":12,"minecraft:mushroom_stew":1,"minecraft:white_bed":2,"minecraft:bread":18,"minecraft:melon_slice":1,"minecraft:gray_candle":4,"minecraft:cobblestone":12,"travelersbackpack:standard":3,"minecraft:cooked_rabbit":6,"minecraft:dandelion":1}},"DataVersion":3700}