{"stats":{"minecraft:dropped":{"minecraft:spruce_sign":2,"minecraft:iron_ingot":3,"minecraft:wheat_seeds":1,"minecraft:cooked_beef":18,"minecraft:crafting_table":1,"minecraft:cooked_porkchop":25,"minecraft:dark_oak_slab":2,"minecraft:crossbow":3,"minecraft:cobblestone":2,"minecraft:feather":8,"minecraft:leather":3,"minecraft:tropical_fish":2,"travelersbackpack:standard":2,"minecraft:sentry_armor_trim_smithing_template":3,"minecraft:stick":2,"minecraft:emerald":4,"minecraft:wooden_axe":1,"minecraft:rabbit":1,"minecraft:coast_armor_trim_smithing_template":3,"minecraft:writable_book":1,"minecraft:golden_hoe":1,"minecraft:white_banner":1,"minecraft:string":13,"minecraft:dark_oak_planks":1,"minecraft:white_wool":15,"minecraft:blue_bed":3,"minecraft:sugar_cane":1,"minecraft:cooked_chicken":2,"minecraft:stone_sword":1,"minecraft:raw_copper":2,"minecraft:bowl":1,"minecraft:chicken":1,"minecraft:light_gray_wool":3,"minecraft:cooked_mutton":47,"minecraft:rabbit_foot":4,"minecraft:rabbit_hide":8,"minecraft:flower_pot":1,"minecraft:oak_boat":1,"minecraft:azalea":1,"minecraft:ladder":4,"minecraft:spider_eye":3,"minecraft:bamboo":20,"minecraft:spruce_log":26,"minecraft:glass":3,"minecraft:black_wool":1},"minecraft:custom":{"minecraft:interact_with_smithing_table":1,"minecraft:mob_kills":110,"minecraft:interact_with_crafting_table":27,"minecraft:open_barrel":35,"minecraft:bell_ring":18,"minecraft:leave_game":9,"minecraft:time_since_death":317457,"minecraft:climb_one_cm":4808,"minecraft:sprint_one_cm":1407704,"minecraft:walk_one_cm":752674,"minecraft:drop":174,"minecraft:play_time":345387,"minecraft:sneak_time":469,"minecraft:deaths":3,"minecraft:walk_under_water_one_cm":27499,"minecraft:boat_one_cm":402650,"minecraft:jump":4361,"minecraft:walk_on_water_one_cm":84725,"minecraft:total_world_time":345387,"minecraft:interact_with_furnace":161,"minecraft:sleep_in_bed":19,"minecraft:time_since_rest":10774,"minecraft:damage_taken":2054,"minecraft:damage_dealt":11334,"minecraft:swim_one_cm":115066,"minecraft:fly_one_cm":576799,"minecraft:open_chest":44,"minecraft:crouch_one_cm":151,"minecraft:interact_with_smoker":2,"minecraft:fall_one_cm":88938},"minecraft:mined":{"minecraft:dark_oak_planks":4,"minecraft:spruce_planks":3,"minecraft:white_bed":2,"minecraft:candle":2,"minecraft:jungle_leaves":1,"minecraft:potted_azalea_bush":1,"minecraft:spruce_leaves":21,"minecraft:large_fern":3,"minecraft:furnace":10,"minecraft:iron_ore":56,"minecraft:stripped_dark_oak_wood":2,"minecraft:dark_oak_stairs":3,"minecraft:deepslate_iron_ore":7,"minecraft:flowering_azalea_leaves":44,"minecraft:iron_bars":2,"minecraft:lantern":26,"minecraft:azalea_leaves":21,"minecraft:bamboo":3,"minecraft:stone":39,"minecraft:cake":1,"minecraft:red_bed":17,"minecraft:medium_amethyst_bud":1,"minecraft:dandelion":1,"travelersbackpack:standard":1,"minecraft:crafting_table":5,"minecraft:short_grass":14,"minecraft:honey_block":1,"minecraft:calcite":1,"minecraft:poppy":1,"minecraft:melon":9,"minecraft:tall_grass":2,"minecraft:dried_kelp_block":18,"minecraft:oak_planks":1,"minecraft:sugar_cane":15,"minecraft:blue_bed":2,"minecraft:wall_torch":1,"minecraft:skeleton_skull":1,"minecraft:dark_oak_slab":4,"minecraft:sweet_berry_bush":10,"minecraft:ice":10,"minecraft:spruce_log":43,"minecraft:jukebox":1,"minecraft:birch_leaves":1,"minecraft:white_wall_banner":1,"minecraft:coal_ore":104,"minecraft:cocoa":5,"minecraft:cobweb":1,"minecraft:tripwire_hook":1,"minecraft:fern":4,"minecraft:gray_candle":1},"minecraft:crafted":{"minecraft:wooden_sword":1,"minecraft:cooked_chicken":9,"minecraft:furnace":2,"minecraft:cooked_mutton":75,"minecraft:glass":3,"minecraft:spruce_wood":6,"minecraft:stone_pickaxe":2,"minecraft:cooked_rabbit":6,"minecraft:cooked_beef":18,"minecraft:cooked_porkchop":60,"minecraft:crafting_table":3,"minecraft:spruce_planks":78,"minecraft:baked_potato":33,"minecraft:air":0,"minecraft:stick":16,"minecraft:iron_ingot":64,"minecraft:wooden_axe":3},"minecraft:picked_up":{"minecraft:wooden_axe":1,"minecraft:cocoa_beans":12,"minecraft:crafting_table":8,"minecraft:chicken":11,"minecraft:ladder":4,"minecraft:flower_pot":1,"minecraft:sentry_armor_trim_smithing_template":2,"minecraft:shield":1,"minecraft:string":13,"minecraft:red_bed":20,"minecraft:raw_copper":2,"minecraft:cooked_salmon":4,"minecraft:candle":7,"minecraft:spruce_planks":30,"minecraft:beef":20,"minecraft:oak_boat":1,"minecraft:calcite":1,"minecraft:azalea":3,"minecraft:poppy":1,"minecraft:light_gray_wool":3,"minecraft:melon_slice":46,"minecraft:sugar_cane":65,"minecraft:furnace":15,"minecraft:golden_helmet":1,"minecraft:stick":4,"minecraft:raw_iron":64,"minecraft:jukebox":1,"minecraft:torch":2,"minecraft:porkchop":51,"minecraft:cookie":17,"minecraft:carrot":40,"minecraft:rabbit_foot":4,"minecraft:dark_oak_planks":3,"minecraft:stone_sword":3,"minecraft:rotten_flesh":6,"minecraft:tropical_fish":2,"minecraft:pumpkin_pie":18,"minecraft:golden_hoe":1,"minecraft:stripped_dark_oak_wood":2,"minecraft:mutton":41,"minecraft:iron_bars":2,"minecraft:skeleton_skull":1,"minecraft:white_wool":20,"minecraft:cobblestone":40,"minecraft:leather_chestplate":1,"minecraft:feather":11,"minecraft:tripwire_hook":1,"minecraft:leather":9,"minecraft:golden_leggings":1,"minecraft:potato":19,"minecraft:birch_planks":30,"minecraft:dirt":1,"minecraft:blue_bed":6,"minecraft:lantern":30,"minecraft:white_banner":3,"minecraft:cooked_mutton":24,"minecraft:coast_armor_trim_smithing_template":2,"minecraft:apple":23,"travelersbackpack:cake":1,"minecraft:wheat_seeds":1,"minecraft:rabbit_hide":10,"minecraft:iron_ingot":1,"minecraft:stone_pickaxe":1,"minecraft:cooked_chicken":5,"minecraft:rabbit":15,"minecraft:bamboo":20,"minecraft:gray_candle":4,"minecraft:iron_sword":2,"minecraft:flowering_azalea":2,"minecraft:dark_oak_stairs":2,"minecraft:dark_oak_slab":3,"minecraft:cooked_porkchop":9,"minecraft:sweet_berries":30,"minecraft:dandelion":1,"minecraft:spruce_sapling":2,"minecraft:white_bed":2,"minecraft:spruce_log":89,"minecraft:spider_eye":5,"travelersbackpack:standard":3,"minecraft:dried_kelp_block":18,"minecraft:honey_block":1,"minecraft:writable_book":1,"minecraft:crossbow":3,"minecraft:spruce_sign":2,"minecraft:bread":31,"minecraft:black_wool":1,"minecraft:coal":301},"minecraft:broken":{"minecraft:stone_sword":1,"minecraft:stone_pickaxe":2,"minecraft:iron_sword":1},"minecraft:used":{"minecraft:stone_sword":125,"minecraft:poppy":1,"minecraft:iron_sword":238,"minecraft:cooked_salmon":4,"minecraft:cooked_chicken":12,"minecraft:rotten_flesh":5,"minecraft:dried_kelp_block":1,"minecraft:torch":1,"minecraft:wooden_axe":80,"minecraft:stripped_dark_oak_wood":2,"minecraft:spruce_wood":6,"minecraft:dark_oak_slab":1,"minecraft:tripwire_hook":1,"minecraft:goat_horn":22,"minecraft:furnace":13,"minecraft:golden_axe":1,"minecraft:calcite":1,"minecraft:dark_oak_stairs":1,"minecraft:rabbit":7,"minecraft:birch_planks":2,"minecraft:baked_potato":1,"minecraft:stone_pickaxe":270,"minecraft:blue_bed":3,"minecraft:white_wool":4,"minecraft:crafting_table":9,"minecraft:red_bed":19,"minecraft:mushroom_stew":1,"minecraft:white_bed":2,"minecraft:spruce_log":8,"minecraft:bread":24,"minecraft:melon_slice":1,"minecraft:gray_candle":4,"minecraft:cobblestone":15,"travelersbackpack:standard":3,"minecraft:cooked_rabbit":6,"minecraft:pumpkin_pie":9,"minecraft:dandelion":1,"minecraft:experience_bottle":1},"minecraft:killed":{"minecraft:spider":6,"minecraft:horse":1,"minecraft:chicken":10,"minecraft:tropical_fish":2,"minecraft:pig":24,"minecraft:zombie_villager":1,"minecraft:rabbit":13,"minecraft:squid":1,"minecraft:sheep":26,"minecraft:pillager":11,"minecraft:zombie":3,"minecraft:cow":10},"minecraft:killed_by":{"minecraft:stray":1,"minecraft:creeper":1,"minecraft:zombie":1}},"DataVersion":3700}