{"stats":{"minecraft:used":{"minecraft:stone_sword":125,"minecraft:poppy":2,"minecraft:iron_sword":485,"minecraft:cooked_salmon":4,"minecraft:cooked_chicken":12,"minecraft:rotten_flesh":5,"minecraft:dried_kelp_block":1,"minecraft:torch":1,"minecraft:wooden_axe":85,"minecraft:stripped_dark_oak_wood":2,"minecraft:spruce_wood":6,"minecraft:dark_oak_slab":1,"minecraft:tripwire_hook":1,"minecraft:goat_horn":32,"minecraft:furnace":13,"minecraft:golden_axe":1,"minecraft:calcite":1,"minecraft:dark_oak_stairs":1,"minecraft:rabbit":7,"minecraft:birch_planks":2,"minecraft:baked_potato":1,"minecraft:stone_pickaxe":321,"minecraft:blue_bed":3,"minecraft:white_wool":13,"minecraft:crafting_table":9,"minecraft:red_bed":32,"minecraft:mushroom_stew":1,"minecraft:white_bed":2,"minecraft:spruce_log":8,"minecraft:black_wool":1,"minecraft:bread":55,"minecraft:melon_slice":1,"minecraft:gray_candle":4,"minecraft:cobblestone":15,"travelersbackpack:standard":3,"minecraft:cooked_rabbit":6,"minecraft:pumpkin_pie":14,"minecraft:dandelion":1,"minecraft:experience_bottle":1},"minecraft:killed_by":{"minecraft:stray":1,"minecraft:creeper":1,"minecraft:zombie":1},"minecraft:custom":{"minecraft:mob_kills":176,"minecraft:interact_with_crafting_table":27,"minecraft:open_barrel":37,"minecraft:bell_ring":21,"minecraft:leave_game":11,"minecraft:time_since_death":435789,"minecraft:climb_one_cm":5738,"minecraft:sprint_one_cm":2090806,"minecraft:walk_one_cm":1046392,"minecraft:drop":207,"minecraft:talked_to_villager":1,"minecraft:play_time":463719,"minecraft:sneak_time":670,"minecraft:deaths":3,"minecraft:walk_under_water_one_cm":53435,"minecraft:boat_one_cm":402650,"minecraft:interact_with_brewingstand":1,"minecraft:jump":5999,"minecraft:walk_on_water_one_cm":96798,"minecraft:total_world_time":463719,"minecraft:interact_with_furnace":161,"minecraft:sleep_in_bed":30,"minecraft:time_since_rest":6464,"minecraft:damage_taken":2626,"minecraft:damage_dealt":19303,"minecraft:swim_one_cm":169567,"minecraft:fly_one_cm":859175,"minecraft:open_chest":75,"minecraft:crouch_one_cm":421,"minecraft:interact_with_smoker":2,"minecraft:fall_one_cm":129605,"minecraft:interact_with_smithing_table":1},"minecraft:picked_up":{"minecraft:wooden_axe":1,"minecraft:cocoa_beans":12,"minecraft:seagrass":1,"minecraft:crafting_table":8,"minecraft:chicken":11,"minecraft:ladder":4,"minecraft:flower_pot":1,"minecraft:sentry_armor_trim_smithing_template":2,"minecraft:shield":1,"minecraft:string":13,"minecraft:red_bed":33,"minecraft:raw_copper":2,"minecraft:cooked_salmon":4,"minecraft:item_frame":1,"minecraft:candle":7,"minecraft:spruce_planks":30,"minecraft:beef":82,"minecraft:oak_boat":1,"minecraft:calcite":1,"minecraft:azalea":3,"minecraft:poppy":3,"minecraft:light_gray_wool":3,"minecraft:melon_slice":62,"minecraft:sugar_cane":115,"minecraft:furnace":15,"minecraft:golden_helmet":1,"minecraft:stick":4,"minecraft:raw_iron":64,"minecraft:jukebox":1,"minecraft:torch":2,"minecraft:porkchop":70,"minecraft:cookie":17,"minecraft:carrot":40,"minecraft:rabbit_foot":4,"minecraft:dark_oak_planks":3,"minecraft:stone_sword":3,"minecraft:cactus":1,"minecraft:rotten_flesh":6,"minecraft:tropical_fish":8,"minecraft:pumpkin_pie":18,"minecraft:golden_hoe":1,"minecraft:carved_pumpkin":1,"minecraft:stripped_dark_oak_wood":2,"minecraft:mutton":70,"minecraft:iron_bars":2,"minecraft:cod":3,"minecraft:skeleton_skull":1,"minecraft:white_wool":35,"minecraft:cobblestone":40,"minecraft:magma_block":3,"minecraft:leather_chestplate":1,"minecraft:clock":1,"minecraft:feather":11,"minecraft:tripwire_hook":1,"minecraft:leather":29,"minecraft:golden_leggings":1,"minecraft:potato":19,"minecraft:birch_planks":30,"minecraft:blue_bed":6,"minecraft:dirt":5,"minecraft:lantern":37,"minecraft:white_banner":4,"minecraft:cooked_mutton":24,"minecraft:coast_armor_trim_smithing_template":2,"minecraft:bone":4,"minecraft:apple":23,"travelersbackpack:cake":1,"minecraft:wheat_seeds":6,"minecraft:rabbit_hide":10,"minecraft:iron_ingot":1,"minecraft:stone_pickaxe":1,"minecraft:cooked_chicken":5,"minecraft:rabbit":15,"minecraft:bamboo":140,"minecraft:gray_candle":4,"minecraft:iron_sword":2,"minecraft:flowering_azalea":2,"minecraft:dark_oak_stairs":2,"minecraft:dark_oak_slab":3,"minecraft:cooked_porkchop":9,"minecraft:sweet_berries":30,"minecraft:dandelion":1,"minecraft:spruce_sapling":2,"minecraft:white_bed":2,"minecraft:spruce_log":89,"minecraft:spider_eye":5,"travelersbackpack:standard":3,"minecraft:dried_kelp_block":18,"minecraft:honey_block":1,"minecraft:writable_book":1,"minecraft:crossbow":3,"minecraft:gray_wool":1,"minecraft:spruce_sign":2,"minecraft:bread":31,"minecraft:netherrack":3,"minecraft:black_wool":2,"minecraft:coal":301},"minecraft:crafted":{"minecraft:wooden_sword":1,"minecraft:cooked_chicken":9,"minecraft:furnace":2,"minecraft:cooked_mutton":75,"minecraft:glass":3,"minecraft:spruce_wood":6,"minecraft:stone_pickaxe":2,"minecraft:cooked_rabbit":6,"minecraft:cooked_beef":18,"minecraft:cooked_porkchop":60,"minecraft:crafting_table":3,"minecraft:spruce_planks":78,"minecraft:baked_potato":33,"minecraft:air":0,"minecraft:stick":16,"minecraft:iron_ingot":64,"minecraft:wooden_axe":3},"minecraft:killed":{"minecraft:spider":6,"minecraft:dolphin":1,"minecraft:skeleton":2,"minecraft:horse":1,"minecraft:chicken":10,"minecraft:turtle":5,"minecraft:tropical_fish":4,"minecraft:pig":32,"minecraft:zombie_villager":1,"minecraft:rabbit":13,"minecraft:squid":1,"minecraft:sheep":43,"minecraft:pillager":14,"minecraft:zombie":3,"minecraft:cow":38},"minecraft:dropped":{"minecraft:spruce_sign":2,"minecraft:iron_ingot":3,"minecraft:wheat_seeds":2,"minecraft:clock":1,"minecraft:cooked_beef":18,"minecraft:crafting_table":1,"minecraft:cooked_porkchop":25,"minecraft:dark_oak_slab":2,"minecraft:crossbow":3,"minecraft:cobblestone":2,"minecraft:feather":8,"minecraft:leather":13,"minecraft:tropical_fish":8,"travelersbackpack:standard":2,"minecraft:coal":58,"minecraft:sentry_armor_trim_smithing_template":3,"minecraft:cod":3,"minecraft:item_frame":1,"minecraft:stick":6,"minecraft:emerald":4,"minecraft:dirt":4,"minecraft:wooden_axe":1,"minecraft:coast_armor_trim_smithing_template":3,"minecraft:rabbit":1,"minecraft:seagrass":1,"minecraft:writable_book":1,"minecraft:golden_hoe":1,"minecraft:white_banner":2,"minecraft:cactus":1,"minecraft:dark_oak_planks":1,"minecraft:string":13,"minecraft:white_wool":17,"minecraft:blue_bed":3,"minecraft:bone":4,"minecraft:sugar_cane":49,"minecraft:cooked_chicken":2,"minecraft:stone_sword":1,"minecraft:raw_copper":2,"minecraft:bowl":1,"minecraft:chicken":1,"minecraft:light_gray_wool":3,"minecraft:cooked_mutton":47,"minecraft:rabbit_foot":4,"minecraft:poppy":1,"minecraft:rabbit_hide":8,"minecraft:flower_pot":1,"minecraft:honey_block":1,"minecraft:oak_boat":1,"minecraft:azalea":1,"minecraft:ladder":4,"minecraft:spider_eye":3,"minecraft:bamboo":80,"minecraft:spruce_log":26,"minecraft:glass":3,"minecraft:magma_block":3,"minecraft:netherrack":3,"minecraft:black_wool":1},"minecraft:mined":{"minecraft:dark_oak_planks":4,"minecraft:spruce_planks":3,"minecraft:white_bed":2,"minecraft:candle":2,"minecraft:jungle_leaves":4,"minecraft:carved_pumpkin":1,"minecraft:grass_block":5,"minecraft:potted_azalea_bush":1,"minecraft:spruce_leaves":21,"minecraft:sandstone":10,"minecraft:large_fern":3,"minecraft:magma_block":11,"minecraft:furnace":10,"minecraft:iron_ore":56,"minecraft:stripped_dark_oak_wood":2,"minecraft:dark_oak_stairs":3,"minecraft:flowering_azalea_leaves":44,"minecraft:deepslate_iron_ore":7,"minecraft:vine":2,"minecraft:iron_bars":2,"minecraft:lantern":32,"minecraft:azalea_leaves":21,"minecraft:bamboo":11,"minecraft:stone":39,"minecraft:cake":1,"minecraft:red_bed":30,"minecraft:medium_amethyst_bud":1,"minecraft:dandelion":1,"travelersbackpack:standard":1,"minecraft:crafting_table":5,"minecraft:short_grass":52,"minecraft:honey_block":1,"minecraft:calcite":1,"minecraft:poppy":2,"minecraft:melon":14,"minecraft:tall_grass":7,"minecraft:dried_kelp_block":18,"minecraft:oak_planks":1,"minecraft:sugar_cane":30,"minecraft:blue_bed":2,"minecraft:wall_torch":1,"minecraft:skeleton_skull":1,"minecraft:cactus":1,"minecraft:dark_oak_slab":4,"minecraft:wheat":3,"minecraft:sweet_berry_bush":10,"minecraft:ice":10,"minecraft:spruce_log":43,"minecraft:jukebox":1,"minecraft:birch_leaves":1,"minecraft:white_wall_banner":1,"minecraft:coal_ore":104,"minecraft:cocoa":5,"minecraft:dirt":3,"minecraft:cobweb":1,"minecraft:tripwire_hook":1,"minecraft:netherrack":12,"minecraft:oak_leaves":1,"minecraft:gray_candle":1,"minecraft:fern":5},"minecraft:broken":{"minecraft:stone_sword":1,"minecraft:stone_pickaxe":2,"minecraft:iron_sword":1}},"DataVersion":3700}