{"stats":{"minecraft:picked_up":{"minecraft:birch_log":42,"minecraft:pink_petals":306,"minecraft:crafting_table":5,"minecraft:coarse_dirt":1,"minecraft:feather":8,"minecraft:cooked_beef":9,"minecraft:chicken":9,"minecraft:salmon":15,"minecraft:andesite":5,"minecraft:leather":17,"minecraft:wooden_pickaxe":1,"minecraft:raw_copper":12,"minecraft:brick":28,"minecraft:lantern":65,"minecraft:dirt":47,"minecraft:red_bed":7,"minecraft:moss_carpet":1,"minecraft:wooden_sword":1,"minecraft:cooked_salmon":10,"minecraft:cooked_mutton":16,"minecraft:apple":1,"minecraft:orange_tulip":1,"minecraft:wheat_seeds":5,"minecraft:iron_ingot":2,"minecraft:stone_pickaxe":1,"minecraft:beef":30,"minecraft:cooked_chicken":1,"minecraft:sugar_cane":40,"minecraft:birch_sapling":3,"minecraft:furnace":8,"minecraft:raw_iron":4,"minecraft:cooked_porkchop":8,"minecraft:pumpkin":3,"minecraft:copper_ingot":1,"minecraft:porkchop":11,"minecraft:carrot":4,"minecraft:ink_sac":2,"minecraft:white_bed":1,"minecraft:redstone":3,"minecraft:honey_bottle":1,"travelersbackpack:white_sleeping_bag":1,"minecraft:polished_andesite":1,"travelersbackpack:standard":2,"minecraft:stone_sword":1,"minecraft:arrow":3,"minecraft:rotten_flesh":7,"minecraft:diamond":1,"minecraft:red_tulip":1,"minecraft:cherry_sapling":5,"minecraft:bread":32,"minecraft:gold_ingot":3,"minecraft:emerald":4,"minecraft:black_wool":2,"minecraft:dark_oak_fence":1,"minecraft:mutton":17,"minecraft:white_wool":7,"minecraft:cobblestone":75},"minecraft:mined":{"minecraft:white_bed":1,"minecraft:red_bed":7,"minecraft:cherry_log":1,"minecraft:crafting_table":2,"minecraft:dark_oak_fence":2,"minecraft:short_grass":42,"minecraft:grass_block":34,"minecraft:decorated_pot":3,"minecraft:cobblestone":39,"minecraft:tall_grass":11,"minecraft:sugar_cane":18,"minecraft:pink_petals":98,"minecraft:seagrass":3,"minecraft:tall_seagrass":1,"minecraft:coarse_dirt":1,"minecraft:birch_log":38,"minecraft:iron_ore":1,"minecraft:wheat":1,"minecraft:birch_leaves":5,"minecraft:andesite":5,"minecraft:pumpkin":3,"minecraft:moss_carpet":1,"minecraft:red_tulip":1,"minecraft:vine":18,"minecraft:lantern":64,"minecraft:cherry_leaves":40,"minecraft:gravel":2,"minecraft:dirt":22,"minecraft:lodestone":1,"minecraft:stone":42,"minecraft:polished_andesite":1,"minecraft:oak_leaves":39},"minecraft:killed":{"minecraft:pig":4,"minecraft:salmon":11,"minecraft:sheep":9,"minecraft:horse":2,"minecraft:zombie":9,"minecraft:chicken":6,"minecraft:cow":12},"minecraft:broken":{"minecraft:wooden_sword":1,"minecraft:wooden_pickaxe":1},"minecraft:dropped":{"minecraft:iron_ingot":1,"minecraft:wheat_seeds":3,"minecraft:crafting_table":1,"minecraft:raw_iron":2,"minecraft:feather":8,"minecraft:orange_tulip":1,"minecraft:lantern":1,"minecraft:leather":17,"travelersbackpack:standard":1,"minecraft:dark_oak_fence":1,"minecraft:ink_sac":2,"travelersbackpack:white_sleeping_bag":1,"minecraft:pumpkin":3,"minecraft:arrow":3,"minecraft:red_tulip":1,"minecraft:pink_petals":25,"minecraft:white_wool":2,"minecraft:brick":4},"minecraft:crafted":{"minecraft:crafting_table":1,"minecraft:cooked_chicken":7,"minecraft:furnace":4,"minecraft:birch_planks":24,"minecraft:stick":4},"minecraft:killed_by":{"minecraft:skeleton":1,"minecraft:creeper":1},"minecraft:custom":{"minecraft:interact_with_furnace":15,"minecraft:mob_kills":53,"minecraft:interact_with_crafting_table":5,"minecraft:interact_with_loom":1,"minecraft:interact_with_campfire":12,"minecraft:bell_ring":36,"minecraft:leave_game":3,"minecraft:time_since_death":133618,"minecraft:sleep_in_bed":8,"minecraft:climb_one_cm":654,"minecraft:time_since_rest":5680,"minecraft:sprint_one_cm":568509,"minecraft:damage_taken":1325,"minecraft:walk_one_cm":451084,"minecraft:drop":31,"minecraft:damage_dealt":4996,"minecraft:swim_one_cm":64849,"minecraft:talked_to_villager":1,"minecraft:fly_one_cm":172550,"minecraft:open_chest":25,"minecraft:play_time":149093,"minecraft:deaths":2,"minecraft:sneak_time":96,"minecraft:walk_under_water_one_cm":22760,"minecraft:jump":1451,"minecraft:walk_on_water_one_cm":44532,"minecraft:total_world_time":149093,"minecraft:fall_one_cm":26696},"minecraft:used":{"minecraft:moss_carpet":1,"minecraft:stone_sword":131,"minecraft:polished_andesite":1,"minecraft:stone_pickaxe":118,"minecraft:wooden_pickaxe":62,"minecraft:rotten_flesh":1,"minecraft:cooked_salmon":1,"minecraft:cooked_chicken":1,"minecraft:salmon":7,"minecraft:dirt":2,"minecraft:mutton":5,"minecraft:crafting_table":4,"minecraft:red_bed":6,"minecraft:white_bed":1,"minecraft:black_wool":2,"minecraft:bread":21,"minecraft:birch_sapling":3,"minecraft:chicken":3,"minecraft:pink_petals":25,"minecraft:wooden_sword":81,"minecraft:beef":1,"travelersbackpack:standard":1,"minecraft:porkchop":5,"minecraft:furnace":7,"minecraft:andesite":5,"minecraft:birch_log":4,"minecraft:coarse_dirt":1}},"DataVersion":3700}