{"stats":{"minecraft:broken":{"minecraft:wooden_axe":2},"minecraft:crafted":{"minecraft:white_dye":2,"minecraft:crafting_table":1,"minecraft:cooked_chicken":2,"minecraft:stone_pickaxe":2,"minecraft:furnace":1,"minecraft:birch_planks":8,"minecraft:cooked_mutton":3},"minecraft:used":{"minecraft:cooked_mutton":3,"minecraft:wooden_axe":142,"minecraft:stone_sword":84,"minecraft:stone_pickaxe":34,"minecraft:rotten_flesh":3,"minecraft:stone_axe":94,"minecraft:crafting_table":2,"minecraft:furnace":1},"minecraft:killed_by":{"minecraft:skeleton":1},"minecraft:killed":{"minecraft:zombie":3,"minecraft:pig":1,"minecraft:chicken":2,"minecraft:spider":2,"minecraft:drowned":1,"minecraft:cow":3},"minecraft:mined":{"minecraft:furnace":1,"minecraft:dark_oak_leaves":1,"minecraft:lily_of_the_valley":4,"minecraft:birch_log":153,"minecraft:dark_oak_log":86,"minecraft:stripped_birch_log":1,"minecraft:birch_leaves":10,"minecraft:crafting_table":2,"minecraft:grass_block":5,"minecraft:short_grass":7,"minecraft:coal_ore":22,"minecraft:stone":3,"minecraft:sugar_cane":2,"minecraft:oak_leaves":4},"minecraft:picked_up":{"minecraft:wooden_axe":3,"minecraft:birch_log":242,"minecraft:crafting_table":3,"minecraft:stick":16,"minecraft:feather":6,"minecraft:chicken":4,"minecraft:leather":1,"minecraft:birch_planks":4,"minecraft:sand":3,"minecraft:porkchop":4,"minecraft:white_dye":1,"minecraft:dark_oak_log":81,"minecraft:lily_of_the_valley":5,"minecraft:string":3,"minecraft:dirt":21,"minecraft:stripped_birch_log":2,"minecraft:wooden_sword":2,"minecraft:cooked_mutton":1,"minecraft:stone_sword":2,"minecraft:rotten_flesh":14,"minecraft:stone_axe":2,"minecraft:beef":4,"minecraft:cooked_chicken":4,"minecraft:egg":2,"minecraft:sugar_cane":4,"minecraft:birch_sapling":2,"minecraft:coal":25,"minecraft:white_wool":2,"minecraft:cobblestone":19,"minecraft:furnace":1},"minecraft:dropped":{"minecraft:dirt":16,"minecraft:birch_sapling":2,"minecraft:white_dye":3,"minecraft:lily_of_the_valley":3},"minecraft:custom":{"minecraft:time_since_rest":27088,"minecraft:interact_with_furnace":4,"minecraft:sprint_one_cm":138751,"minecraft:damage_taken":404,"minecraft:walk_one_cm":222988,"minecraft:mob_kills":12,"minecraft:drop":24,"minecraft:damage_dealt":1784,"minecraft:swim_one_cm":6784,"minecraft:interact_with_crafting_table":3,"minecraft:fly_one_cm":17651,"minecraft:crouch_one_cm":387,"minecraft:play_time":56726,"minecraft:deaths":1,"minecraft:sneak_time":112,"minecraft:walk_under_water_one_cm":8262,"minecraft:jump":411,"minecraft:walk_on_water_one_cm":7173,"minecraft:time_since_death":27052,"minecraft:total_world_time":56726,"minecraft:fall_one_cm":6911}},"DataVersion":3700}