{"stats":{"minecraft:killed_by":{"minecraft:stray":1,"minecraft:creeper":1,"minecraft:zombie":1},"minecraft:killed":{"minecraft:pig":13,"minecraft:zombie_villager":1,"minecraft:rabbit":13,"minecraft:spider":4,"minecraft:squid":1,"minecraft:horse":1,"minecraft:sheep":19,"minecraft:chicken":9,"minecraft:tropical_fish":2,"minecraft:cow":8},"minecraft:used":{"minecraft:stone_sword":125,"minecraft:rabbit":7,"minecraft:stone_pickaxe":74,"minecraft:poppy":1,"minecraft:iron_sword":113,"minecraft:cooked_salmon":4,"minecraft:blue_bed":2,"minecraft:cooked_chicken":11,"minecraft:rotten_flesh":5,"minecraft:white_wool":2,"minecraft:crafting_table":5,"minecraft:red_bed":9,"minecraft:white_bed":2,"minecraft:wooden_axe":38,"minecraft:spruce_wood":6,"minecraft:bread":9,"minecraft:cobblestone":5,"travelersbackpack:standard":3,"minecraft:furnace":7,"minecraft:cooked_rabbit":6,"minecraft:dandelion":1},"minecraft:mined":{"minecraft:white_bed":2,"minecraft:red_bed":9,"travelersbackpack:standard":1,"minecraft:dandelion":1,"minecraft:crafting_table":3,"minecraft:short_grass":9,"minecraft:poppy":1,"minecraft:melon":3,"minecraft:tall_grass":1,"minecraft:spruce_leaves":21,"minecraft:sugar_cane":14,"minecraft:blue_bed":2,"minecraft:large_fern":3,"minecraft:furnace":1,"minecraft:sweet_berry_bush":10,"minecraft:ice":10,"minecraft:spruce_log":43,"minecraft:birch_leaves":1,"minecraft:coal_ore":37,"minecraft:cocoa":5,"minecraft:flowering_azalea_leaves":26,"minecraft:lantern":19,"minecraft:azalea_leaves":7,"minecraft:bamboo":3,"minecraft:stone":14,"minecraft:fern":1},"minecraft:crafted":{"minecraft:cooked_beef":5,"minecraft:wooden_sword":1,"minecraft:cooked_porkchop":35,"minecraft:crafting_table":2,"minecraft:spruce_planks":78,"minecraft:baked_potato":14,"minecraft:cooked_chicken":9,"minecraft:furnace":1,"minecraft:cooked_mutton":38,"minecraft:spruce_wood":6,"minecraft:stick":8,"minecraft:iron_ingot":1,"minecraft:wooden_axe":3,"minecraft:cooked_rabbit":6},"minecraft:picked_up":{"minecraft:cocoa_beans":12,"minecraft:crafting_table":5,"minecraft:feather":11,"minecraft:chicken":10,"minecraft:leather":8,"minecraft:golden_leggings":1,"minecraft:birch_planks":28,"minecraft:dirt":1,"minecraft:blue_bed":4,"minecraft:string":8,"minecraft:red_bed":10,"minecraft:lantern":20,"minecraft:cooked_salmon":4,"minecraft:wheat_seeds":1,"minecraft:light_gray_wool":3,"minecraft:rabbit_hide":10,"minecraft:spruce_planks":28,"minecraft:beef":16,"minecraft:stone_pickaxe":1,"minecraft:cooked_chicken":5,"minecraft:azalea":1,"minecraft:poppy":1,"minecraft:rabbit":15,"minecraft:bamboo":10,"minecraft:melon_slice":17,"minecraft:sugar_cane":63,"minecraft:iron_sword":1,"minecraft:flowering_azalea":2,"minecraft:furnace":6,"minecraft:raw_iron":1,"minecraft:golden_helmet":1,"minecraft:stick":2,"minecraft:cooked_porkchop":9,"minecraft:sweet_berries":30,"minecraft:dandelion":1,"minecraft:porkchop":31,"minecraft:spruce_sapling":2,"minecraft:white_bed":2,"minecraft:spruce_log":68,"minecraft:spider_eye":5,"minecraft:rabbit_foot":4,"travelersbackpack:standard":3,"minecraft:stone_sword":3,"minecraft:rotten_flesh":6,"minecraft:tropical_fish":2,"minecraft:golden_hoe":1,"minecraft:black_wool":1,"minecraft:mutton":31,"minecraft:coal":65,"minecraft:white_wool":15,"minecraft:cobblestone":15},"minecraft:dropped":{"minecraft:iron_ingot":1,"minecraft:wheat_seeds":1,"minecraft:cooked_chicken":2,"minecraft:cooked_beef":5,"minecraft:stone_sword":1,"minecraft:crafting_table":1,"minecraft:cooked_porkchop":25,"minecraft:cobblestone":1,"minecraft:feather":8,"minecraft:leather":2,"minecraft:tropical_fish":2,"travelersbackpack:standard":1,"minecraft:rabbit_foot":4,"minecraft:rabbit_hide":8,"minecraft:rabbit":1,"minecraft:spider_eye":3,"minecraft:golden_hoe":1,"minecraft:string":8,"minecraft:white_wool":3,"minecraft:blue_bed":2,"minecraft:black_wool":1},"minecraft:broken":{"minecraft:stone_sword":1},"minecraft:custom":{"minecraft:interact_with_furnace":99,"minecraft:mob_kills":73,"minecraft:interact_with_crafting_table":11,"minecraft:bell_ring":2,"minecraft:leave_game":3,"minecraft:time_since_death":144385,"minecraft:climb_one_cm":1879,"minecraft:sleep_in_bed":11,"minecraft:time_since_rest":5730,"minecraft:sprint_one_cm":1059031,"minecraft:damage_taken":1331,"minecraft:walk_one_cm":419080,"minecraft:drop":74,"minecraft:damage_dealt":5758,"minecraft:swim_one_cm":62543,"minecraft:fly_one_cm":412262,"minecraft:open_chest":12,"minecraft:crouch_one_cm":78,"minecraft:sneak_time":178,"minecraft:play_time":172315,"minecraft:deaths":3,"minecraft:walk_under_water_one_cm":9964,"minecraft:jump":2585,"minecraft:walk_on_water_one_cm":21467,"minecraft:total_world_time":172315,"minecraft:fall_one_cm":59400}},"DataVersion":3700}