{"stats":{"minecraft:broken":{"minecraft:wooden_sword":1,"minecraft:wooden_pickaxe":1},"minecraft:dropped":{"minecraft:wheat_seeds":3,"minecraft:crafting_table":1,"minecraft:orange_tulip":1,"minecraft:feather":8,"minecraft:lantern":1,"minecraft:leather":8,"travelersbackpack:standard":1,"minecraft:ink_sac":2,"minecraft:dark_oak_fence":1,"travelersbackpack:white_sleeping_bag":1,"minecraft:pumpkin":3,"minecraft:arrow":3,"minecraft:red_tulip":1,"minecraft:pink_petals":25,"minecraft:white_wool":2,"minecraft:brick":4},"minecraft:used":{"minecraft:moss_carpet":1,"minecraft:stone_sword":71,"minecraft:stone_pickaxe":109,"minecraft:polished_andesite":1,"minecraft:wooden_pickaxe":62,"minecraft:cooked_salmon":1,"minecraft:rotten_flesh":1,"minecraft:cooked_chicken":1,"minecraft:salmon":7,"minecraft:dirt":2,"minecraft:mutton":5,"minecraft:crafting_table":4,"minecraft:red_bed":5,"minecraft:white_bed":1,"minecraft:black_wool":2,"minecraft:chicken":3,"minecraft:bread":15,"minecraft:birch_sapling":3,"minecraft:pink_petals":25,"minecraft:wooden_sword":81,"minecraft:beef":1,"travelersbackpack:standard":1,"minecraft:furnace":7,"minecraft:porkchop":5,"minecraft:andesite":1,"minecraft:birch_log":4,"minecraft:coarse_dirt":1},"minecraft:picked_up":{"minecraft:birch_log":42,"minecraft:pink_petals":306,"minecraft:crafting_table":5,"minecraft:coarse_dirt":1,"minecraft:feather":8,"minecraft:cooked_beef":9,"minecraft:chicken":9,"minecraft:andesite":2,"minecraft:salmon":15,"minecraft:leather":8,"minecraft:wooden_pickaxe":1,"minecraft:brick":4,"minecraft:moss_carpet":1,"minecraft:red_bed":6,"minecraft:lantern":64,"minecraft:dirt":47,"minecraft:cooked_salmon":10,"minecraft:wooden_sword":1,"minecraft:cooked_mutton":16,"minecraft:apple":1,"minecraft:orange_tulip":1,"minecraft:wheat_seeds":5,"minecraft:stone_pickaxe":1,"minecraft:beef":21,"minecraft:cooked_chicken":1,"minecraft:sugar_cane":36,"minecraft:birch_sapling":3,"minecraft:furnace":3,"minecraft:cooked_porkchop":8,"minecraft:pumpkin":3,"minecraft:porkchop":5,"minecraft:ink_sac":2,"minecraft:white_bed":1,"travelersbackpack:white_sleeping_bag":1,"travelersbackpack:standard":2,"minecraft:polished_andesite":1,"minecraft:stone_sword":1,"minecraft:arrow":3,"minecraft:rotten_flesh":1,"minecraft:red_tulip":1,"minecraft:bread":32,"minecraft:black_wool":2,"minecraft:dark_oak_fence":1,"minecraft:mutton":12,"minecraft:white_wool":6,"minecraft:cobblestone":71},"minecraft:mined":{"minecraft:white_bed":1,"minecraft:red_bed":6,"minecraft:crafting_table":2,"minecraft:dark_oak_fence":2,"minecraft:short_grass":30,"minecraft:grass_block":34,"minecraft:decorated_pot":1,"minecraft:tall_grass":10,"minecraft:cobblestone":39,"minecraft:sugar_cane":17,"minecraft:pink_petals":98,"minecraft:seagrass":3,"minecraft:tall_seagrass":1,"minecraft:coarse_dirt":1,"minecraft:wheat":1,"minecraft:birch_log":38,"minecraft:andesite":2,"minecraft:birch_leaves":5,"minecraft:moss_carpet":1,"minecraft:pumpkin":3,"minecraft:vine":18,"minecraft:red_tulip":1,"minecraft:cherry_leaves":2,"minecraft:lantern":64,"minecraft:gravel":2,"minecraft:dirt":22,"minecraft:lodestone":1,"minecraft:stone":38,"minecraft:polished_andesite":1,"minecraft:oak_leaves":39},"minecraft:killed_by":{"minecraft:skeleton":1,"minecraft:creeper":1},"minecraft:killed":{"minecraft:pig":2,"minecraft:salmon":11,"minecraft:sheep":8,"minecraft:horse":2,"minecraft:zombie":2,"minecraft:chicken":6,"minecraft:cow":7},"minecraft:custom":{"minecraft:interact_with_furnace":15,"minecraft:mob_kills":38,"minecraft:interact_with_crafting_table":5,"minecraft:interact_with_loom":1,"minecraft:interact_with_campfire":12,"minecraft:bell_ring":36,"minecraft:leave_game":2,"minecraft:time_since_death":107858,"minecraft:sleep_in_bed":6,"minecraft:climb_one_cm":124,"minecraft:time_since_rest":4997,"minecraft:sprint_one_cm":459826,"minecraft:damage_taken":1185,"minecraft:walk_one_cm":387119,"minecraft:drop":26,"minecraft:damage_dealt":3192,"minecraft:swim_one_cm":55407,"minecraft:talked_to_villager":1,"minecraft:fly_one_cm":126977,"minecraft:open_chest":15,"minecraft:play_time":123333,"minecraft:deaths":2,"minecraft:sneak_time":42,"minecraft:walk_under_water_one_cm":21586,"minecraft:jump":1198,"minecraft:walk_on_water_one_cm":41974,"minecraft:total_world_time":123333,"minecraft:fall_one_cm":20269},"minecraft:crafted":{"minecraft:crafting_table":1,"minecraft:cooked_chicken":7,"minecraft:furnace":4,"minecraft:birch_planks":24,"minecraft:stick":4}},"DataVersion":3700}