{"stats":{"minecraft:dropped":{"minecraft:ink_sac":2,"minecraft:feather":2,"minecraft:arrow":3,"minecraft:white_wool":2,"minecraft:brick":4},"minecraft:used":{"minecraft:chicken":3,"minecraft:birch_sapling":3,"minecraft:wooden_pickaxe":1,"minecraft:cooked_chicken":1,"minecraft:rotten_flesh":1,"minecraft:salmon":5,"minecraft:wooden_sword":14,"minecraft:dirt":2,"minecraft:mutton":5,"minecraft:porkchop":5,"minecraft:birch_log":2},"minecraft:picked_up":{"minecraft:birch_log":37,"minecraft:coarse_dirt":1,"minecraft:feather":2,"minecraft:chicken":7,"minecraft:salmon":5,"minecraft:wooden_pickaxe":1,"minecraft:porkchop":5,"minecraft:ink_sac":2,"minecraft:brick":4,"minecraft:white_bed":1,"minecraft:dirt":2,"minecraft:wooden_sword":1,"minecraft:arrow":3,"minecraft:rotten_flesh":1,"minecraft:cooked_chicken":1,"minecraft:sugar_cane":36,"minecraft:birch_sapling":3,"minecraft:mutton":5,"minecraft:white_wool":3},"minecraft:mined":{"minecraft:coarse_dirt":1,"minecraft:birch_log":36,"minecraft:birch_leaves":5,"minecraft:short_grass":3,"minecraft:grass_block":2,"minecraft:decorated_pot":1,"minecraft:dirt":1,"minecraft:lodestone":1,"minecraft:sugar_cane":17},"minecraft:killed_by":{"minecraft:skeleton":1,"minecraft:creeper":1},"minecraft:killed":{"minecraft:sheep":3,"minecraft:zombie":1,"minecraft:pig":2,"minecraft:chicken":4},"minecraft:custom":{"minecraft:time_since_rest":29889,"minecraft:sprint_one_cm":181963,"minecraft:damage_taken":855,"minecraft:walk_one_cm":188260,"minecraft:mob_kills":10,"minecraft:drop":6,"minecraft:damage_dealt":1078,"minecraft:swim_one_cm":42621,"minecraft:fly_one_cm":37042,"minecraft:open_chest":1,"minecraft:play_time":45333,"minecraft:interact_with_campfire":4,"minecraft:deaths":2,"minecraft:sneak_time":25,"minecraft:walk_under_water_one_cm":14818,"minecraft:jump":413,"minecraft:leave_game":2,"minecraft:time_since_death":29858,"minecraft:walk_on_water_one_cm":25939,"minecraft:total_world_time":45333,"minecraft:fall_one_cm":8659},"minecraft:crafted":{"minecraft:crafting_table":1,"minecraft:stick":4,"minecraft:birch_planks":8}},"DataVersion":3700}