{"stats":{"minecraft:broken":{"minecraft:wooden_sword":1,"minecraft:wooden_pickaxe":1},"minecraft:dropped":{"minecraft:wheat_seeds":2,"minecraft:orange_tulip":1,"minecraft:feather":2,"minecraft:lantern":1,"minecraft:leather":8,"minecraft:ink_sac":2,"minecraft:dark_oak_fence":1,"minecraft:pumpkin":3,"minecraft:arrow":3,"minecraft:red_tulip":1,"minecraft:white_wool":2,"minecraft:brick":4},"minecraft:used":{"minecraft:stone_sword":68,"minecraft:stone_pickaxe":65,"minecraft:polished_andesite":1,"minecraft:wooden_pickaxe":62,"minecraft:cooked_salmon":1,"minecraft:rotten_flesh":1,"minecraft:cooked_chicken":1,"minecraft:salmon":7,"minecraft:dirt":2,"minecraft:mutton":5,"minecraft:crafting_table":3,"minecraft:red_bed":4,"minecraft:white_bed":1,"minecraft:black_wool":2,"minecraft:chicken":3,"minecraft:bread":15,"minecraft:birch_sapling":3,"minecraft:wooden_sword":81,"minecraft:furnace":6,"minecraft:porkchop":5,"minecraft:birch_log":4,"minecraft:coarse_dirt":1},"minecraft:picked_up":{"minecraft:birch_log":42,"minecraft:pink_petals":281,"minecraft:crafting_table":4,"minecraft:coarse_dirt":1,"minecraft:feather":5,"minecraft:cooked_beef":9,"minecraft:chicken":9,"minecraft:salmon":15,"minecraft:leather":8,"minecraft:wooden_pickaxe":1,"minecraft:brick":4,"minecraft:red_bed":5,"minecraft:lantern":62,"minecraft:dirt":17,"minecraft:cooked_salmon":10,"minecraft:wooden_sword":1,"minecraft:cooked_mutton":16,"minecraft:orange_tulip":1,"minecraft:wheat_seeds":5,"minecraft:stone_pickaxe":1,"minecraft:beef":20,"minecraft:cooked_chicken":1,"minecraft:sugar_cane":36,"minecraft:birch_sapling":3,"minecraft:furnace":2,"minecraft:cooked_porkchop":8,"minecraft:pumpkin":3,"minecraft:porkchop":5,"minecraft:ink_sac":2,"minecraft:white_bed":1,"minecraft:polished_andesite":1,"minecraft:stone_sword":1,"minecraft:arrow":3,"minecraft:rotten_flesh":1,"minecraft:red_tulip":1,"minecraft:bread":32,"minecraft:black_wool":2,"minecraft:dark_oak_fence":1,"minecraft:mutton":12,"minecraft:white_wool":6,"minecraft:cobblestone":37},"minecraft:mined":{"minecraft:white_bed":1,"minecraft:red_bed":5,"minecraft:crafting_table":2,"minecraft:dark_oak_fence":2,"minecraft:short_grass":20,"minecraft:grass_block":22,"minecraft:decorated_pot":1,"minecraft:tall_grass":1,"minecraft:cobblestone":39,"minecraft:sugar_cane":17,"minecraft:pink_petals":98,"minecraft:seagrass":3,"minecraft:tall_seagrass":1,"minecraft:coarse_dirt":1,"minecraft:wheat":1,"minecraft:birch_log":38,"minecraft:birch_leaves":5,"minecraft:pumpkin":3,"minecraft:vine":2,"minecraft:red_tulip":1,"minecraft:cherry_leaves":2,"minecraft:lantern":62,"minecraft:gravel":2,"minecraft:dirt":4,"minecraft:lodestone":1,"minecraft:polished_andesite":1,"minecraft:oak_leaves":11},"minecraft:killed_by":{"minecraft:skeleton":1,"minecraft:creeper":1},"minecraft:killed":{"minecraft:pig":2,"minecraft:salmon":11,"minecraft:sheep":8,"minecraft:horse":2,"minecraft:zombie":2,"minecraft:chicken":6,"minecraft:cow":6},"minecraft:custom":{"minecraft:interact_with_furnace":14,"minecraft:mob_kills":37,"minecraft:interact_with_crafting_table":4,"minecraft:interact_with_loom":1,"minecraft:interact_with_campfire":12,"minecraft:bell_ring":36,"minecraft:leave_game":2,"minecraft:time_since_death":95858,"minecraft:sleep_in_bed":5,"minecraft:time_since_rest":6026,"minecraft:sprint_one_cm":435114,"minecraft:damage_taken":1175,"minecraft:walk_one_cm":356975,"minecraft:drop":17,"minecraft:damage_dealt":3092,"minecraft:swim_one_cm":55407,"minecraft:talked_to_villager":1,"minecraft:fly_one_cm":116659,"minecraft:open_chest":15,"minecraft:play_time":111333,"minecraft:deaths":2,"minecraft:sneak_time":25,"minecraft:walk_under_water_one_cm":21586,"minecraft:jump":1094,"minecraft:walk_on_water_one_cm":41974,"minecraft:total_world_time":111333,"minecraft:fall_one_cm":18502},"minecraft:crafted":{"minecraft:crafting_table":1,"minecraft:cooked_chicken":7,"minecraft:furnace":4,"minecraft:birch_planks":24,"minecraft:stick":4}},"DataVersion":3700}