{"stats":{"minecraft:picked_up":{"minecraft:iron_chestplate":8,"minecraft:flower_pot":27,"minecraft:smithing_table":3,"minecraft:lead":70,"minecraft:stone_slab":10,"minecraft:diamond_sword":11,"minecraft:oak_stairs":10,"minecraft:brown_bed":1,"minecraft:enchanted_book":23,"minecraft:brewing_stand":1,"minecraft:golden_sword":9,"minecraft:amethyst_block":138,"minecraft:string":282,"minecraft:soul_soil":44,"minecraft:cooked_salmon":27,"minecraft:pufferfish":1,"minecraft:shroomlight":81,"minecraft:beetroot":136,"moreberries:black_berries":91,"minecraft:cherry_boat":7,"minecraft:diamond_leggings":3,"minecraft:gold_nugget":326,"minecraft:cobbled_deepslate":111,"cookingforblockheads:pink_kitchen_floor":23,"minecraft:spruce_planks":3,"minecraft:bubble_coral":10,"minecraft:enchanted_golden_apple":1,"minecraft:melon_slice":220,"minecraft:coal_block":5,"valentines_blessing:babypinkpadit":20,"minecraft:golden_helmet":5,"minecraft:mojang_banner_pattern":1,"minecraft:jukebox":1,"minecraft:composter":8,"minecraft:big_dripleaf":53,"minecraft:golden_axe":5,"minecraft:cherry_log":557,"minecraft:deepslate_tile_stairs":2,"minecraft:golden_chestplate":9,"minecraft:cauldron":1,"mutantmonsters:mutant_skeleton_pelvis":2,"minecraft:black_dye":10,"minecraft:horn_coral_fan":32,"minecraft:orange_bed":8,"minecraft:bamboo_block":1,"minecraft:stone_sword":5,"minecraft:lime_carpet":1,"minecraft:honey_bottle":4,"minecraft:tropical_fish":10,"minecraft:polished_basalt":1,"minecraft:red_tulip":2,"minecraft:carved_pumpkin":33,"minecraft:cyan_terracotta":1,"minecraft:glowstone":1,"minecraft:iron_bars":13,"minecraft:birch_log":65,"minecraft:feather":43,"minecraft:cooked_beef":42,"minecraft:cherry_leaves":197,"minecraft:medium_amethyst_bud":2,"minecraft:water_bucket":10,"minecraft:flint":32,"minecraft:cherry_fence":3,"minecraft:map":8,"minecraft:cherry_door":7,"minecraft:lantern":82,"minecraft:twisting_vines":1,"minecraft:large_amethyst_bud":1,"minecraft:stonecutter":3,"minecraft:diamond_helmet":3,"minecraft:rabbit":6,"minecraft:glowstone_dust":902,"minecraft:moss_block":71,"minecraft:honeycomb":9,"beautify:hanging_pot":3,"minecraft:ink_sac":41,"minecraft:loom":2,"minecraft:acacia_stairs":1,"minecraft:dark_oak_log":434,"minecraft:quartz_bricks":154,"minecraft:polished_andesite":8,"minecraft:white_candle":114,"minecraft:black_concrete_powder":24,"minecraft:lever":2,"minecraft:dead_brain_coral_block":5,"minecraft:granite":5,"minecraft:cyan_dye":4,"minecraft:golden_horse_armor":1,"minecraft:bread":455,"livingthings:elephant":2,"minecraft:jack_o_lantern":15,"minecraft:cherry_slab":5,"minecraft:dark_oak_fence":25,"minecraft:crimson_roots":62,"minecraft:diamond_pickaxe":9,"livingthings:lion":6,"minecraft:crafting_table":18,"minecraft:coarse_dirt":1,"minecraft:bubble_coral_fan":22,"minecraft:clay_ball":168,"minecraft:golden_pickaxe":7,"minecraft:leather_leggings":1,"minecraft:stripped_cherry_log":72,"minecraft:fire_coral":8,"minecraft:cornflower":10,"variantcraftingtables:cherry_crafting_table":4,"minecraft:red_bed":39,"beautify:lamp_jar":1,"minecraft:flint_and_steel":1,"beautify:acacia_trellis":1,"minecraft:compass":1,"minecraft:iron_shovel":30,"minecraft:glass_pane":73,"minecraft:cracked_stone_bricks":6,"minecraft:cartography_table":1,"minecraft:netherite_sword":6,"minecraft:beef":152,"minecraft:jungle_sapling":1,"minecraft:poppy":15,"minecraft:chest":13,"minecraft:birch_sapling":9,"minecraft:egg":31,"minecraft:stone":2,"minecraft:raw_gold_block":17,"minecraft:oak_door":4,"minecraft:amethyst_cluster":1,"minecraft:fire_charge":2,"cookingforblockheads:milk_jar":1,"minecraft:carrot":501,"minecraft:redstone":318,"minecraft:prismarine_crystals":4,"mutantmonsters:creeper_shard":1,"minecraft:diamond_chestplate":3,"minecraft:cooked_cod":17,"minecraft:beetroot_seeds":353,"minecraft:decorated_pot":46,"minecraft:tube_coral_fan":19,"moreberries:yellow_berry_bush":32,"minecraft:diamond_boots":2,"minecraft:hay_block":289,"minecraft:gold_ingot":209,"minecraft:totem_of_undying":6,"minecraft:glow_berries":54,"minecraft:mutton":125,"minecraft:white_wool":85,"minecraft:rail":2,"minecraft:bone_block":261,"minecraft:crimson_slab":91,"minecraft:stripped_oak_log":3,"minecraft:clock":2,"minecraft:jungle_fence":2,"minecraft:ochre_froglight":2,"minecraft:filled_map":10,"minecraft:torchflower":1,"minecraft:oak_log":213,"minecraft:lily_pad":6,"minecraft:golden_boots":2,"mutantmonsters:mutant_skeleton_limb":16,"minecraft:white_banner":12,"minecraft:apple":124,"minecraft:stone_bricks":78,"travelersbackpack:cake":70,"minecraft:kelp":15,"minecraft:warped_stem":2,"minecraft:spore_blossom":23,"minecraft:stone_pickaxe":3,"minecraft:glass_bottle":8,"minecraft:iron_sword":12,"minecraft:flowering_azalea":27,"minecraft:dark_oak_stairs":1,"minecraft:prismarine_brick_stairs":3,"minecraft:dark_oak_slab":1,"minecraft:milk_bucket":8,"beautify:bookstack":4,"minecraft:sweet_berries":207,"valentines_blessing:purppadit":30,"minecraft:gravel":123,"minecraft:dead_fire_coral_block":7,"minecraft:crimson_stairs":15,"minecraft:small_amethyst_bud":3,"minecraft:crying_obsidian":17,"minecraft:sea_lantern":4,"minecraft:diamond_shovel":1,"travelersbackpack:standard":6,"minecraft:firework_rocket":1,"minecraft:slime_ball":9,"minecraft:short_grass":6,"minecraft:diamond_axe":4,"minecraft:painting":8,"minecraft:gray_wool":4,"minecraft:warped_roots":85,"minecraft:lodestone":1,"minecraft:baked_potato":16,"minecraft:brown_banner":14,"minecraft:stripped_dark_oak_log":25,"minecraft:ender_pearl":4,"livingthings:crab":26,"minecraft:wheat":459,"minecraft:sentry_armor_trim_smithing_template":1,"minecraft:potion":16,"livingthings:cooked_crab":3,"minecraft:nether_brick":12,"minecraft:stone_brick_stairs":3,"minecraft:crimson_planks":321,"mutantmonsters:mutant_skeleton_skull":4,"minecraft:raw_copper":97,"minecraft:smooth_stone_slab":7,"minecraft:iron_leggings":11,"minecraft:armor_stand":23,"minecraft:red_candle":41,"minecraft:zombie_head":1,"minecraft:oak_sign":2,"minecraft:sea_pickle":45,"minecraft:bucket":30,"minecraft:rose_bush":23,"minecraft:calcite":53,"minecraft:azalea":2,"minecraft:wooden_shovel":7,"minecraft:iron_pickaxe":23,"cookingforblockheads:no_filter_edition":1,"minecraft:iron_boots":13,"minecraft:furnace":48,"minecraft:stick":206,"minecraft:oak_fence":10,"minecraft:torch":426,"minecraft:porkchop":169,"minecraft:crimson_button":5,"minecraft:pointed_dripstone":56,"minecraft:diorite":10,"minecraft:vine":1,"minecraft:goat_horn":4,"mutantmonsters:hulk_hammer":2,"minecraft:quartz_block":175,"minecraft:rotten_flesh":156,"minecraft:fire_coral_fan":21,"mutantmonsters:mutant_skeleton_shoulder_pad":8,"minecraft:obsidian":7,"minecraft:cod":87,"minecraft:cobblestone":8552,"minecraft:nautilus_shell":1,"minecraft:enchanting_table":1,"moreberries:orange_berries":31,"minecraft:pink_petals":7505,"minecraft:leather_chestplate":5,"minecraft:lilac":11,"minecraft:cherry_planks":326,"minecraft:andesite":15,"minecraft:golden_leggings":7,"minecraft:potato":101,"minecraft:magenta_dye":21,"minecraft:tuff":13,"minecraft:horn_coral":9,"minecraft:lapis_lazuli":305,"minecraft:dirt":4232,"mutantmonsters:creeper_minion_tracker":1,"minecraft:name_tag":14,"minecraft:leather_boots":6,"minecraft:glass":58,"minecraft:bone":106,"travelersbackpack:backpack_tank":1,"minecraft:bow":5,"minecraft:wheat_seeds":706,"minecraft:orange_tulip":1,"minecraft:raw_gold":31,"minecraft:bell":2,"minecraft:light_blue_dye":1,"minecraft:grindstone":3,"minecraft:netherite_axe":2,"minecraft:mossy_stone_bricks":1,"minecraft:bamboo":73,"minecraft:oak_planks":85,"minecraft:brain_coral":11,"minecraft:ghast_tear":1,"moreberries:black_berry_bush":10,"minecraft:pink_stained_glass":2,"minecraft:cooked_porkchop":87,"minecraft:music_disc_13":3,"minecraft:pink_stained_glass_pane":53,"minecraft:poisonous_potato":1,"minecraft:sand":220,"minecraft:grass_block":3,"minecraft:cyan_bed":5,"minecraft:spectral_arrow":7,"minecraft:mossy_cobblestone":1,"minecraft:dark_prismarine":5,"travelersbackpack:white_sleeping_bag":1,"minecraft:sugar":9,"minecraft:clay":64,"minecraft:diamond":51,"minecraft:soul_lantern":1,"minecraft:cracked_polished_blackstone_bricks":1,"minecraft:crossbow":1,"minecraft:bone_meal":10,"minecraft:golden_apple":4,"minecraft:emerald":314,"minecraft:oak_sapling":15,"minecraft:netherrack":2180,"minecraft:cocoa_beans":20,"minecraft:charcoal":32,"minecraft:allium":15,"minecraft:azure_bluet":78,"minecraft:chicken":54,"minecraft:ladder":7,"minecraft:brown_mushroom":5,"minecraft:wooden_pickaxe":1,"minecraft:pink_wool":1,"minecraft:gold_block":16,"minecraft:shield":15,"minecraft:brick":295,"moreberries:blue_berry_bush":29,"minecraft:stone_stairs":1,"minecraft:moss_carpet":29,"minecraft:iron_axe":14,"minecraft:wooden_sword":2,"livingthings:banana":18,"minecraft:quartz_slab":7,"minecraft:blackstone":91,"minecraft:candle":27,"minecraft:oak_boat":2,"moreberries:orange_berry_bush":14,"minecraft:player_head":31,"minecraft:observer":2,"minecraft:light_gray_wool":5,"minecraft:lectern":185,"minecraft:sugar_cane":75,"minecraft:cherry_trapdoor":27,"minecraft:phantom_membrane":5,"minecraft:dark_oak_sapling":24,"minecraft:raw_iron":585,"minecraft:cherry_stairs":1,"minecraft:copper_ingot":1,"minecraft:bowl":1,"minecraft:note_block":4,"minecraft:polished_blackstone_bricks":2,"minecraft:stone_button":3,"minecraft:cookie":8,"minecraft:iron_horse_armor":1,"minecraft:dark_oak_planks":24,"minecraft:cherry_fence_gate":4,"minecraft:tube_coral":10,"moreberries:blue_berries":345,"minecraft:arrow":180,"minecraft:weeping_vines":20,"moreberries:yellow_berries":83,"minecraft:pumpkin_pie":14,"beautify:botanist_workbench":3,"mutantmonsters:mutant_skeleton_rib":10,"minecraft:saddle":6,"minecraft:glistering_melon_slice":4,"minecraft:skeleton_skull":12,"livingthings:cooked_lion":3,"travelersbackpack:melon":1,"minecraft:basalt":11,"minecraft:dark_oak_button":2,"minecraft:golden_carrot":1,"minecraft:glow_ink_sac":1,"minecraft:crimson_stem":642,"minecraft:salmon":35,"betterend:diamond_hammer":2,"minecraft:leather":112,"minecraft:birch_planks":31,"livingthings:giraffe":6,"minecraft:mushroom_stew":3,"minecraft:crimson_fungus":19,"minecraft:cobblestone_wall":3,"minecraft:yellow_bed":8,"minecraft:nether_wart_block":62,"minecraft:gunpowder":55,"livingthings:crab_shell":7,"minecraft:piglin_head":9,"minecraft:cooked_mutton":16,"lolmcv:cherry_chest":2,"minecraft:red_carpet":4,"minecraft:coast_armor_trim_smithing_template":2,"minecraft:rabbit_hide":5,"minecraft:iron_ingot":31,"minecraft:cooked_chicken":1,"minecraft:mossy_stone_brick_wall":1,"minecraft:prismarine_brick_slab":1,"minecraft:acacia_sapling":1,"minecraft:soul_sand":89,"minecraft:book":381,"minecraft:oak_slab":2,"minecraft:pink_bed":18,"minecraft:warped_fungus":10,"minecraft:emerald_block":55,"minecraft:pumpkin":75,"minecraft:chiseled_stone_bricks":1,"minecraft:stone_brick_slab":1,"minecraft:quartz":2595,"minecraft:dandelion":10,"minecraft:raw_iron_block":1,"minecraft:dripstone_block":12,"minecraft:brain_coral_fan":27,"minecraft:amethyst_shard":35,"minecraft:soul_torch":1,"minecraft:red_banner":3,"valentines_blessing:padpit":97,"minecraft:white_bed":3,"minecraft:spider_eye":13,"minecraft:pumpkin_seeds":24,"minecraft:sculk_sensor":1,"minecraft:dried_kelp_block":143,"minecraft:dead_bubble_coral_block":8,"minecraft:honey_block":1,"minecraft:chainmail_leggings":2,"minecraft:iron_helmet":7,"minecraft:cherry_sapling":268,"minecraft:damaged_anvil":1,"minecraft:black_wool":4,"minecraft:dark_oak_wood":1,"minecraft:coal":1229,"minecraft:sunflower":2},"minecraft:used":{"minecraft:moss_block":10,"minecraft:beetroot":134,"minecraft:jack_o_lantern":24,"minecraft:writable_book":1,"beautify:acacia_trellis":1,"minecraft:ladder":6,"minecraft:poppy":2,"minecraft:chest":13,"minecraft:stone":2,"minecraft:rotten_flesh":78,"minecraft:soul_sand":20,"betterend:diamond_hammer":3,"variantcraftingtables:cherry_crafting_table":4,"minecraft:weeping_vines":10,"minecraft:azure_bluet":12,"minecraft:grass_block":2,"minecraft:birch_sapling":5,"minecraft:cherry_leaves":75,"minecraft:dark_oak_slab":1,"minecraft:dark_oak_button":2,"minecraft:pink_wool":1,"livingthings:cooked_lion":3,"minecraft:bow":1,"minecraft:cooked_cod":16,"minecraft:furnace":31,"minecraft:sweet_berries":22,"mutantmonsters:hulk_hammer":74,"minecraft:oak_sapling":6,"minecraft:egg":10,"minecraft:potato":12,"minecraft:damaged_anvil":1,"minecraft:diorite":10,"minecraft:blackstone":13,"minecraft:wooden_pickaxe":63,"minecraft:composter":8,"moreberries:blue_berries":270,"moreberries:blue_berry_cake":1,"minecraft:cookie":1,"minecraft:golden_apple":6,"minecraft:sand":2,"minecraft:black_concrete_powder":32,"mutantmonsters:mutant_skeleton_skull":3,"minecraft:stone_button":1,"minecraft:lectern":171,"minecraft:soul_lantern":1,"minecraft:nether_wart_block":18,"minecraft:diamond_sword":960,"minecraft:wooden_sword":84,"minecraft:smithing_table":3,"minecraft:dark_oak_fence":4,"minecraft:poisonous_potato":2,"minecraft:birch_log":5,"moreberries:black_berry_bush":10,"minecraft:iron_bars":8,"minecraft:stone_sword":195,"minecraft:carved_pumpkin":15,"minecraft:armor_stand":16,"minecraft:cooked_salmon":20,"minecraft:netherrack":759,"minecraft:torch":55,"minecraft:orange_bed":7,"lolmcv:cherry_chest":5,"minecraft:fern":1,"minecraft:shroomlight":1,"minecraft:sea_lantern":1,"minecraft:iron_axe":877,"mutantmonsters:creeper_shard":1,"minecraft:totem_of_undying":2,"minecraft:pink_stained_glass_pane":2,"minecraft:cherry_fence_gate":4,"livingthings:cooked_crab":3,"minecraft:basalt":1,"minecraft:beef":21,"minecraft:goat_horn":75,"minecraft:pointed_dripstone":15,"minecraft:golden_axe":174,"minecraft:cobbled_deepslate":47,"minecraft:cherry_fence":10,"minecraft:cherry_log":69,"minecraft:observer":1,"minecraft:crimson_stem":4,"minecraft:wheat_seeds":303,"minecraft:water_bucket":108,"minecraft:warped_stem":1,"minecraft:prismarine_brick_slab":1,"minecraft:birch_planks":85,"minecraft:lead":2,"minecraft:cherry_planks":130,"minecraft:cracked_stone_bricks":6,"minecraft:polished_blackstone_bricks":2,"minecraft:salmon":18,"minecraft:rail":2,"minecraft:red_bed":38,"minecraft:crafting_table":20,"minecraft:oak_slab":2,"minecraft:cod":4,"minecraft:white_bed":2,"minecraft:oak_log":18,"minecraft:dark_prismarine":5,"minecraft:diamond_pickaxe":4426,"minecraft:diamond_shovel":202,"minecraft:sunflower":2,"minecraft:iron_pickaxe":7408,"minecraft:suspicious_stew":1,"minecraft:chiseled_stone_bricks":1,"minecraft:pink_bed":17,"minecraft:cobblestone":239,"minecraft:potion":3,"travelersbackpack:standard":2,"minecraft:cooked_porkchop":86,"minecraft:porkchop":30,"minecraft:dandelion":7,"moreberries:blue_berry_bush":21,"minecraft:candle":18,"minecraft:jukebox":2,"minecraft:cherry_sapling":157,"minecraft:moss_carpet":1,"minecraft:iron_shovel":5159,"minecraft:oak_sign":1,"minecraft:bone_block":6,"moreberries:yellow_berry_bush":18,"minecraft:decorated_pot":17,"minecraft:iron_sword":627,"minecraft:bell":1,"minecraft:player_head":6,"minecraft:white_candle":41,"minecraft:mutton":21,"minecraft:prismarine_brick_stairs":3,"minecraft:carrot":161,"minecraft:tuff":2,"minecraft:music_disc_13":2,"minecraft:axolotl_bucket":3,"minecraft:obsidian":1,"minecraft:milk_bucket":5,"minecraft:honey_bottle":6,"moreberries:black_berries":64,"minecraft:cyan_terracotta":1,"minecraft:lantern":7,"minecraft:crimson_roots":10,"minecraft:stone_bricks":38,"minecraft:golden_sword":171,"minecraft:red_carpet":2,"minecraft:warped_fungus":8,"minecraft:hay_block":1,"minecraft:beetroot_seeds":55,"minecraft:skeleton_skull":6,"minecraft:dark_oak_sapling":15,"minecraft:dark_oak_stairs":1,"minecraft:stone_pickaxe":272,"minecraft:oak_planks":26,"minecraft:jungle_fence":1,"minecraft:ender_pearl":2,"travelersbackpack:iron_golem":3,"beautify:botanist_workbench":2,"travelersbackpack:melon":4,"minecraft:diamond_axe":1390,"minecraft:white_wool":8,"minecraft:loom":2,"minecraft:mushroom_stew":2,"minecraft:note_block":2,"minecraft:ochre_froglight":1,"minecraft:dripstone_block":10,"minecraft:shears":245,"minecraft:lever":2,"minecraft:firework_rocket":8,"minecraft:lime_carpet":1,"minecraft:melon_slice":124,"minecraft:bread":577,"minecraft:cyan_bed":2,"minecraft:gravel":3,"beautify:lamp_jar":1,"minecraft:grindstone":3,"minecraft:andesite":10,"minecraft:coarse_dirt":1,"minecraft:tropical_fish_bucket":2,"minecraft:golden_pickaxe":256,"minecraft:oak_fence":6,"minecraft:cherry_boat":7,"minecraft:netherite_sword":723,"minecraft:tropical_fish":7,"minecraft:flint_and_steel":5,"minecraft:crimson_fence":2,"minecraft:spruce_planks":1,"minecraft:wooden_shovel":181,"minecraft:cooked_chicken":10,"minecraft:dirt":2616,"minecraft:cobblestone_wall":1,"minecraft:granite":4,"minecraft:iron_hoe":5,"minecraft:oak_stairs":10,"minecraft:red_candle":3,"minecraft:crimson_planks":37,"minecraft:light_gray_wool":1,"moreberries:yellow_berries":32,"minecraft:golden_carrot":4,"minecraft:soul_soil":10,"travelersbackpack:cake":128,"minecraft:cooked_beef":15,"minecraft:pumpkin":10,"minecraft:cooked_mutton":6,"minecraft:amethyst_block":1,"minecraft:glass_bottle":4,"minecraft:polished_andesite":3,"minecraft:baked_potato":13,"minecraft:stonecutter":3,"minecraft:dead_fire_coral_block":3,"minecraft:painting":9,"minecraft:piglin_head":7,"minecraft:flower_pot":10,"minecraft:black_wool":3,"minecraft:apple":129,"minecraft:cracked_polished_blackstone_bricks":1,"minecraft:chicken":5,"minecraft:netherite_axe":75,"minecraft:stone_slab":7,"beautify:bookstack":4,"minecraft:pink_petals":1224,"minecraft:fishing_rod":8,"minecraft:white_banner":7,"minecraft:red_banner":3,"minecraft:bucket":122,"minecraft:pumpkin_pie":30,"minecraft:yellow_bed":2,"minecraft:gray_wool":2,"minecraft:soul_torch":1},"minecraft:broken":{"minecraft:wooden_shovel":3,"minecraft:diamond_helmet":1,"minecraft:shears":1,"minecraft:iron_boots":1,"minecraft:golden_sword":6,"minecraft:diamond_pickaxe":1,"minecraft:wooden_sword":1,"minecraft:iron_sword":3,"minecraft:stone_sword":1,"minecraft:diamond_leggings":1,"minecraft:wooden_pickaxe":1,"minecraft:iron_axe":1,"minecraft:iron_pickaxe":29,"minecraft:iron_helmet":1,"minecraft:golden_helmet":3,"minecraft:iron_shovel":19,"minecraft:stone_pickaxe":2,"minecraft:diamond_boots":1,"minecraft:golden_chestplate":2,"minecraft:golden_axe":5,"minecraft:leather_boots":2,"minecraft:golden_pickaxe":8},"minecraft:crafted":{"minecraft:black_dye":25,"minecraft:cherry_wood":6,"minecraft:chain":12,"minecraft:diamond_shovel":1,"minecraft:bookshelf":23,"minecraft:cooked_mutton":139,"minecraft:cooked_rabbit":5,"minecraft:flower_pot":2,"lolmcv:cherry_chest":3,"minecraft:redstone_lamp":19,"minecraft:wooden_shovel":1,"minecraft:cooked_porkchop":118,"minecraft:copper_ingot":30,"minecraft:painting":1,"minecraft:stone_brick_stairs":19,"minecraft:iron_pickaxe":22,"minecraft:black_candle":7,"minecraft:gold_ingot":7,"minecraft:jack_o_lantern":9,"minecraft:candle":9,"minecraft:black_concrete_powder":8,"minecraft:dark_oak_planks":256,"minecraft:lead":6,"minecraft:wheat":1656,"minecraft:enchanting_table":1,"minecraft:glowstone":37,"minecraft:enchanted_book":1,"minecraft:crimson_fence":3,"minecraft:oak_planks":92,"minecraft:cooked_chicken":62,"minecraft:cherry_boat":1,"minecraft:stone":50,"minecraft:cherry_fence":6,"beautify:botanist_workbench":1,"minecraft:crafting_table":5,"livingthings:cooked_giraffe":2,"beautify:bookstack":1,"minecraft:baked_potato":107,"minecraft:wooden_pickaxe":1,"beautify:rope":1,"minecraft:birch_planks":92,"livingthings:cooked_crab":3,"minecraft:apple":4,"minecraft:diamond_pickaxe":1,"minecraft:stick":172,"minecraft:iron_ingot":332,"minecraft:cherry_planks":92,"minecraft:wooden_sword":1,"minecraft:raw_iron":189,"moreberries:blue_berry_cake":1,"minecraft:furnace":4,"minecraft:iron_axe":5,"minecraft:iron_hoe":1,"minecraft:cherry_fence_gate":1,"minecraft:cooked_beef":81,"minecraft:cooked_cod":39,"minecraft:cooked_salmon":35,"minecraft:bucket":21,"minecraft:bread":514},"minecraft:killed_by":{"minecraft:vindicator":11,"minecraft:zombie":1,"minecraft:vex":1,"mutantmonsters:mutant_skeleton":1,"midnightlurker:midnight_lurker_unprovoked":4,"midnightlurker:midnight_lurker_aggressive":1,"minecraft:creeper":1,"midnightlurker:void_hands":1,"minecraft:player":1,"minecraft:skeleton":2},"minecraft:killed":{"betternether:firefly":1,"minecraft:zombie_horse":2,"minecraft:pufferfish":1,"minecraft:skeleton":67,"minecraft:chicken":27,"livingthings:shark":1,"minecraft:tropical_fish":2,"minecraft:magma_cube":4,"minecraft:salmon":32,"livingthings:mantaray":46,"minecraft:pillager":39,"minecraft:goat":7,"tinyskeletons:baby_skeleton":3,"minecraft:zombie":131,"minecraft:cow":47,"livingthings:snail":3,"minecraft:evoker":1,"minecraft:vindicator":28,"minecraft:horse":4,"livingthings:crab":14,"minecraft:husk":5,"minecraft:rabbit":4,"minecraft:wandering_trader":4,"minecraft:ravager":1,"mutantmonsters:creeper_minion":2,"minecraft:enderman":1,"minecraft:witch":6,"livingthings:monkey":1,"minecraft:spider":24,"livingthings:lion":1,"minecraft:silverfish":1,"minecraft:piglin":1,"minecraft:pig":43,"minecraft:zombie_villager":5,"livingthings:giraffe":2,"endermanoverhaul:nether_wastes_enderman":1,"minecraft:creeper":7,"minecraft:sheep":60,"minecraft:trader_llama":6,"livingthings:seahorse":1,"livingthings:owl":2,"minecraft:vex":6,"livingthings:peacock":3,"livingthings:raccoon":1,"livingthings:nether_knight":1,"minecraft:phantom":7,"endermanoverhaul:scarab":2,"endermanoverhaul:soulsand_valley_enderman":1,"minecraft:drowned":11,"betternether:naga":1,"minecraft:hoglin":9,"minecraft:squid":5,"endermanoverhaul:spirit":3,"livingthings:koala":1,"mutantmonsters:mutant_zombie":1,"livingthings:elephant":1},"minecraft:custom":{"minecraft:interact_with_crafting_table":112,"minecraft:open_barrel":510,"minecraft:bell_ring":353,"minecraft:eat_cake_slice":2,"minecraft:leave_game":52,"minecraft:time_since_death":645032,"minecraft:play_time":5333586,"minecraft:deaths":27,"minecraft:jump":61876,"minecraft:enchant_item":2,"minecraft:interact_with_furnace":326,"minecraft:play_record":2,"minecraft:traded_with_villager":17,"minecraft:interact_with_cartography_table":1,"minecraft:sleep_in_bed":244,"minecraft:damage_dealt":107071,"minecraft:interact_with_smoker":34,"minecraft:interact_with_smithing_table":4,"minecraft:horse_one_cm":1572853,"minecraft:interact_with_anvil":15,"minecraft:sneak_time":74610,"minecraft:total_world_time":5333586,"minecraft:tune_noteblock":314,"minecraft:interact_with_stonecutter":5,"minecraft:time_since_rest":221623,"minecraft:swim_one_cm":1776011,"minecraft:fly_one_cm":10284887,"minecraft:open_chest":1967,"minecraft:fish_caught":1,"minecraft:fall_one_cm":1266204,"minecraft:animals_bred":39,"minecraft:sprint_one_cm":19743881,"minecraft:drop":3319,"minecraft:play_noteblock":2,"minecraft:talked_to_villager":598,"minecraft:interact_with_brewingstand":1,"minecraft:walk_on_water_one_cm":650846,"minecraft:interact_with_loom":15,"minecraft:crouch_one_cm":173899,"minecraft:mob_kills":699,"minecraft:interact_with_campfire":12,"minecraft:climb_one_cm":69209,"minecraft:walk_one_cm":13254739,"minecraft:raid_win":3,"minecraft:walk_under_water_one_cm":459824,"minecraft:boat_one_cm":2895521,"minecraft:pot_flower":8,"minecraft:interact_with_grindstone":4,"minecraft:damage_taken":40695,"minecraft:damage_absorbed":128,"minecraft:trigger_trapped_chest":1},"minecraft:dropped":{"minecraft:crimson_stem":232,"minecraft:iron_sword":6,"minecraft:short_grass":6,"minecraft:porkchop":17,"minecraft:lapis_lazuli":203,"minecraft:cooked_beef":50,"minecraft:glass_bottle":5,"minecraft:diamond":56,"minecraft:crafting_table":2,"minecraft:cooked_porkchop":30,"minecraft:crossbow":1,"minecraft:orange_tulip":1,"minecraft:weeping_vines":17,"minecraft:warped_roots":1,"mutantmonsters:creeper_shard":1,"minecraft:saddle":5,"minecraft:quartz_pillar":1,"mutantmonsters:mutant_skeleton_shoulder_pad":6,"minecraft:leather_helmet":1,"minecraft:gold_block":4,"minecraft:emerald":18,"livingthings:giraffe":4,"minecraft:dirt":202,"minecraft:dark_oak_fence":10,"minecraft:cherry_leaves":90,"minecraft:jungle_sapling":1,"minecraft:wooden_sword":1,"minecraft:gold_nugget":101,"minecraft:bone_meal":5,"minecraft:phantom_membrane":5,"minecraft:sand":147,"mutantmonsters:creeper_minion_tracker":1,"minecraft:iron_pickaxe":16,"travelersbackpack:backpack_tank":1,"minecraft:dark_oak_planks":6,"minecraft:white_wool":61,"minecraft:bone":65,"minecraft:oak_door":4,"minecraft:note_block":2,"minecraft:emerald_block":55,"mutantmonsters:hulk_hammer":1,"minecraft:cooked_chicken":53,"minecraft:golden_chestplate":1,"minecraft:cobbled_deepslate":5,"minecraft:birch_sapling":4,"minecraft:netherite_sword":3,"minecraft:wheat":234,"minecraft:obsidian":2,"minecraft:stripped_dark_oak_log":24,"minecraft:rotten_flesh":55,"minecraft:oak_planks":79,"minecraft:enchanted_golden_apple":1,"minecraft:glowstone_dust":81,"minecraft:white_bed":1,"minecraft:dead_fire_coral_block":4,"minecraft:charcoal":32,"minecraft:quartz_block":111,"minecraft:acacia_sapling":1,"minecraft:beef":3,"minecraft:crying_obsidian":1,"minecraft:stone_brick_stairs":22,"minecraft:lectern":10,"minecraft:golden_boots":2,"minecraft:crimson_planks":3,"minecraft:enchanted_book":4,"minecraft:iron_ingot":67,"minecraft:black_dye":27,"minecraft:wheat_seeds":299,"minecraft:clock":1,"minecraft:tnt":2,"minecraft:golden_horse_armor":1,"minecraft:dripstone_block":2,"minecraft:feather":30,"minecraft:oak_fence":4,"minecraft:iron_helmet":2,"minecraft:cobblestone":4691,"minecraft:book":54,"minecraft:apple":15,"minecraft:granite":6,"minecraft:coal_block":1,"minecraft:coal":313,"minecraft:mushroom_stew":1,"minecraft:golden_apple":2,"minecraft:pufferfish":1,"minecraft:gray_wool":2,"minecraft:golden_carrot":2,"minecraft:ink_sac":14,"minecraft:lodestone":1,"minecraft:cherry_planks":9,"minecraft:diamond_helmet":1,"minecraft:potion":7,"minecraft:stripped_birch_log":1,"minecraft:pumpkin":3,"minecraft:white_banner":1,"minecraft:chainmail_leggings":1,"minecraft:iron_shovel":8,"minecraft:string":206,"minecraft:lily_pad":3,"minecraft:soul_soil":20,"minecraft:player_head":2,"minecraft:bowl":3,"minecraft:chicken":3,"minecraft:clay_ball":168,"minecraft:iron_boots":2,"minecraft:name_tag":10,"minecraft:oak_sign":1,"minecraft:diamond_sword":4,"minecraft:potato":3,"minecraft:hay_block":12,"livingthings:elephant":2,"minecraft:shroomlight":3,"minecraft:flower_pot":3,"minecraft:allium":15,"minecraft:spruce_planks":2,"minecraft:diamond_pickaxe":3,"minecraft:yellow_bed":6,"minecraft:wooden_shovel":3,"livingthings:crab_shell":6,"minecraft:spider_eye":11,"minecraft:stone_bricks":14,"minecraft:bamboo":9,"minecraft:bow":6,"minecraft:red_tulip":2,"travelersbackpack:cake":2,"minecraft:cyan_bed":3,"minecraft:black_wool":1,"mutantmonsters:mutant_skeleton_skull":1,"minecraft:quartz_slab":1,"minecraft:terracotta":6,"minecraft:warped_stem":1,"minecraft:candle":3,"minecraft:soul_sand":44,"minecraft:moss_block":61,"minecraft:brown_mushroom":5,"minecraft:birch_planks":1,"minecraft:diamond_axe":1,"minecraft:warped_fungus":2,"minecraft:oak_log":24,"minecraft:baked_potato":52,"minecraft:dark_oak_sapling":7,"minecraft:decorated_pot":17,"minecraft:jungle_fence":1,"minecraft:lantern":67,"minecraft:leather":74,"travelersbackpack:standard":4,"minecraft:flint":29,"minecraft:deepslate_tile_stairs":2,"minecraft:redstone_lamp":19,"minecraft:dark_oak_log":5,"minecraft:cherry_trapdoor":1,"minecraft:cornflower":10,"minecraft:dark_oak_wood":1,"minecraft:mutton":4,"minecraft:crimson_roots":3,"minecraft:coast_armor_trim_smithing_template":2,"minecraft:cooked_cod":9,"minecraft:pumpkin_pie":21,"minecraft:amethyst_shard":12,"minecraft:birch_log":29,"minecraft:gold_ingot":162,"minecraft:armor_stand":3,"minecraft:gravel":160,"minecraft:crimson_fungus":19,"minecraft:blackstone":42,"mutantmonsters:mutant_skeleton_pelvis":1,"minecraft:cherry_stairs":1,"minecraft:twisting_vines":1,"minecraft:cherry_sapling":77,"minecraft:beetroot":4,"minecraft:white_candle":36,"minecraft:diamond_shovel":1,"minecraft:cooked_mutton":67,"minecraft:carrot":103,"minecraft:poppy":13,"minecraft:rabbit_hide":3,"minecraft:leather_chestplate":1,"minecraft:gunpowder":21,"minecraft:mossy_stone_brick_wall":1,"travelersbackpack:white_sleeping_bag":1,"minecraft:skeleton_skull":3,"minecraft:beetroot_seeds":170,"minecraft:azalea":2,"minecraft:chest":1,"minecraft:basalt":13,"minecraft:iron_bars":1,"minecraft:arrow":160,"minecraft:quartz":2295,"minecraft:netherrack":1421,"minecraft:enchanting_table":1,"minecraft:firework_rocket":4,"minecraft:water_bucket":12,"minecraft:bread":387,"minecraft:golden_helmet":3,"minecraft:cherry_log":78,"minecraft:mossy_cobblestone":1,"minecraft:cyan_dye":3,"minecraft:diamond_leggings":1,"minecraft:poisonous_potato":4,"minecraft:netherite_axe":1,"minecraft:lead":4,"minecraft:spectral_arrow":8,"minecraft:amethyst_block":57,"minecraft:copper_ingot":1,"minecraft:tropical_fish":2,"minecraft:grass_block":1,"minecraft:stick":95,"moreberries:black_berries":19,"minecraft:torch":244,"minecraft:nether_wart_block":22,"minecraft:melon_slice":105,"minecraft:brown_wool":2,"minecraft:map":8,"minecraft:iron_leggings":4,"minecraft:iron_axe":11,"minecraft:polished_basalt":1,"minecraft:pink_petals":5439,"minecraft:bucket":39,"minecraft:redstone":320,"minecraft:dandelion":2,"cookingforblockheads:milk_jar":1,"minecraft:kelp":12,"betterend:diamond_hammer":1,"minecraft:raw_copper":13,"minecraft:tuff":7,"minecraft:raw_iron":40,"minecraft:dead_bubble_coral_block":8,"minecraft:sculk_sensor":1,"minecraft:light_gray_wool":3,"minecraft:stripped_oak_log":3,"minecraft:totem_of_undying":3,"minecraft:flint_and_steel":1,"minecraft:filled_map":5,"minecraft:shield":3,"minecraft:diamond_chestplate":1,"minecraft:iron_chestplate":1,"minecraft:andesite":5,"minecraft:cake":2,"minecraft:fire_coral":8,"minecraft:golden_leggings":1,"minecraft:oak_boat":1,"minecraft:oak_sapling":9,"minecraft:golden_sword":2,"minecraft:stripped_cherry_log":7,"minecraft:slime_ball":4,"minecraft:dead_brain_coral_block":5,"minecraft:raw_gold":10,"minecraft:calcite":11,"moreberries:blue_berries":18,"minecraft:brick":192},"minecraft:mined":{"minecraft:dark_oak_planks":4,"minecraft:white_bed":1,"minecraft:pink_bed":17,"minecraft:fire_coral_wall_fan":20,"minecraft:cherry_log":408,"minecraft:jungle_leaves":31,"minecraft:obsidian":3,"minecraft:carved_pumpkin":29,"minecraft:granite":4,"minecraft:horn_coral_fan":7,"minecraft:coal_block":3,"minecraft:bubble_coral_block":8,"minecraft:deepslate_tile_stairs":2,"minecraft:oak_wall_sign":1,"minecraft:bamboo_block":1,"minecraft:crimson_fungus":13,"minecraft:spawner":2,"minecraft:chiseled_stone_bricks":1,"minecraft:weeping_vines_plant":21,"minecraft:tall_seagrass":14,"moreberries:blue_berry_cake":1,"minecraft:cobbled_deepslate":2,"minecraft:barrel":1,"minecraft:fire":61,"minecraft:moss_carpet":24,"minecraft:pumpkin":74,"minecraft:deepslate_lapis_ore":5,"minecraft:enchanting_table":1,"minecraft:cave_vines":99,"minecraft:water_cauldron":1,"minecraft:dirt_path":2,"minecraft:oak_stairs":13,"minecraft:orange_bed":7,"minecraft:brown_mushroom":3,"minecraft:potted_brown_mushroom":1,"minecraft:red_bed":41,"minecraft:crimson_nylium":14,"minecraft:soul_fire":23,"minecraft:powder_snow":21,"minecraft:piglin_head":8,"minecraft:torch":15,"minecraft:note_block":2,"beautify:hanging_pot":4,"minecraft:melon":33,"minecraft:glass":6,"minecraft:white_candle":23,"minecraft:tube_coral_fan":10,"minecraft:cyan_bed":3,"minecraft:sugar_cane":35,"minecraft:damaged_anvil":1,"minecraft:amethyst_block":93,"minecraft:skeleton_skull":6,"minecraft:cherry_fence":2,"valentines_blessing:babypad":20,"variantcraftingtables:cherry_crafting_table":3,"mutantmonsters:mutant_skeleton_skull":1,"minecraft:wheat":162,"minecraft:jukebox":1,"minecraft:warped_fungus":11,"minecraft:stone_brick_stairs":4,"minecraft:prismarine_brick_stairs":5,"moreberries:yellow_berry_bush":25,"minecraft:loom":2,"minecraft:smooth_basalt":3,"minecraft:stonecutter":3,"minecraft:deepslate":85,"minecraft:dark_prismarine":12,"minecraft:mossy_cobblestone":1,"minecraft:cherry_sapling":15,"minecraft:dark_oak_log":437,"minecraft:jack_o_lantern":15,"minecraft:potted_flowering_azalea_bush":6,"minecraft:sea_lantern":1,"minecraft:dark_oak_fence":34,"minecraft:allium":16,"minecraft:crimson_roots":31,"minecraft:horn_coral_wall_fan":26,"minecraft:red_mushroom":1,"minecraft:cartography_table":1,"minecraft:moss_block":75,"minecraft:magenta_stained_glass_pane":1,"minecraft:horn_coral":10,"minecraft:redstone_ore":17,"minecraft:andesite":15,"minecraft:big_dripleaf_stem":8,"minecraft:potatoes":32,"minecraft:cobblestone_slab":1,"minecraft:vine":34,"minecraft:warped_stem":1,"minecraft:brain_coral_wall_fan":20,"minecraft:fire_coral_block":7,"minecraft:brain_coral":12,"minecraft:bamboo":10,"minecraft:cherry_fence_gate":4,"minecraft:bone_block":268,"minecraft:white_wool":2,"minecraft:cake":3,"minecraft:smithing_table":3,"minecraft:oak_slab":1,"minecraft:cherry_planks":14,"minecraft:soul_sand":32,"lolmcv:cherry_chest":2,"minecraft:observer":2,"minecraft:dandelion":3,"minecraft:fire_coral":7,"minecraft:cornflower":11,"moreberries:black_berry_bush":7,"minecraft:short_grass":1565,"minecraft:emerald_ore":110,"minecraft:warped_roots":46,"minecraft:campfire":2,"minecraft:brain_coral_fan":11,"minecraft:copper_ore":12,"minecraft:tall_grass":222,"minecraft:dried_kelp_block":74,"minecraft:deepslate_gold_ore":28,"minecraft:diorite":7,"beautify:lamp_jar":1,"minecraft:big_dripleaf":15,"minecraft:coarse_dirt":1,"minecraft:cobblestone_wall":1,"minecraft:birch_leaves":35,"minecraft:jungle_fence":1,"minecraft:red_wall_banner":3,"minecraft:zombie_head":1,"minecraft:sunflower":2,"minecraft:gravel":130,"minecraft:dripstone_block":12,"moreberries:blue_berry_bush":25,"minecraft:cobweb":106,"minecraft:stone_bricks":4,"travelersbackpack:cake":66,"minecraft:gold_ore":8,"minecraft:fern":14,"minecraft:spruce_planks":4,"minecraft:farmland":1,"minecraft:cobblestone_stairs":2,"minecraft:sculk_vein":29,"minecraft:brewing_stand":1,"minecraft:cave_vines_plant":22,"minecraft:budding_amethyst":9,"minecraft:grass_block":3105,"minecraft:bubble_coral_fan":7,"minecraft:purple_stained_glass_pane":1,"minecraft:soul_soil":21,"minecraft:composter":8,"minecraft:raw_iron_block":1,"minecraft:glowstone":106,"minecraft:iron_ore":247,"minecraft:azure_bluet":33,"minecraft:dark_oak_stairs":1,"minecraft:pointed_dripstone":35,"minecraft:red_tulip":1,"minecraft:iron_bars":25,"minecraft:brain_coral_block":5,"minecraft:deepslate_redstone_ore":16,"minecraft:blackstone":2,"minecraft:medium_amethyst_bud":2,"minecraft:clay":23,"minecraft:calcite":63,"minecraft:poppy":11,"minecraft:chest":10,"minecraft:nether_quartz_ore":1589,"minecraft:cobblestone":104,"minecraft:grindstone":2,"minecraft:oak_planks":35,"minecraft:wall_torch":16,"minecraft:pink_petals":2589,"minecraft:stone_stairs":1,"minecraft:seagrass":25,"minecraft:fire_coral_fan":5,"minecraft:red_candle":14,"minecraft:warped_nylium":7,"minecraft:dark_oak_slab":1,"minecraft:mossy_stone_brick_wall":1,"minecraft:nether_wart_block":55,"minecraft:birch_log":61,"minecraft:brown_wall_banner":11,"minecraft:smooth_stone_slab":4,"minecraft:oak_log":213,"minecraft:beetroots":142,"minecraft:dirt":2556,"minecraft:sand":122,"minecraft:crimson_planks":35,"minecraft:potted_red_tulip":2,"minecraft:netherrack":2265,"minecraft:oak_leaves":140,"beautify:acacia_trellis":1,"minecraft:horn_coral_block":2,"minecraft:tube_coral":12,"minecraft:emerald_block":6,"valentines_blessing:purppad":32,"beautify:botanist_workbench":3,"minecraft:nether_gold_ore":69,"minecraft:diamond_ore":10,"minecraft:tuff":12,"minecraft:candle":8,"minecraft:deepslate_diamond_ore":15,"minecraft:dark_oak_leaves":29,"minecraft:glow_lichen":7,"minecraft:lever":2,"minecraft:chiseled_bookshelf":21,"minecraft:tube_coral_wall_fan":18,"minecraft:stone_button":1,"minecraft:decorated_pot":118,"minecraft:weeping_vines":6,"travelersbackpack:white_sleeping_bag":7,"minecraft:spruce_leaves":4,"minecraft:infested_chiseled_stone_bricks":1,"moreberries:orange_berry_bush":14,"minecraft:crimson_stem":597,"minecraft:hay_block":284,"minecraft:spore_blossom":21,"minecraft:potted_dark_oak_sapling":6,"minecraft:furnace":19,"minecraft:carrots":113,"minecraft:raw_gold_block":17,"minecraft:nether_sprouts":3,"minecraft:polished_basalt":2,"minecraft:acacia_stairs":1,"valentines_blessing:padp":102,"minecraft:gold_block":6,"minecraft:bell":2,"minecraft:potted_cherry_sapling":6,"minecraft:bookshelf":54,"minecraft:shroomlight":46,"minecraft:deepslate_iron_ore":100,"minecraft:lantern":77,"minecraft:stripped_oak_log":4,"minecraft:stone":5739,"minecraft:flowering_azalea":21,"beautify:bookstack":3,"minecraft:soul_torch":1,"minecraft:stripped_dark_oak_log":8,"minecraft:basalt":11,"travelersbackpack:standard":1,"minecraft:oak_fence":15,"minecraft:crafting_table":13,"minecraft:honey_block":1,"minecraft:sculk_sensor":1,"minecraft:lectern":167,"minecraft:stone_slab":10,"minecraft:lapis_ore":11,"minecraft:lily_pad":3,"minecraft:sculk":178,"minecraft:gray_wool":1,"minecraft:birch_planks":15,"minecraft:bubble_coral":10,"minecraft:sea_pickle":16,"minecraft:sweet_berry_bush":29,"minecraft:white_wall_banner":6,"minecraft:bee_nest":2,"minecraft:yellow_bed":1,"minecraft:coal_ore":626,"minecraft:cocoa":5,"minecraft:ochre_froglight":2,"minecraft:cherry_leaves":339,"minecraft:bubble_coral_wall_fan":21,"minecraft:flower_pot":3,"minecraft:lodestone":2,"minecraft:polished_andesite":4,"minecraft:small_dripleaf":4,"minecraft:crimson_fence":2}},"DataVersion":3700}