{"stats":{"minecraft:killed_by":{"minecraft:stray":1,"minecraft:creeper":1,"minecraft:zombie":1},"minecraft:killed":{"minecraft:pig":24,"minecraft:zombie_villager":1,"minecraft:rabbit":13,"minecraft:spider":5,"minecraft:squid":1,"minecraft:sheep":23,"minecraft:horse":1,"minecraft:zombie":1,"minecraft:chicken":9,"minecraft:tropical_fish":2,"minecraft:cow":8},"minecraft:used":{"minecraft:stone_sword":125,"minecraft:rabbit":7,"minecraft:birch_planks":2,"minecraft:stone_pickaxe":133,"minecraft:baked_potato":1,"minecraft:poppy":1,"minecraft:cooked_salmon":4,"minecraft:iron_sword":159,"minecraft:cooked_chicken":12,"minecraft:blue_bed":2,"minecraft:rotten_flesh":5,"minecraft:white_wool":3,"minecraft:white_bed":2,"minecraft:crafting_table":7,"minecraft:red_bed":12,"minecraft:wooden_axe":43,"minecraft:spruce_wood":6,"minecraft:bread":17,"minecraft:melon_slice":1,"minecraft:cobblestone":12,"travelersbackpack:standard":3,"minecraft:furnace":7,"minecraft:cooked_rabbit":6,"minecraft:dandelion":1},"minecraft:mined":{"minecraft:white_bed":2,"minecraft:red_bed":11,"minecraft:dandelion":1,"travelersbackpack:standard":1,"minecraft:crafting_table":3,"minecraft:short_grass":13,"minecraft:poppy":1,"minecraft:melon":9,"minecraft:tall_grass":2,"minecraft:spruce_leaves":21,"minecraft:sugar_cane":15,"minecraft:blue_bed":2,"minecraft:large_fern":3,"minecraft:furnace":4,"minecraft:sweet_berry_bush":10,"minecraft:ice":10,"minecraft:spruce_log":43,"minecraft:birch_leaves":1,"minecraft:coal_ore":79,"minecraft:cocoa":5,"minecraft:flowering_azalea_leaves":26,"minecraft:lantern":19,"minecraft:azalea_leaves":7,"minecraft:bamboo":3,"minecraft:stone":28,"minecraft:fern":1},"minecraft:crafted":{"minecraft:cooked_beef":14,"minecraft:wooden_sword":1,"minecraft:cooked_porkchop":40,"minecraft:crafting_table":2,"minecraft:spruce_planks":78,"minecraft:cooked_chicken":9,"minecraft:baked_potato":14,"minecraft:furnace":1,"minecraft:cooked_mutton":67,"minecraft:air":0,"minecraft:spruce_wood":6,"minecraft:stick":12,"minecraft:iron_ingot":1,"minecraft:stone_pickaxe":2,"minecraft:wooden_axe":3,"minecraft:cooked_rabbit":6},"minecraft:dropped":{"minecraft:iron_ingot":1,"minecraft:sugar_cane":1,"minecraft:wheat_seeds":1,"minecraft:cooked_chicken":2,"minecraft:cooked_beef":5,"minecraft:stone_sword":1,"minecraft:crafting_table":1,"minecraft:cooked_porkchop":25,"minecraft:feather":8,"minecraft:cobblestone":2,"minecraft:light_gray_wool":3,"minecraft:leather":2,"minecraft:cooked_mutton":47,"minecraft:tropical_fish":2,"travelersbackpack:standard":1,"minecraft:rabbit_foot":4,"minecraft:rabbit_hide":8,"minecraft:wooden_axe":1,"minecraft:rabbit":1,"minecraft:spider_eye":3,"minecraft:golden_hoe":1,"minecraft:spruce_log":13,"minecraft:string":8,"minecraft:white_wool":14,"minecraft:blue_bed":3,"minecraft:black_wool":1},"minecraft:picked_up":{"minecraft:wooden_axe":1,"minecraft:cocoa_beans":12,"minecraft:crafting_table":6,"minecraft:feather":11,"minecraft:chicken":10,"minecraft:leather":8,"minecraft:golden_leggings":1,"minecraft:birch_planks":30,"minecraft:string":8,"minecraft:dirt":1,"minecraft:blue_bed":5,"minecraft:red_bed":13,"minecraft:lantern":20,"minecraft:cooked_salmon":4,"minecraft:cooked_mutton":24,"minecraft:wheat_seeds":1,"minecraft:rabbit_hide":10,"minecraft:spruce_planks":28,"minecraft:beef":16,"minecraft:stone_pickaxe":1,"minecraft:cooked_chicken":5,"minecraft:azalea":1,"minecraft:poppy":1,"minecraft:rabbit":15,"minecraft:light_gray_wool":3,"minecraft:bamboo":10,"minecraft:melon_slice":46,"minecraft:sugar_cane":65,"minecraft:iron_sword":1,"minecraft:flowering_azalea":2,"minecraft:furnace":9,"minecraft:raw_iron":1,"minecraft:golden_helmet":1,"minecraft:stick":2,"minecraft:cooked_porkchop":9,"minecraft:sweet_berries":30,"minecraft:dandelion":1,"minecraft:porkchop":51,"minecraft:spruce_sapling":2,"minecraft:white_bed":2,"minecraft:spruce_log":79,"minecraft:spider_eye":5,"minecraft:rabbit_foot":4,"travelersbackpack:standard":3,"minecraft:stone_sword":3,"minecraft:rotten_flesh":6,"minecraft:tropical_fish":2,"minecraft:golden_hoe":1,"minecraft:black_wool":1,"minecraft:mutton":36,"minecraft:coal":151,"minecraft:white_wool":18,"minecraft:cobblestone":29},"minecraft:custom":{"minecraft:interact_with_furnace":125,"minecraft:mob_kills":90,"minecraft:interact_with_crafting_table":14,"minecraft:bell_ring":16,"minecraft:leave_game":4,"minecraft:time_since_death":178235,"minecraft:climb_one_cm":2105,"minecraft:sleep_in_bed":14,"minecraft:time_since_rest":6196,"minecraft:sprint_one_cm":1264254,"minecraft:damage_taken":1557,"minecraft:walk_one_cm":483846,"minecraft:drop":106,"minecraft:damage_dealt":7738,"minecraft:swim_one_cm":72039,"minecraft:fly_one_cm":516245,"minecraft:open_chest":12,"minecraft:play_time":206165,"minecraft:crouch_one_cm":78,"minecraft:sneak_time":178,"minecraft:deaths":3,"minecraft:walk_under_water_one_cm":13446,"minecraft:boat_one_cm":60002,"minecraft:jump":3095,"minecraft:walk_on_water_one_cm":22734,"minecraft:total_world_time":206165,"minecraft:fall_one_cm":73135},"minecraft:broken":{"minecraft:stone_pickaxe":1,"minecraft:stone_sword":1}},"DataVersion":3700}