{"stats":{"minecraft:broken":{"minecraft:stone_sword":1,"minecraft:stone_axe":1,"minecraft:wooden_axe":2},"minecraft:killed_by":{"minecraft:skeleton":1},"minecraft:mined":{"minecraft:white_bed":6,"minecraft:dark_oak_leaves":2,"minecraft:lily_of_the_valley":4,"minecraft:dark_oak_log":128,"minecraft:stripped_birch_log":1,"minecraft:dandelion":1,"minecraft:crafting_table":5,"minecraft:torch":1,"minecraft:short_grass":50,"minecraft:grass_block":5,"minecraft:tall_grass":4,"minecraft:sugar_cane":8,"minecraft:furnace":2,"minecraft:carrots":10,"minecraft:birch_log":153,"minecraft:wheat":16,"minecraft:birch_leaves":10,"minecraft:pumpkin":12,"minecraft:azure_bluet":2,"minecraft:potatoes":2,"minecraft:coal_ore":40,"minecraft:water_cauldron":3,"minecraft:sunflower":1,"minecraft:stone":3,"minecraft:oak_leaves":4},"minecraft:picked_up":{"minecraft:wooden_axe":3,"minecraft:birch_log":242,"minecraft:seagrass":1,"minecraft:crafting_table":6,"minecraft:wheat":3,"minecraft:azure_bluet":2,"minecraft:feather":13,"minecraft:chicken":8,"minecraft:salmon":5,"minecraft:leather":8,"minecraft:potato":2,"minecraft:birch_planks":4,"minecraft:shield":1,"minecraft:dirt":21,"minecraft:stripped_birch_log":2,"minecraft:string":3,"minecraft:wooden_sword":2,"minecraft:cooked_mutton":1,"minecraft:bone":2,"minecraft:wheat_seeds":25,"minecraft:beef":23,"minecraft:cooked_chicken":4,"minecraft:sugar_cane":18,"minecraft:birch_sapling":2,"minecraft:iron_sword":1,"minecraft:furnace":2,"minecraft:egg":3,"minecraft:stick":17,"minecraft:pumpkin":16,"minecraft:torch":1,"minecraft:dandelion":2,"minecraft:porkchop":17,"minecraft:white_dye":1,"minecraft:sand":3,"minecraft:white_bed":7,"minecraft:carrot":10,"minecraft:lily_of_the_valley":5,"minecraft:dark_oak_log":126,"minecraft:cauldron":3,"minecraft:stone_sword":2,"minecraft:rotten_flesh":14,"minecraft:stone_axe":2,"minecraft:gray_wool":1,"minecraft:mutton":12,"minecraft:coal":60,"minecraft:white_wool":8,"minecraft:cobblestone":19,"minecraft:sunflower":1},"minecraft:killed":{"minecraft:pig":7,"minecraft:salmon":3,"minecraft:spider":2,"minecraft:horse":1,"minecraft:sheep":5,"minecraft:skeleton":1,"minecraft:zombie":3,"minecraft:chicken":5,"minecraft:drowned":1,"minecraft:turtle":2,"minecraft:cow":8},"minecraft:used":{"minecraft:cooked_mutton":8,"minecraft:stone_sword":152,"minecraft:stone_pickaxe":58,"minecraft:iron_sword":91,"minecraft:cooked_chicken":4,"minecraft:rotten_flesh":3,"minecraft:crafting_table":5,"minecraft:white_bed":6,"minecraft:azure_bluet":1,"minecraft:wooden_axe":142,"minecraft:sunflower":1,"minecraft:stone_axe":197,"minecraft:furnace":2,"minecraft:cooked_porkchop":2,"minecraft:egg":3},"minecraft:crafted":{"minecraft:cooked_porkchop":12,"minecraft:crafting_table":1,"minecraft:cooked_chicken":2,"minecraft:furnace":1,"minecraft:birch_planks":8,"minecraft:stone_axe":1,"minecraft:cooked_mutton":8,"minecraft:white_dye":2,"minecraft:stone_pickaxe":2},"minecraft:custom":{"minecraft:interact_with_furnace":26,"minecraft:mob_kills":39,"minecraft:interact_with_crafting_table":5,"minecraft:bell_ring":4,"minecraft:interact_with_stonecutter":1,"minecraft:leave_game":1,"minecraft:time_since_death":92806,"minecraft:sleep_in_bed":5,"minecraft:climb_one_cm":1272,"minecraft:time_since_rest":735,"minecraft:sprint_one_cm":471857,"minecraft:damage_taken":680,"minecraft:walk_one_cm":477230,"minecraft:drop":61,"minecraft:damage_dealt":5128,"minecraft:swim_one_cm":17701,"minecraft:talked_to_villager":1,"minecraft:fly_one_cm":58257,"minecraft:open_chest":1,"minecraft:crouch_one_cm":6934,"minecraft:play_time":122480,"minecraft:sneak_time":1387,"minecraft:deaths":1,"minecraft:walk_under_water_one_cm":24262,"minecraft:jump":987,"minecraft:walk_on_water_one_cm":19289,"minecraft:total_world_time":122480,"minecraft:fall_one_cm":12055},"minecraft:dropped":{"minecraft:birch_planks":1,"minecraft:birch_sapling":2,"minecraft:wheat":3,"minecraft:feather":13,"minecraft:leather":8,"minecraft:azure_bluet":1,"minecraft:lily_of_the_valley":3,"minecraft:dirt":21,"minecraft:gray_wool":1,"minecraft:seagrass":1,"minecraft:white_dye":3,"minecraft:arrow":1,"minecraft:white_wool":2,"minecraft:dandelion":1}},"DataVersion":3700}