{"stats":{"minecraft:broken":{"minecraft:wooden_shovel":3,"minecraft:shears":1,"minecraft:golden_sword":6,"minecraft:diamond_pickaxe":1,"minecraft:wooden_sword":1,"minecraft:iron_sword":3,"minecraft:stone_sword":1,"minecraft:wooden_pickaxe":1,"minecraft:iron_axe":1,"minecraft:iron_pickaxe":22,"minecraft:iron_helmet":1,"minecraft:golden_helmet":2,"minecraft:iron_shovel":19,"minecraft:stone_pickaxe":2,"minecraft:golden_chestplate":1,"minecraft:golden_axe":1,"minecraft:leather_boots":2,"minecraft:golden_pickaxe":8},"minecraft:killed_by":{"minecraft:vindicator":3,"minecraft:zombie":1,"minecraft:vex":1,"mutantmonsters:mutant_skeleton":1,"midnightlurker:midnight_lurker_unprovoked":3,"midnightlurker:midnight_lurker_aggressive":1,"minecraft:creeper":1,"midnightlurker:void_hands":1,"minecraft:skeleton":2},"minecraft:used":{"minecraft:beetroot":76,"minecraft:jack_o_lantern":15,"minecraft:ladder":6,"minecraft:poppy":1,"minecraft:chest":3,"minecraft:rotten_flesh":36,"minecraft:soul_sand":17,"variantcraftingtables:cherry_crafting_table":2,"minecraft:azure_bluet":1,"minecraft:grass_block":1,"minecraft:birch_sapling":4,"minecraft:dark_oak_slab":1,"minecraft:cherry_leaves":75,"minecraft:oak_sapling":1,"minecraft:furnace":28,"minecraft:egg":8,"minecraft:potato":3,"minecraft:blackstone":12,"minecraft:wooden_pickaxe":63,"minecraft:composter":8,"minecraft:golden_apple":4,"minecraft:sand":2,"mutantmonsters:mutant_skeleton_skull":1,"minecraft:lectern":5,"minecraft:nether_wart_block":2,"minecraft:diamond_sword":142,"minecraft:wooden_sword":84,"minecraft:dark_oak_fence":2,"minecraft:birch_log":4,"minecraft:iron_bars":8,"minecraft:stone_sword":195,"minecraft:carved_pumpkin":11,"minecraft:armor_stand":3,"minecraft:cooked_salmon":20,"minecraft:netherrack":510,"minecraft:orange_bed":7,"minecraft:torch":13,"minecraft:iron_axe":661,"minecraft:cherry_fence_gate":3,"minecraft:totem_of_undying":1,"minecraft:basalt":1,"minecraft:beef":15,"minecraft:goat_horn":53,"minecraft:cobbled_deepslate":1,"minecraft:cherry_fence":8,"minecraft:cherry_log":67,"minecraft:golden_axe":32,"minecraft:pointed_dripstone":2,"minecraft:crimson_stem":2,"minecraft:water_bucket":69,"minecraft:prismarine_brick_slab":1,"minecraft:birch_planks":85,"minecraft:cherry_planks":105,"minecraft:cracked_stone_bricks":1,"minecraft:polished_blackstone_bricks":2,"minecraft:salmon":18,"minecraft:rail":1,"minecraft:crafting_table":20,"minecraft:red_bed":38,"minecraft:white_bed":1,"minecraft:cod":4,"minecraft:oak_log":9,"minecraft:dark_prismarine":5,"minecraft:diamond_pickaxe":2485,"minecraft:sunflower":1,"minecraft:suspicious_stew":1,"minecraft:iron_pickaxe":5316,"minecraft:pink_bed":17,"minecraft:chiseled_stone_bricks":1,"minecraft:cobblestone":104,"minecraft:potion":3,"travelersbackpack:standard":2,"minecraft:cooked_porkchop":33,"minecraft:porkchop":17,"minecraft:dandelion":7,"minecraft:candle":18,"minecraft:jukebox":2,"minecraft:cherry_sapling":88,"minecraft:moss_carpet":1,"minecraft:iron_shovel":4955,"minecraft:bone_block":6,"minecraft:oak_sign":1,"minecraft:decorated_pot":14,"minecraft:iron_sword":627,"minecraft:bell":1,"minecraft:player_head":5,"minecraft:white_candle":37,"minecraft:mutton":15,"minecraft:prismarine_brick_stairs":3,"minecraft:carrot":111,"minecraft:milk_bucket":1,"minecraft:honey_bottle":6,"minecraft:crimson_roots":5,"minecraft:stone_bricks":5,"minecraft:golden_sword":168,"minecraft:warped_fungus":8,"minecraft:beetroot_seeds":18,"minecraft:skeleton_skull":6,"minecraft:dark_oak_stairs":1,"minecraft:stone_pickaxe":272,"minecraft:oak_planks":16,"minecraft:ender_pearl":2,"minecraft:white_wool":6,"minecraft:loom":1,"minecraft:mushroom_stew":2,"minecraft:dripstone_block":9,"minecraft:ochre_froglight":1,"minecraft:note_block":1,"minecraft:shears":235,"minecraft:firework_rocket":8,"minecraft:melon_slice":53,"minecraft:bread":295,"minecraft:cyan_bed":2,"beautify:lamp_jar":1,"minecraft:gravel":2,"minecraft:grindstone":1,"minecraft:andesite":5,"minecraft:coarse_dirt":1,"minecraft:golden_pickaxe":256,"minecraft:oak_fence":1,"minecraft:flint_and_steel":3,"minecraft:spruce_planks":1,"minecraft:wooden_shovel":181,"minecraft:cooked_chicken":10,"minecraft:dirt":2572,"minecraft:oak_stairs":10,"minecraft:red_candle":3,"minecraft:light_gray_wool":1,"minecraft:golden_carrot":4,"minecraft:soul_soil":5,"travelersbackpack:cake":51,"minecraft:cooked_beef":3,"minecraft:pumpkin":1,"minecraft:glass_bottle":3,"minecraft:polished_andesite":1,"minecraft:baked_potato":12,"minecraft:piglin_head":7,"minecraft:flower_pot":7,"minecraft:black_wool":2,"minecraft:apple":127,"minecraft:cracked_polished_blackstone_bricks":1,"minecraft:chicken":5,"minecraft:pink_petals":1004,"minecraft:white_banner":4,"minecraft:red_banner":2,"minecraft:bucket":77,"minecraft:yellow_bed":2,"minecraft:pumpkin_pie":29,"minecraft:gray_wool":2,"minecraft:soul_torch":1},"minecraft:custom":{"minecraft:interact_with_crafting_table":43,"minecraft:open_barrel":133,"minecraft:bell_ring":181,"minecraft:leave_game":28,"minecraft:time_since_death":184835,"minecraft:play_time":2840013,"minecraft:deaths":16,"minecraft:jump":31693,"minecraft:interact_with_furnace":211,"minecraft:traded_with_villager":1,"minecraft:sleep_in_bed":145,"minecraft:damage_dealt":41418,"minecraft:interact_with_smoker":4,"minecraft:horse_one_cm":171,"minecraft:interact_with_smithing_table":3,"minecraft:interact_with_anvil":4,"minecraft:sneak_time":6293,"minecraft:total_world_time":2840013,"minecraft:tune_noteblock":268,"minecraft:interact_with_stonecutter":4,"minecraft:time_since_rest":4923,"minecraft:swim_one_cm":1322336,"minecraft:fly_one_cm":5058264,"minecraft:open_chest":848,"minecraft:fall_one_cm":630380,"minecraft:animals_bred":10,"minecraft:sprint_one_cm":11334461,"minecraft:drop":1582,"minecraft:play_noteblock":1,"minecraft:talked_to_villager":322,"minecraft:interact_with_brewingstand":1,"minecraft:walk_on_water_one_cm":343411,"minecraft:interact_with_loom":9,"minecraft:crouch_one_cm":3960,"minecraft:mob_kills":291,"minecraft:interact_with_campfire":12,"minecraft:climb_one_cm":46364,"minecraft:walk_one_cm":7269617,"minecraft:raid_win":2,"minecraft:walk_under_water_one_cm":237830,"minecraft:boat_one_cm":1330729,"minecraft:pot_flower":6,"minecraft:interact_with_grindstone":1,"minecraft:damage_absorbed":119,"minecraft:damage_taken":20161},"minecraft:mined":{"minecraft:dark_oak_planks":2,"minecraft:white_bed":1,"minecraft:pink_bed":17,"minecraft:cherry_log":383,"minecraft:carved_pumpkin":10,"minecraft:coal_block":3,"minecraft:crimson_fungus":13,"minecraft:oak_wall_sign":1,"minecraft:chiseled_stone_bricks":1,"minecraft:tall_seagrass":6,"minecraft:weeping_vines_plant":10,"minecraft:fire":7,"minecraft:barrel":1,"minecraft:pumpkin":60,"minecraft:moss_carpet":1,"minecraft:deepslate_lapis_ore":5,"minecraft:cave_vines":4,"minecraft:oak_stairs":13,"minecraft:orange_bed":7,"minecraft:brown_mushroom":3,"minecraft:red_bed":41,"minecraft:crimson_nylium":1,"minecraft:soul_fire":23,"minecraft:piglin_head":8,"minecraft:powder_snow":15,"minecraft:torch":6,"minecraft:note_block":1,"minecraft:melon":20,"minecraft:white_candle":21,"minecraft:cyan_bed":3,"minecraft:sugar_cane":35,"minecraft:amethyst_block":57,"minecraft:skeleton_skull":5,"minecraft:cherry_fence":2,"variantcraftingtables:cherry_crafting_table":1,"minecraft:wheat":4,"minecraft:jukebox":1,"minecraft:warped_fungus":9,"minecraft:prismarine_brick_stairs":5,"minecraft:loom":1,"minecraft:smooth_basalt":3,"minecraft:deepslate":36,"minecraft:dark_prismarine":12,"minecraft:cherry_sapling":12,"minecraft:jack_o_lantern":13,"minecraft:sea_lantern":1,"minecraft:dark_oak_fence":10,"minecraft:crimson_roots":24,"minecraft:red_mushroom":1,"minecraft:andesite":6,"minecraft:potatoes":1,"minecraft:vine":24,"minecraft:cherry_fence_gate":3,"minecraft:cake":3,"minecraft:bone_block":240,"minecraft:white_wool":1,"minecraft:cherry_planks":2,"minecraft:soul_sand":29,"minecraft:dandelion":3,"minecraft:cornflower":1,"minecraft:short_grass":885,"minecraft:emerald_ore":5,"minecraft:campfire":2,"minecraft:copper_ore":6,"minecraft:tall_grass":142,"minecraft:dried_kelp_block":47,"minecraft:deepslate_gold_ore":28,"minecraft:diorite":1,"beautify:lamp_jar":1,"minecraft:coarse_dirt":1,"minecraft:cobblestone_wall":1,"minecraft:birch_leaves":13,"minecraft:red_wall_banner":2,"minecraft:sunflower":1,"minecraft:gravel":10,"minecraft:dripstone_block":10,"minecraft:cobweb":13,"minecraft:stone_bricks":4,"minecraft:gold_ore":8,"travelersbackpack:cake":28,"minecraft:fern":8,"minecraft:spruce_planks":4,"minecraft:sculk_vein":1,"minecraft:brewing_stand":1,"minecraft:cave_vines_plant":3,"minecraft:budding_amethyst":4,"minecraft:grass_block":3067,"minecraft:soul_soil":20,"minecraft:composter":8,"minecraft:glowstone":76,"minecraft:iron_ore":113,"minecraft:azure_bluet":33,"minecraft:red_tulip":1,"minecraft:pointed_dripstone":15,"minecraft:iron_bars":21,"minecraft:deepslate_redstone_ore":14,"minecraft:blackstone":1,"minecraft:calcite":63,"minecraft:poppy":1,"minecraft:chest":2,"minecraft:nether_quartz_ore":1165,"minecraft:cobblestone":50,"minecraft:grindstone":1,"minecraft:oak_planks":32,"minecraft:wall_torch":1,"minecraft:pink_petals":1536,"minecraft:seagrass":6,"minecraft:warped_nylium":7,"minecraft:dark_oak_slab":1,"minecraft:nether_wart_block":17,"minecraft:birch_log":49,"minecraft:smooth_stone_slab":4,"minecraft:oak_log":61,"minecraft:beetroots":78,"minecraft:dirt":2481,"minecraft:sand":64,"minecraft:netherrack":1899,"minecraft:oak_leaves":90,"minecraft:nether_gold_ore":69,"minecraft:tuff":5,"minecraft:candle":8,"minecraft:dark_oak_leaves":13,"minecraft:deepslate_diamond_ore":1,"minecraft:glow_lichen":7,"minecraft:decorated_pot":108,"minecraft:weeping_vines":6,"travelersbackpack:white_sleeping_bag":7,"minecraft:spruce_leaves":4,"minecraft:infested_chiseled_stone_bricks":1,"minecraft:crimson_stem":43,"minecraft:hay_block":134,"minecraft:spore_blossom":2,"minecraft:furnace":19,"minecraft:carrots":59,"minecraft:polished_basalt":1,"minecraft:acacia_stairs":1,"minecraft:bell":2,"minecraft:potted_cherry_sapling":5,"minecraft:bookshelf":8,"minecraft:shroomlight":33,"minecraft:deepslate_iron_ore":19,"minecraft:lantern":77,"minecraft:stone":3720,"minecraft:soul_torch":1,"minecraft:basalt":11,"travelersbackpack:standard":1,"minecraft:oak_fence":9,"minecraft:crafting_table":13,"minecraft:honey_block":1,"minecraft:lectern":1,"minecraft:lapis_ore":10,"minecraft:birch_planks":15,"minecraft:white_wall_banner":3,"minecraft:bee_nest":1,"minecraft:coal_ore":298,"minecraft:cocoa":5,"minecraft:ochre_froglight":2,"minecraft:cherry_leaves":334,"minecraft:flower_pot":1,"minecraft:lodestone":2,"minecraft:polished_andesite":1,"minecraft:crimson_fence":2},"minecraft:killed":{"minecraft:zombie_horse":2,"minecraft:pufferfish":1,"minecraft:skeleton":19,"minecraft:chicken":14,"minecraft:tropical_fish":1,"minecraft:salmon":21,"livingthings:mantaray":17,"minecraft:pillager":21,"minecraft:goat":3,"tinyskeletons:baby_skeleton":1,"minecraft:zombie":41,"minecraft:cow":25,"minecraft:evoker":1,"minecraft:vindicator":13,"minecraft:horse":3,"minecraft:wandering_trader":2,"minecraft:witch":2,"minecraft:spider":9,"minecraft:silverfish":1,"minecraft:pig":31,"minecraft:zombie_villager":1,"endermanoverhaul:nether_wastes_enderman":1,"minecraft:sheep":41,"minecraft:trader_llama":4,"minecraft:vex":6,"minecraft:drowned":4,"minecraft:hoglin":1,"endermanoverhaul:spirit":1},"minecraft:dropped":{"minecraft:crimson_stem":40,"minecraft:iron_sword":6,"minecraft:short_grass":6,"minecraft:porkchop":17,"minecraft:lapis_lazuli":71,"minecraft:cooked_beef":35,"minecraft:glass_bottle":2,"minecraft:diamond":9,"minecraft:crafting_table":2,"minecraft:crossbow":1,"minecraft:orange_tulip":1,"minecraft:weeping_vines":8,"minecraft:warped_roots":1,"minecraft:saddle":2,"minecraft:emerald":10,"minecraft:gold_block":4,"minecraft:dirt":137,"minecraft:dark_oak_fence":1,"minecraft:cherry_leaves":90,"minecraft:wooden_sword":1,"minecraft:gold_nugget":100,"minecraft:bone_meal":4,"minecraft:iron_pickaxe":2,"travelersbackpack:backpack_tank":1,"minecraft:dark_oak_planks":2,"minecraft:white_wool":45,"minecraft:bone":16,"minecraft:note_block":2,"minecraft:golden_chestplate":1,"minecraft:wheat":71,"minecraft:birch_sapling":1,"minecraft:obsidian":1,"minecraft:rotten_flesh":12,"minecraft:oak_planks":79,"minecraft:glowstone_dust":78,"minecraft:white_bed":1,"minecraft:charcoal":32,"minecraft:quartz_block":111,"minecraft:beef":3,"minecraft:crying_obsidian":1,"minecraft:lectern":2,"minecraft:crimson_planks":1,"minecraft:enchanted_book":2,"minecraft:golden_boots":2,"minecraft:iron_ingot":29,"minecraft:wheat_seeds":163,"minecraft:clock":1,"minecraft:feather":13,"minecraft:book":53,"minecraft:iron_helmet":1,"minecraft:cobblestone":367,"minecraft:coal":129,"minecraft:golden_apple":2,"minecraft:mushroom_stew":1,"minecraft:coal_block":1,"minecraft:pufferfish":1,"minecraft:gray_wool":2,"minecraft:golden_carrot":2,"minecraft:ink_sac":4,"minecraft:cherry_planks":5,"minecraft:potion":6,"minecraft:stripped_birch_log":1,"minecraft:pumpkin":3,"minecraft:iron_shovel":5,"minecraft:string":39,"minecraft:soul_soil":20,"minecraft:bowl":3,"minecraft:chicken":3,"minecraft:iron_boots":1,"minecraft:name_tag":9,"minecraft:diamond_sword":2,"minecraft:hay_block":8,"minecraft:shroomlight":1,"minecraft:spruce_planks":2,"minecraft:diamond_pickaxe":1,"minecraft:yellow_bed":5,"minecraft:wooden_shovel":3,"minecraft:spider_eye":3,"minecraft:bow":3,"minecraft:red_tulip":1,"travelersbackpack:cake":1,"minecraft:cyan_bed":3,"minecraft:quartz_slab":1,"minecraft:warped_stem":1,"minecraft:soul_sand":24,"minecraft:birch_planks":1,"minecraft:oak_log":9,"minecraft:baked_potato":52,"minecraft:decorated_pot":17,"minecraft:lantern":67,"minecraft:leather":51,"travelersbackpack:standard":3,"minecraft:flint":10,"minecraft:mutton":4,"minecraft:crimson_roots":2,"minecraft:coast_armor_trim_smithing_template":2,"minecraft:birch_log":18,"minecraft:gold_ingot":161,"minecraft:armor_stand":2,"minecraft:gravel":33,"minecraft:crimson_fungus":5,"minecraft:blackstone":42,"minecraft:twisting_vines":1,"minecraft:cherry_sapling":71,"minecraft:beetroot":2,"minecraft:white_candle":36,"minecraft:cooked_mutton":35,"minecraft:carrot":64,"minecraft:leather_chestplate":1,"minecraft:gunpowder":3,"travelersbackpack:white_sleeping_bag":1,"minecraft:skeleton_skull":1,"minecraft:beetroot_seeds":72,"minecraft:chest":1,"minecraft:basalt":10,"minecraft:iron_bars":1,"minecraft:arrow":71,"minecraft:quartz":1379,"minecraft:netherrack":1249,"minecraft:water_bucket":9,"minecraft:bread":217,"minecraft:golden_helmet":1,"minecraft:cherry_log":66,"minecraft:cyan_dye":3,"minecraft:lead":4,"minecraft:spectral_arrow":8,"minecraft:copper_ingot":1,"minecraft:tropical_fish":2,"minecraft:grass_block":1,"minecraft:stick":80,"minecraft:torch":187,"minecraft:nether_wart_block":16,"minecraft:melon_slice":105,"minecraft:brown_wool":1,"minecraft:map":8,"minecraft:iron_leggings":2,"minecraft:iron_axe":6,"minecraft:pink_petals":2845,"minecraft:bucket":22,"minecraft:redstone":116,"minecraft:kelp":7,"minecraft:raw_copper":12,"minecraft:raw_iron":36,"minecraft:light_gray_wool":3,"minecraft:totem_of_undying":3,"minecraft:filled_map":4,"minecraft:shield":2,"minecraft:iron_chestplate":1,"minecraft:andesite":2,"minecraft:golden_sword":1,"minecraft:stripped_cherry_log":1,"minecraft:raw_gold":10,"minecraft:brick":160},"minecraft:picked_up":{"minecraft:iron_chestplate":3,"minecraft:flower_pot":7,"minecraft:diamond_sword":4,"minecraft:lead":12,"minecraft:oak_stairs":10,"minecraft:enchanted_book":4,"minecraft:brewing_stand":1,"minecraft:golden_sword":5,"minecraft:amethyst_block":72,"minecraft:string":72,"minecraft:soul_soil":19,"minecraft:cooked_salmon":27,"minecraft:pufferfish":1,"minecraft:shroomlight":33,"minecraft:beetroot":74,"minecraft:cobbled_deepslate":38,"minecraft:gold_nugget":325,"minecraft:spruce_planks":3,"minecraft:melon_slice":158,"minecraft:coal_block":5,"minecraft:golden_helmet":4,"minecraft:jukebox":1,"minecraft:composter":8,"minecraft:golden_axe":1,"minecraft:cherry_log":471,"minecraft:golden_chestplate":5,"minecraft:orange_bed":8,"minecraft:stone_sword":3,"minecraft:honey_bottle":4,"minecraft:tropical_fish":2,"minecraft:red_tulip":1,"minecraft:carved_pumpkin":11,"minecraft:glowstone":1,"minecraft:iron_bars":9,"minecraft:birch_log":53,"minecraft:feather":18,"minecraft:cooked_beef":38,"minecraft:cherry_leaves":197,"minecraft:water_bucket":9,"minecraft:flint":13,"minecraft:cherry_fence":2,"minecraft:map":8,"minecraft:lantern":81,"minecraft:twisting_vines":1,"minecraft:glowstone_dust":325,"minecraft:ink_sac":4,"minecraft:loom":1,"minecraft:acacia_stairs":1,"minecraft:dark_oak_log":1,"minecraft:polished_andesite":1,"minecraft:white_candle":66,"minecraft:golden_horse_armor":1,"minecraft:bread":357,"minecraft:cyan_dye":3,"minecraft:jack_o_lantern":13,"minecraft:dark_oak_fence":4,"minecraft:crimson_roots":26,"minecraft:diamond_pickaxe":4,"minecraft:coarse_dirt":1,"minecraft:crafting_table":18,"minecraft:golden_pickaxe":7,"minecraft:leather_leggings":1,"minecraft:stripped_cherry_log":2,"variantcraftingtables:cherry_crafting_table":2,"minecraft:red_bed":39,"beautify:lamp_jar":1,"minecraft:flint_and_steel":1,"minecraft:compass":1,"minecraft:iron_shovel":24,"minecraft:cracked_stone_bricks":1,"minecraft:beef":77,"minecraft:poppy":1,"minecraft:birch_sapling":5,"minecraft:chest":4,"minecraft:egg":8,"minecraft:fire_charge":1,"minecraft:carrot":315,"minecraft:redstone":110,"minecraft:prismarine_crystals":4,"minecraft:cooked_cod":1,"minecraft:beetroot_seeds":181,"minecraft:decorated_pot":41,"minecraft:hay_block":139,"minecraft:gold_ingot":163,"minecraft:totem_of_undying":5,"minecraft:glow_berries":5,"minecraft:mutton":74,"minecraft:rail":1,"minecraft:white_wool":66,"minecraft:bone_block":236,"minecraft:clock":2,"minecraft:ochre_froglight":2,"minecraft:filled_map":6,"minecraft:oak_log":61,"minecraft:golden_boots":2,"minecraft:white_banner":9,"minecraft:stone_bricks":25,"minecraft:apple":45,"travelersbackpack:cake":30,"minecraft:kelp":7,"minecraft:warped_stem":1,"minecraft:spore_blossom":3,"minecraft:stone_pickaxe":3,"minecraft:iron_sword":12,"minecraft:dark_oak_stairs":1,"minecraft:prismarine_brick_stairs":3,"minecraft:dark_oak_slab":1,"minecraft:milk_bucket":7,"minecraft:gravel":20,"minecraft:crying_obsidian":4,"travelersbackpack:standard":5,"minecraft:short_grass":6,"minecraft:gray_wool":4,"minecraft:warped_roots":1,"minecraft:lodestone":1,"minecraft:baked_potato":16,"minecraft:ender_pearl":4,"minecraft:wheat":206,"minecraft:sentry_armor_trim_smithing_template":1,"minecraft:potion":12,"minecraft:nether_brick":12,"minecraft:crimson_planks":1,"mutantmonsters:mutant_skeleton_skull":1,"minecraft:raw_copper":35,"minecraft:armor_stand":7,"minecraft:smooth_stone_slab":7,"minecraft:iron_leggings":7,"minecraft:red_candle":3,"minecraft:oak_sign":1,"minecraft:bucket":16,"minecraft:calcite":53,"minecraft:wooden_shovel":7,"minecraft:iron_pickaxe":21,"minecraft:furnace":45,"minecraft:iron_boots":4,"minecraft:stick":127,"minecraft:oak_fence":1,"minecraft:torch":240,"minecraft:porkchop":86,"minecraft:pointed_dripstone":21,"minecraft:goat_horn":2,"minecraft:quartz_block":111,"minecraft:rotten_flesh":56,"minecraft:obsidian":1,"minecraft:cod":22,"minecraft:cobblestone":2859,"minecraft:nautilus_shell":1,"minecraft:pink_petals":4860,"minecraft:leather_chestplate":1,"minecraft:cherry_planks":134,"minecraft:andesite":7,"minecraft:golden_leggings":6,"minecraft:potato":22,"minecraft:tuff":5,"minecraft:lapis_lazuli":95,"minecraft:dirt":4106,"minecraft:name_tag":10,"minecraft:leather_boots":5,"travelersbackpack:backpack_tank":1,"minecraft:bone":34,"minecraft:bow":2,"minecraft:orange_tulip":1,"minecraft:wheat_seeds":196,"minecraft:raw_gold":31,"minecraft:bell":2,"minecraft:light_blue_dye":1,"minecraft:grindstone":1,"minecraft:oak_planks":81,"minecraft:cooked_porkchop":68,"minecraft:sand":69,"minecraft:grass_block":2,"minecraft:cyan_bed":5,"minecraft:spectral_arrow":7,"minecraft:dark_prismarine":5,"travelersbackpack:white_sleeping_bag":1,"minecraft:sugar":4,"minecraft:diamond":3,"minecraft:soul_lantern":1,"minecraft:cracked_polished_blackstone_bricks":1,"minecraft:crossbow":1,"minecraft:bone_meal":5,"minecraft:emerald":61,"minecraft:oak_sapling":1,"minecraft:netherrack":1759,"minecraft:charcoal":32,"minecraft:cocoa_beans":20,"minecraft:azure_bluet":34,"minecraft:chicken":21,"minecraft:ladder":7,"minecraft:brown_mushroom":2,"minecraft:wooden_pickaxe":1,"minecraft:gold_block":4,"minecraft:brick":253,"minecraft:shield":9,"minecraft:moss_carpet":1,"minecraft:iron_axe":9,"minecraft:wooden_sword":2,"minecraft:quartz_slab":1,"minecraft:blackstone":54,"minecraft:candle":24,"minecraft:oak_boat":1,"minecraft:player_head":12,"minecraft:light_gray_wool":5,"minecraft:lectern":7,"minecraft:sugar_cane":75,"minecraft:raw_iron":123,"minecraft:copper_ingot":1,"minecraft:bowl":1,"minecraft:note_block":3,"minecraft:polished_blackstone_bricks":2,"minecraft:cookie":8,"minecraft:dark_oak_planks":4,"minecraft:cherry_fence_gate":3,"minecraft:weeping_vines":8,"minecraft:arrow":81,"minecraft:pumpkin_pie":14,"minecraft:glistering_melon_slice":4,"minecraft:saddle":4,"minecraft:skeleton_skull":7,"minecraft:basalt":11,"minecraft:golden_carrot":1,"minecraft:crimson_stem":42,"minecraft:salmon":25,"minecraft:leather":73,"minecraft:birch_planks":31,"minecraft:mushroom_stew":3,"minecraft:crimson_fungus":13,"minecraft:gunpowder":8,"minecraft:yellow_bed":7,"minecraft:nether_wart_block":18,"minecraft:cobblestone_wall":2,"minecraft:piglin_head":8,"minecraft:cooked_mutton":16,"minecraft:coast_armor_trim_smithing_template":2,"minecraft:red_carpet":2,"minecraft:iron_ingot":4,"minecraft:cooked_chicken":1,"minecraft:prismarine_brick_slab":1,"minecraft:soul_sand":44,"minecraft:book":77,"minecraft:pink_bed":18,"minecraft:warped_fungus":8,"minecraft:pumpkin":60,"minecraft:chiseled_stone_bricks":1,"minecraft:quartz":1646,"minecraft:dandelion":8,"minecraft:dripstone_block":9,"minecraft:amethyst_shard":8,"minecraft:red_banner":2,"minecraft:soul_torch":1,"minecraft:white_bed":2,"minecraft:spider_eye":3,"minecraft:dried_kelp_block":90,"minecraft:honey_block":1,"minecraft:iron_helmet":5,"minecraft:cherry_sapling":135,"minecraft:black_wool":2,"minecraft:coal":380,"minecraft:sunflower":1},"minecraft:crafted":{"minecraft:cherry_wood":6,"minecraft:cooked_mutton":103,"minecraft:wooden_shovel":1,"minecraft:cooked_porkchop":43,"minecraft:copper_ingot":23,"minecraft:gold_ingot":7,"minecraft:wheat":981,"minecraft:oak_planks":72,"minecraft:cooked_chicken":34,"minecraft:cherry_fence":6,"minecraft:crafting_table":5,"minecraft:wooden_pickaxe":1,"minecraft:baked_potato":43,"minecraft:birch_planks":92,"minecraft:stick":24,"minecraft:cherry_planks":28,"minecraft:wooden_sword":1,"minecraft:furnace":4,"minecraft:cherry_fence_gate":1,"minecraft:cooked_beef":20,"minecraft:cooked_salmon":35,"minecraft:bread":336}},"DataVersion":3700}