{"stats":{"minecraft:killed":{"minecraft:witch":1,"minecraft:spider":2,"minecraft:zombie_horse":1,"minecraft:pufferfish":1,"minecraft:skeleton":2,"minecraft:chicken":8,"minecraft:tropical_fish":1,"minecraft:pig":13,"minecraft:salmon":19,"minecraft:sheep":18,"minecraft:pillager":12,"minecraft:goat":3,"tinyskeletons:baby_skeleton":1,"minecraft:zombie":13,"minecraft:cow":17,"minecraft:evoker":1,"minecraft:vex":6,"minecraft:vindicator":13,"minecraft:horse":2,"minecraft:drowned":2},"minecraft:crafted":{"minecraft:oak_planks":72,"minecraft:cooked_chicken":9,"minecraft:cooked_mutton":19,"minecraft:wooden_shovel":1,"minecraft:cooked_porkchop":8,"minecraft:crafting_table":3,"minecraft:wooden_pickaxe":1,"minecraft:baked_potato":39,"minecraft:birch_planks":92,"minecraft:stick":12,"minecraft:gold_ingot":7,"minecraft:wooden_sword":1,"minecraft:furnace":4},"minecraft:dropped":{"minecraft:iron_sword":3,"minecraft:lapis_lazuli":22,"minecraft:cooked_beef":35,"minecraft:oak_log":1,"minecraft:glass_bottle":2,"minecraft:diamond":5,"minecraft:crafting_table":1,"minecraft:decorated_pot":4,"minecraft:orange_tulip":1,"minecraft:crossbow":1,"minecraft:lantern":3,"minecraft:leather":17,"minecraft:saddle":2,"travelersbackpack:standard":2,"minecraft:emerald":2,"minecraft:dirt":60,"minecraft:dark_oak_fence":1,"minecraft:wooden_sword":1,"travelersbackpack:backpack_tank":1,"minecraft:dark_oak_planks":2,"minecraft:birch_log":18,"minecraft:white_wool":32,"minecraft:gold_ingot":25,"minecraft:armor_stand":1,"minecraft:note_block":2,"minecraft:wheat":68,"minecraft:birch_sapling":1,"minecraft:beetroot":1,"minecraft:rotten_flesh":2,"minecraft:oak_planks":16,"minecraft:cooked_mutton":35,"minecraft:white_bed":1,"minecraft:leather_chestplate":1,"travelersbackpack:white_sleeping_bag":1,"minecraft:skeleton_skull":1,"minecraft:charcoal":32,"minecraft:iron_bars":1,"minecraft:arrow":48,"minecraft:beef":3,"minecraft:bread":185,"minecraft:iron_ingot":29,"minecraft:enchanted_book":1,"minecraft:water_bucket":2,"minecraft:wheat_seeds":20,"minecraft:clock":1,"minecraft:cyan_dye":3,"minecraft:feather":8,"minecraft:lead":1,"minecraft:book":3,"minecraft:copper_ingot":1,"minecraft:tropical_fish":2,"minecraft:coal":23,"minecraft:golden_apple":2,"minecraft:stick":2,"minecraft:pufferfish":1,"minecraft:golden_carrot":2,"minecraft:ink_sac":2,"minecraft:torch":30,"minecraft:potion":3,"minecraft:iron_leggings":1,"minecraft:pumpkin":3,"minecraft:iron_axe":1,"minecraft:pink_petals":25,"minecraft:string":15,"minecraft:redstone":2,"minecraft:kelp":7,"minecraft:raw_copper":12,"minecraft:bowl":3,"minecraft:raw_iron":8,"minecraft:totem_of_undying":2,"minecraft:filled_map":4,"minecraft:hay_block":8,"minecraft:shield":1,"minecraft:spruce_planks":2,"minecraft:yellow_bed":5,"minecraft:wooden_shovel":3,"minecraft:golden_sword":1,"minecraft:red_tulip":1,"minecraft:raw_gold":10,"minecraft:cyan_bed":3,"minecraft:brick":155},"minecraft:mined":{"minecraft:dark_oak_planks":2,"minecraft:spruce_planks":4,"minecraft:white_bed":1,"minecraft:pink_bed":4,"minecraft:sculk_vein":1,"minecraft:cherry_log":1,"minecraft:carved_pumpkin":4,"minecraft:cave_vines_plant":3,"minecraft:grass_block":145,"minecraft:coal_block":3,"minecraft:oak_wall_sign":1,"minecraft:chiseled_stone_bricks":1,"minecraft:tall_seagrass":6,"minecraft:barrel":1,"minecraft:iron_ore":1,"minecraft:pumpkin":3,"minecraft:moss_carpet":1,"minecraft:red_tulip":1,"minecraft:cave_vines":4,"minecraft:oak_stairs":13,"minecraft:iron_bars":21,"minecraft:orange_bed":7,"minecraft:red_bed":41,"minecraft:powder_snow":15,"minecraft:note_block":1,"minecraft:poppy":1,"minecraft:melon":20,"minecraft:chest":1,"minecraft:cobblestone":42,"minecraft:white_candle":8,"minecraft:sugar_cane":18,"minecraft:oak_planks":9,"minecraft:pink_petals":103,"minecraft:seagrass":6,"minecraft:birch_log":49,"minecraft:wheat":1,"minecraft:smooth_stone_slab":4,"minecraft:prismarine_brick_stairs":5,"minecraft:oak_log":53,"minecraft:sand":3,"minecraft:dirt":133,"minecraft:oak_leaves":77,"minecraft:deepslate":2,"minecraft:dark_prismarine":12,"minecraft:dark_oak_leaves":13,"minecraft:candle":4,"minecraft:jack_o_lantern":2,"minecraft:sea_lantern":1,"minecraft:glow_lichen":2,"minecraft:dark_oak_fence":8,"minecraft:decorated_pot":93,"travelersbackpack:white_sleeping_bag":1,"minecraft:spruce_leaves":4,"minecraft:hay_block":15,"minecraft:spore_blossom":2,"minecraft:furnace":16,"minecraft:acacia_stairs":1,"minecraft:andesite":5,"minecraft:vine":20,"minecraft:lantern":77,"minecraft:stone":43,"minecraft:cake":3,"minecraft:dandelion":2,"travelersbackpack:standard":1,"minecraft:crafting_table":10,"minecraft:cornflower":1,"minecraft:short_grass":136,"minecraft:honey_block":1,"minecraft:campfire":1,"minecraft:tall_grass":19,"minecraft:dried_kelp_block":47,"minecraft:birch_planks":15,"minecraft:coarse_dirt":1,"minecraft:cobblestone_wall":1,"minecraft:birch_leaves":13,"minecraft:cocoa":5,"minecraft:cherry_leaves":40,"minecraft:gravel":2,"minecraft:lodestone":1,"minecraft:cobweb":1,"minecraft:stone_bricks":4,"minecraft:polished_andesite":1,"travelersbackpack:cake":6,"minecraft:fern":8},"minecraft:custom":{"minecraft:interact_with_crafting_table":10,"minecraft:open_barrel":41,"minecraft:bell_ring":104,"minecraft:leave_game":14,"minecraft:time_since_death":172798,"minecraft:sprint_one_cm":3726823,"minecraft:drop":623,"minecraft:play_noteblock":1,"minecraft:talked_to_villager":8,"minecraft:deaths":14,"minecraft:play_time":909882,"minecraft:jump":7785,"minecraft:interact_with_brewingstand":1,"minecraft:walk_on_water_one_cm":216824,"minecraft:interact_with_furnace":95,"minecraft:interact_with_loom":2,"minecraft:sleep_in_bed":49,"minecraft:damage_dealt":17921,"minecraft:crouch_one_cm":744,"minecraft:interact_with_smithing_table":1,"minecraft:mob_kills":139,"minecraft:interact_with_campfire":12,"minecraft:climb_one_cm":33874,"minecraft:walk_one_cm":2124372,"minecraft:raid_win":1,"minecraft:sneak_time":2454,"minecraft:walk_under_water_one_cm":154789,"minecraft:boat_one_cm":921088,"minecraft:total_world_time":909882,"minecraft:time_since_rest":3172,"minecraft:damage_taken":9918,"minecraft:swim_one_cm":1205616,"minecraft:fly_one_cm":986318,"minecraft:open_chest":270,"minecraft:fall_one_cm":154874},"minecraft:picked_up":{"minecraft:wheat":131,"minecraft:sentry_armor_trim_smithing_template":1,"minecraft:lead":1,"minecraft:oak_stairs":10,"minecraft:enchanted_book":1,"minecraft:potion":8,"minecraft:golden_sword":2,"minecraft:string":16,"minecraft:raw_copper":12,"minecraft:cooked_salmon":11,"minecraft:smooth_stone_slab":7,"minecraft:iron_leggings":2,"minecraft:red_candle":3,"minecraft:armor_stand":6,"minecraft:pufferfish":1,"minecraft:oak_sign":1,"minecraft:beetroot":5,"minecraft:cobbled_deepslate":1,"minecraft:spruce_planks":3,"minecraft:wooden_shovel":7,"minecraft:melon_slice":117,"minecraft:coal_block":4,"minecraft:furnace":42,"minecraft:stick":23,"minecraft:torch":75,"minecraft:porkchop":28,"minecraft:golden_chestplate":4,"minecraft:orange_bed":8,"minecraft:stone_sword":1,"minecraft:honey_bottle":4,"minecraft:rotten_flesh":20,"minecraft:tropical_fish":2,"minecraft:red_tulip":1,"minecraft:carved_pumpkin":5,"minecraft:glowstone":1,"minecraft:iron_bars":9,"minecraft:cobblestone":105,"minecraft:birch_log":53,"minecraft:pink_petals":315,"minecraft:leather_chestplate":1,"minecraft:feather":13,"minecraft:cooked_beef":38,"minecraft:water_bucket":4,"minecraft:andesite":5,"minecraft:golden_leggings":4,"minecraft:potato":14,"minecraft:lapis_lazuli":3,"minecraft:dirt":262,"minecraft:lantern":81,"minecraft:leather_boots":3,"minecraft:bone":2,"travelersbackpack:backpack_tank":1,"minecraft:orange_tulip":1,"minecraft:wheat_seeds":24,"minecraft:raw_gold":3,"minecraft:light_blue_dye":1,"minecraft:oak_planks":7,"minecraft:cooked_porkchop":39,"minecraft:sand":3,"minecraft:ink_sac":2,"minecraft:cyan_bed":3,"minecraft:acacia_stairs":1,"minecraft:dark_oak_log":1,"minecraft:dark_prismarine":5,"travelersbackpack:white_sleeping_bag":1,"minecraft:polished_andesite":1,"minecraft:white_candle":23,"minecraft:sugar":3,"minecraft:diamond":2,"minecraft:crossbow":1,"minecraft:bone_meal":1,"minecraft:bread":335,"minecraft:emerald":44,"minecraft:cyan_dye":3,"minecraft:jack_o_lantern":2,"minecraft:dark_oak_fence":3,"minecraft:cocoa_beans":20,"minecraft:charcoal":32,"minecraft:coarse_dirt":1,"minecraft:crafting_table":15,"minecraft:chicken":11,"minecraft:ladder":7,"minecraft:leather_leggings":1,"minecraft:wooden_pickaxe":1,"minecraft:brick":226,"minecraft:shield":7,"minecraft:red_bed":39,"minecraft:moss_carpet":1,"minecraft:iron_axe":2,"minecraft:wooden_sword":2,"minecraft:cracked_stone_bricks":1,"minecraft:candle":12,"minecraft:beef":59,"minecraft:player_head":7,"minecraft:poppy":1,"minecraft:light_gray_wool":1,"minecraft:sugar_cane":41,"minecraft:chest":1,"minecraft:birch_sapling":5,"minecraft:egg":2,"minecraft:raw_iron":5,"minecraft:copper_ingot":1,"minecraft:bowl":1,"minecraft:note_block":3,"minecraft:cookie":8,"minecraft:carrot":50,"minecraft:redstone":8,"minecraft:prismarine_crystals":4,"minecraft:dark_oak_planks":4,"minecraft:arrow":53,"minecraft:cooked_cod":1,"minecraft:decorated_pot":24,"minecraft:pumpkin_pie":14,"minecraft:hay_block":30,"minecraft:glistering_melon_slice":4,"minecraft:saddle":2,"minecraft:gold_ingot":9,"minecraft:totem_of_undying":4,"minecraft:glow_berries":5,"minecraft:mutton":31,"minecraft:skeleton_skull":1,"minecraft:white_wool":44,"minecraft:clock":1,"minecraft:salmon":23,"minecraft:leather":31,"minecraft:filled_map":3,"minecraft:birch_planks":31,"minecraft:mushroom_stew":1,"minecraft:oak_log":53,"minecraft:gunpowder":5,"minecraft:yellow_bed":7,"minecraft:cobblestone_wall":2,"minecraft:white_banner":2,"minecraft:cooked_mutton":16,"minecraft:red_carpet":2,"minecraft:apple":44,"minecraft:stone_bricks":25,"travelersbackpack:cake":7,"minecraft:kelp":7,"minecraft:spore_blossom":3,"minecraft:iron_ingot":4,"minecraft:stone_pickaxe":2,"minecraft:cooked_chicken":1,"minecraft:prismarine_brick_slab":1,"minecraft:iron_sword":6,"minecraft:dark_oak_stairs":1,"minecraft:book":3,"minecraft:pink_bed":5,"minecraft:prismarine_brick_stairs":3,"minecraft:dark_oak_slab":1,"minecraft:pumpkin":3,"minecraft:chiseled_stone_bricks":1,"minecraft:quartz":7,"minecraft:gravel":1,"minecraft:amethyst_shard":8,"minecraft:white_bed":2,"travelersbackpack:standard":3,"minecraft:dried_kelp_block":47,"minecraft:honey_block":1,"minecraft:iron_helmet":3,"minecraft:cherry_sapling":5,"minecraft:gray_wool":1,"minecraft:baked_potato":16,"minecraft:black_wool":2,"minecraft:coal":45},"minecraft:broken":{"minecraft:golden_helmet":1,"minecraft:wooden_shovel":3,"minecraft:stone_pickaxe":1,"minecraft:golden_sword":2,"minecraft:wooden_sword":1,"minecraft:iron_sword":1,"minecraft:stone_sword":1,"minecraft:wooden_pickaxe":1,"minecraft:leather_boots":1},"minecraft:killed_by":{"minecraft:creeper":1,"midnightlurker:void_hands":1,"minecraft:vindicator":3,"minecraft:zombie":1,"minecraft:vex":1,"minecraft:skeleton":2,"midnightlurker:midnight_lurker_unprovoked":3},"minecraft:used":{"minecraft:beetroot":8,"minecraft:moss_carpet":1,"minecraft:ladder":6,"minecraft:poppy":1,"minecraft:oak_sign":1,"minecraft:decorated_pot":11,"minecraft:chest":1,"minecraft:iron_sword":258,"minecraft:rotten_flesh":4,"minecraft:mutton":15,"minecraft:prismarine_brick_stairs":3,"minecraft:birch_sapling":4,"minecraft:dark_oak_slab":1,"minecraft:stone_bricks":5,"minecraft:golden_sword":65,"minecraft:furnace":16,"minecraft:egg":2,"minecraft:potato":3,"minecraft:dark_oak_stairs":1,"minecraft:stone_pickaxe":137,"minecraft:oak_planks":9,"minecraft:wooden_pickaxe":63,"minecraft:golden_apple":2,"minecraft:mushroom_stew":1,"minecraft:firework_rocket":5,"minecraft:bread":81,"minecraft:melon_slice":53,"minecraft:gravel":1,"minecraft:wooden_sword":84,"minecraft:dark_oak_fence":1,"minecraft:birch_log":4,"minecraft:andesite":5,"minecraft:coarse_dirt":1,"minecraft:iron_bars":8,"minecraft:stone_sword":195,"minecraft:carved_pumpkin":5,"minecraft:armor_stand":3,"minecraft:spruce_planks":1,"minecraft:wooden_shovel":181,"minecraft:cooked_salmon":15,"minecraft:cooked_chicken":10,"minecraft:orange_bed":7,"minecraft:torch":5,"minecraft:dirt":184,"minecraft:iron_axe":94,"minecraft:oak_stairs":10,"minecraft:red_candle":3,"minecraft:golden_carrot":3,"minecraft:beef":13,"minecraft:goat_horn":21,"travelersbackpack:cake":10,"minecraft:cooked_beef":3,"minecraft:prismarine_brick_slab":1,"minecraft:birch_planks":85,"minecraft:polished_andesite":1,"minecraft:baked_potato":9,"minecraft:cracked_stone_bricks":1,"minecraft:salmon":15,"minecraft:crafting_table":15,"minecraft:red_bed":38,"minecraft:white_bed":1,"minecraft:oak_log":9,"minecraft:dark_prismarine":5,"minecraft:black_wool":2,"minecraft:apple":12,"minecraft:chicken":5,"minecraft:suspicious_stew":1,"minecraft:iron_pickaxe":125,"minecraft:pink_petals":98,"minecraft:pink_bed":4,"minecraft:chiseled_stone_bricks":1,"minecraft:cobblestone":3,"minecraft:potion":2,"travelersbackpack:standard":1,"minecraft:porkchop":13,"minecraft:cooked_porkchop":11,"minecraft:pumpkin_pie":17,"minecraft:yellow_bed":2,"minecraft:gray_wool":1,"minecraft:candle":9}},"DataVersion":3700}