{"stats":{"minecraft:broken":{"minecraft:wooden_shovel":3,"minecraft:stone_sword":1,"minecraft:wooden_pickaxe":1,"minecraft:stone_pickaxe":1,"minecraft:wooden_sword":1},"minecraft:mined":{"minecraft:white_bed":1,"minecraft:candle":1,"minecraft:cherry_log":1,"minecraft:sea_lantern":1,"minecraft:glow_lichen":2,"minecraft:dark_oak_fence":2,"minecraft:grass_block":139,"minecraft:decorated_pot":25,"minecraft:coal_block":3,"travelersbackpack:white_sleeping_bag":1,"minecraft:tall_seagrass":2,"minecraft:furnace":11,"minecraft:iron_ore":1,"minecraft:barrel":1,"minecraft:andesite":5,"minecraft:moss_carpet":1,"minecraft:pumpkin":3,"minecraft:red_tulip":1,"minecraft:vine":20,"minecraft:lantern":70,"minecraft:stone":43,"minecraft:red_bed":23,"minecraft:dandelion":2,"travelersbackpack:standard":1,"minecraft:crafting_table":5,"minecraft:cornflower":1,"minecraft:note_block":1,"minecraft:short_grass":92,"minecraft:poppy":1,"minecraft:melon":9,"minecraft:white_candle":4,"minecraft:tall_grass":17,"minecraft:cobblestone":39,"minecraft:sugar_cane":18,"minecraft:pink_petals":103,"minecraft:seagrass":3,"minecraft:birch_planks":15,"minecraft:coarse_dirt":1,"minecraft:birch_log":49,"minecraft:wheat":1,"minecraft:birch_leaves":7,"minecraft:prismarine_brick_stairs":5,"minecraft:cocoa":5,"minecraft:cherry_leaves":40,"minecraft:sand":3,"minecraft:gravel":2,"minecraft:dirt":131,"minecraft:lodestone":1,"minecraft:polished_andesite":1,"travelersbackpack:cake":2,"minecraft:oak_leaves":54,"minecraft:deepslate":2,"minecraft:fern":8,"minecraft:dark_prismarine":12},"minecraft:custom":{"minecraft:interact_with_smithing_table":1,"minecraft:mob_kills":78,"minecraft:interact_with_crafting_table":8,"minecraft:open_barrel":2,"minecraft:interact_with_campfire":12,"minecraft:bell_ring":51,"minecraft:leave_game":6,"minecraft:time_since_death":76133,"minecraft:climb_one_cm":13944,"minecraft:sprint_one_cm":1630447,"minecraft:walk_one_cm":947057,"minecraft:drop":247,"minecraft:play_noteblock":1,"minecraft:talked_to_villager":2,"minecraft:raid_win":1,"minecraft:play_time":391546,"minecraft:deaths":6,"minecraft:sneak_time":428,"minecraft:walk_under_water_one_cm":44041,"minecraft:jump":3535,"minecraft:walk_on_water_one_cm":109693,"minecraft:total_world_time":391546,"minecraft:interact_with_furnace":49,"minecraft:interact_with_loom":1,"minecraft:sleep_in_bed":21,"minecraft:time_since_rest":3077,"minecraft:damage_taken":3245,"minecraft:damage_dealt":9090,"minecraft:swim_one_cm":402877,"minecraft:fly_one_cm":433613,"minecraft:open_chest":94,"minecraft:fall_one_cm":54711},"minecraft:used":{"minecraft:beetroot":4,"minecraft:moss_carpet":1,"minecraft:stone_sword":195,"minecraft:poppy":1,"minecraft:decorated_pot":5,"minecraft:iron_sword":49,"minecraft:cooked_salmon":10,"minecraft:wooden_shovel":181,"minecraft:cooked_chicken":1,"minecraft:rotten_flesh":1,"minecraft:dirt":182,"minecraft:mutton":8,"minecraft:prismarine_brick_stairs":3,"minecraft:birch_sapling":3,"minecraft:beef":13,"minecraft:furnace":13,"travelersbackpack:cake":5,"minecraft:egg":2,"minecraft:prismarine_brick_slab":1,"minecraft:birch_planks":85,"minecraft:polished_andesite":1,"minecraft:stone_pickaxe":137,"minecraft:baked_potato":9,"minecraft:wooden_pickaxe":63,"minecraft:cracked_stone_bricks":1,"minecraft:salmon":9,"minecraft:crafting_table":8,"minecraft:red_bed":23,"minecraft:white_bed":1,"minecraft:dark_prismarine":5,"minecraft:black_wool":2,"minecraft:firework_rocket":2,"minecraft:bread":40,"minecraft:chicken":5,"minecraft:iron_pickaxe":55,"minecraft:pink_petals":98,"minecraft:wooden_sword":84,"travelersbackpack:standard":1,"minecraft:porkchop":10,"minecraft:andesite":5,"minecraft:birch_log":4,"minecraft:pumpkin_pie":1,"minecraft:candle":3,"minecraft:gray_wool":1,"minecraft:coarse_dirt":1},"minecraft:picked_up":{"minecraft:charcoal":32,"minecraft:cocoa_beans":20,"minecraft:crafting_table":8,"minecraft:coarse_dirt":1,"minecraft:wheat":66,"minecraft:chicken":11,"minecraft:sentry_armor_trim_smithing_template":1,"minecraft:wooden_pickaxe":1,"minecraft:potion":1,"minecraft:shield":4,"minecraft:brick":96,"minecraft:string":5,"minecraft:red_bed":24,"minecraft:moss_carpet":1,"minecraft:raw_copper":12,"minecraft:iron_axe":1,"minecraft:cooked_salmon":10,"minecraft:wooden_sword":1,"minecraft:smooth_stone_slab":5,"minecraft:armor_stand":1,"minecraft:pufferfish":1,"minecraft:beetroot":2,"minecraft:cracked_stone_bricks":1,"minecraft:candle":3,"minecraft:cobbled_deepslate":1,"minecraft:beef":50,"minecraft:player_head":1,"minecraft:wooden_shovel":7,"minecraft:poppy":1,"minecraft:sugar_cane":40,"minecraft:melon_slice":60,"minecraft:coal_block":4,"minecraft:birch_sapling":3,"minecraft:furnace":29,"minecraft:egg":2,"minecraft:stick":19,"minecraft:raw_iron":5,"minecraft:copper_ingot":1,"minecraft:torch":60,"minecraft:note_block":3,"minecraft:porkchop":20,"minecraft:carrot":47,"minecraft:redstone":6,"minecraft:prismarine_crystals":4,"minecraft:stone_sword":1,"minecraft:arrow":11,"minecraft:honey_bottle":3,"minecraft:rotten_flesh":8,"minecraft:decorated_pot":8,"minecraft:pumpkin_pie":1,"minecraft:hay_block":15,"minecraft:red_tulip":1,"minecraft:saddle":2,"minecraft:gold_ingot":5,"minecraft:mutton":24,"minecraft:white_wool":41,"minecraft:cobblestone":91,"minecraft:birch_log":53,"minecraft:pink_petals":315,"minecraft:feather":13,"minecraft:cooked_beef":35,"minecraft:andesite":5,"minecraft:water_bucket":2,"minecraft:salmon":17,"minecraft:leather":30,"minecraft:golden_leggings":2,"minecraft:potato":11,"minecraft:birch_planks":31,"minecraft:yellow_bed":1,"minecraft:gunpowder":5,"minecraft:lapis_lazuli":3,"minecraft:dirt":255,"minecraft:lantern":71,"minecraft:white_banner":1,"minecraft:cooked_mutton":16,"travelersbackpack:backpack_tank":1,"minecraft:apple":30,"minecraft:stone_bricks":15,"travelersbackpack:cake":3,"minecraft:wheat_seeds":16,"minecraft:orange_tulip":1,"minecraft:raw_gold":3,"minecraft:iron_ingot":4,"minecraft:stone_pickaxe":2,"minecraft:cooked_chicken":1,"minecraft:prismarine_brick_slab":1,"minecraft:oak_planks":2,"minecraft:iron_sword":1,"minecraft:book":3,"minecraft:prismarine_brick_stairs":3,"minecraft:cooked_porkchop":8,"minecraft:pumpkin":3,"minecraft:quartz":7,"minecraft:sand":3,"minecraft:ink_sac":2,"minecraft:white_bed":2,"minecraft:dark_prismarine":5,"travelersbackpack:white_sleeping_bag":1,"travelersbackpack:standard":3,"minecraft:polished_andesite":1,"minecraft:white_candle":13,"minecraft:sugar":2,"minecraft:diamond":1,"minecraft:iron_helmet":2,"minecraft:cherry_sapling":5,"minecraft:bone_meal":1,"minecraft:gray_wool":1,"minecraft:emerald":16,"minecraft:bread":184,"minecraft:baked_potato":15,"minecraft:black_wool":2,"minecraft:dark_oak_fence":1,"minecraft:coal":22},"minecraft:killed_by":{"minecraft:creeper":1,"midnightlurker:void_hands":1,"minecraft:skeleton":1,"minecraft:zombie":1,"midnightlurker:midnight_lurker_unprovoked":2},"minecraft:dropped":{"minecraft:bread":57,"minecraft:iron_ingot":9,"minecraft:wheat_seeds":13,"minecraft:lapis_lazuli":3,"minecraft:cooked_beef":35,"minecraft:crafting_table":1,"minecraft:feather":8,"minecraft:book":3,"minecraft:orange_tulip":1,"minecraft:lantern":1,"minecraft:leather":17,"minecraft:saddle":2,"travelersbackpack:standard":2,"minecraft:coal":23,"minecraft:pufferfish":1,"minecraft:dirt":60,"minecraft:ink_sac":2,"minecraft:dark_oak_fence":1,"minecraft:torch":20,"minecraft:pumpkin":3,"minecraft:iron_axe":1,"minecraft:string":4,"minecraft:pink_petals":25,"minecraft:birch_log":18,"travelersbackpack:backpack_tank":1,"minecraft:white_wool":32,"minecraft:gold_ingot":12,"minecraft:note_block":2,"minecraft:wheat":3,"minecraft:raw_iron":8,"minecraft:white_bed":1,"minecraft:filled_map":1,"minecraft:hay_block":8,"minecraft:shield":1,"travelersbackpack:white_sleeping_bag":1,"minecraft:charcoal":32,"minecraft:wooden_shovel":3,"minecraft:arrow":11,"minecraft:beef":3,"minecraft:raw_gold":10,"minecraft:red_tulip":1,"minecraft:brick":28},"minecraft:killed":{"minecraft:vindicator":1,"minecraft:pufferfish":1,"minecraft:horse":2,"minecraft:chicken":8,"minecraft:drowned":1,"minecraft:pig":8,"minecraft:salmon":11,"minecraft:sheep":14,"minecraft:pillager":4,"minecraft:zombie":9,"minecraft:cow":16},"minecraft:crafted":{"minecraft:wooden_sword":1,"minecraft:cooked_chicken":9,"minecraft:furnace":4,"minecraft:cooked_mutton":19,"minecraft:wooden_shovel":1,"minecraft:cooked_porkchop":8,"minecraft:crafting_table":2,"minecraft:wooden_pickaxe":1,"minecraft:birch_planks":92,"minecraft:stick":12,"minecraft:gold_ingot":7}},"DataVersion":3700}