{"stats":{"minecraft:broken":{"minecraft:wooden_pickaxe":1},"minecraft:dropped":{"minecraft:wheat_seeds":2,"minecraft:feather":2,"minecraft:lantern":1,"minecraft:leather":5,"minecraft:ink_sac":2,"minecraft:dark_oak_fence":1,"minecraft:arrow":3,"minecraft:white_wool":2,"minecraft:brick":4},"minecraft:used":{"minecraft:stone_sword":21,"minecraft:stone_pickaxe":64,"minecraft:polished_andesite":1,"minecraft:wooden_pickaxe":62,"minecraft:cooked_salmon":1,"minecraft:rotten_flesh":1,"minecraft:cooked_chicken":1,"minecraft:salmon":5,"minecraft:dirt":2,"minecraft:mutton":5,"minecraft:crafting_table":2,"minecraft:red_bed":3,"minecraft:white_bed":1,"minecraft:chicken":3,"minecraft:bread":10,"minecraft:birch_sapling":3,"minecraft:wooden_sword":60,"minecraft:porkchop":5,"minecraft:birch_log":4,"minecraft:coarse_dirt":1},"minecraft:picked_up":{"minecraft:birch_log":39,"minecraft:crafting_table":3,"minecraft:coarse_dirt":1,"minecraft:feather":2,"minecraft:chicken":7,"minecraft:salmon":15,"minecraft:leather":8,"minecraft:wooden_pickaxe":1,"minecraft:brick":4,"minecraft:red_bed":4,"minecraft:lantern":62,"minecraft:dirt":9,"minecraft:cooked_salmon":10,"minecraft:wooden_sword":1,"minecraft:cooked_mutton":4,"minecraft:orange_tulip":1,"minecraft:wheat_seeds":4,"minecraft:stone_pickaxe":1,"minecraft:beef":9,"minecraft:cooked_chicken":1,"minecraft:sugar_cane":36,"minecraft:birch_sapling":3,"minecraft:porkchop":5,"minecraft:ink_sac":2,"minecraft:white_bed":1,"minecraft:polished_andesite":1,"minecraft:stone_sword":1,"minecraft:arrow":3,"minecraft:rotten_flesh":1,"minecraft:bread":32,"minecraft:dark_oak_fence":1,"minecraft:mutton":10,"minecraft:white_wool":6,"minecraft:cobblestone":37},"minecraft:mined":{"minecraft:white_bed":1,"minecraft:red_bed":4,"minecraft:crafting_table":2,"minecraft:dark_oak_fence":2,"minecraft:short_grass":8,"minecraft:grass_block":17,"minecraft:decorated_pot":1,"minecraft:tall_grass":1,"minecraft:cobblestone":39,"minecraft:sugar_cane":17,"minecraft:seagrass":3,"minecraft:tall_seagrass":1,"minecraft:coarse_dirt":1,"minecraft:wheat":1,"minecraft:birch_log":38,"minecraft:birch_leaves":5,"minecraft:lantern":62,"minecraft:gravel":2,"minecraft:dirt":1,"minecraft:lodestone":1,"minecraft:polished_andesite":1},"minecraft:killed_by":{"minecraft:skeleton":1,"minecraft:creeper":1},"minecraft:killed":{"minecraft:pig":2,"minecraft:salmon":11,"minecraft:sheep":6,"minecraft:horse":2,"minecraft:zombie":1,"minecraft:chicken":4,"minecraft:cow":6},"minecraft:custom":{"minecraft:mob_kills":32,"minecraft:interact_with_crafting_table":2,"minecraft:interact_with_loom":1,"minecraft:interact_with_campfire":12,"minecraft:bell_ring":36,"minecraft:leave_game":2,"minecraft:time_since_death":77858,"minecraft:sleep_in_bed":4,"minecraft:time_since_rest":1869,"minecraft:sprint_one_cm":359366,"minecraft:damage_taken":1050,"minecraft:walk_one_cm":314316,"minecraft:drop":11,"minecraft:damage_dealt":2832,"minecraft:swim_one_cm":53296,"minecraft:talked_to_villager":1,"minecraft:fly_one_cm":87352,"minecraft:open_chest":11,"minecraft:play_time":93333,"minecraft:deaths":2,"minecraft:sneak_time":25,"minecraft:walk_under_water_one_cm":21474,"minecraft:jump":830,"minecraft:walk_on_water_one_cm":40856,"minecraft:total_world_time":93333,"minecraft:fall_one_cm":14228},"minecraft:crafted":{"minecraft:crafting_table":1,"minecraft:furnace":1,"minecraft:birch_planks":8,"minecraft:stick":4}},"DataVersion":3700}