{"stats":{"minecraft:crafted":{"minecraft:wooden_sword":2,"minecraft:birch_planks":24,"minecraft:crafting_table":1,"minecraft:stick":8,"minecraft:wooden_axe":2},"minecraft:used":{"minecraft:wooden_axe":48,"minecraft:wooden_sword":7,"minecraft:crafting_table":1,"minecraft:birch_sapling":10,"minecraft:birch_log":2},"minecraft:killed_by":{"minecraft:zombie":1},"minecraft:killed":{"minecraft:zombie":1},"minecraft:mined":{"minecraft:birch_log":53,"minecraft:lily_of_the_valley":1,"minecraft:birch_leaves":3},"minecraft:picked_up":{"minecraft:wooden_axe":1,"minecraft:birch_log":62,"minecraft:wooden_sword":1,"minecraft:stick":3,"minecraft:birch_planks":6,"minecraft:birch_sapling":12},"minecraft:dropped":{"minecraft:wooden_sword":1,"minecraft:wooden_axe":1},"minecraft:custom":{"minecraft:time_since_rest":3691,"minecraft:play_time":8735,"minecraft:sprint_one_cm":55036,"minecraft:deaths":1,"minecraft:damage_taken":252,"minecraft:walk_one_cm":22335,"minecraft:sneak_time":9,"minecraft:mob_kills":1,"minecraft:drop":2,"minecraft:jump":93,"minecraft:damage_dealt":333,"minecraft:time_since_death":3666,"minecraft:total_world_time":8735,"minecraft:interact_with_crafting_table":2,"minecraft:fall_one_cm":836,"minecraft:fly_one_cm":17512}},"DataVersion":3700}