{"stats":{"minecraft:killed_by":{"minecraft:stray":1,"minecraft:zombie":1},"minecraft:killed":{"minecraft:spider":6,"minecraft:skeleton":2,"minecraft:chicken":20,"minecraft:pig":24,"minecraft:salmon":9,"minecraft:rabbit":12,"minecraft:sheep":25,"minecraft:zombie":5,"minecraft:cow":14},"minecraft:used":{"minecraft:stone_sword":100,"minecraft:cooked_salmon":5,"minecraft:cooked_chicken":12,"minecraft:rotten_flesh":5,"minecraft:netherrack":4,"minecraft:torch":1,"minecraft:dirt":5,"minecraft:mutton":1,"minecraft:carrot":2,"minecraft:snowball":73,"minecraft:dark_oak_slab":1,"minecraft:golden_sword":126,"minecraft:furnace":4,"minecraft:oak_sapling":1,"minecraft:egg":2,"minecraft:cooked_beef":5,"minecraft:golden_axe":17,"minecraft:cooked_mutton":1,"minecraft:stone_pickaxe":124,"minecraft:wooden_pickaxe":25,"minecraft:blue_bed":15,"minecraft:crafting_table":6,"minecraft:white_bed":1,"minecraft:melon_slice":2,"minecraft:stone_axe":103,"travelersbackpack:standard":7,"minecraft:cooked_porkchop":4,"minecraft:cooked_rabbit":13,"minecraft:oak_boat":1},"minecraft:crafted":{"minecraft:oak_planks":8,"minecraft:cooked_chicken":13,"minecraft:furnace":2,"minecraft:glass":24,"travelersbackpack:white_sleeping_bag":2,"minecraft:stone_pickaxe":3,"minecraft:chest":3,"minecraft:cooked_rabbit":13,"minecraft:cooked_beef":28,"minecraft:cooked_porkchop":24,"minecraft:spruce_planks":44,"travelersbackpack:backpack_tank":4,"travelersbackpack:standard":2,"minecraft:wooden_pickaxe":1,"minecraft:iron_sword":1,"minecraft:cooked_salmon":9,"minecraft:birch_planks":28,"minecraft:stone_axe":2,"minecraft:air":0,"minecraft:oak_boat":1,"minecraft:stick":16,"minecraft:iron_ingot":5,"minecraft:stone_sword":2},"minecraft:mined":{"minecraft:dark_oak_planks":4,"minecraft:white_bed":1,"minecraft:grass_block":7,"minecraft:spruce_leaves":27,"minecraft:large_fern":1,"minecraft:smooth_stone":1,"minecraft:furnace":7,"minecraft:iron_ore":2,"minecraft:fire":1,"minecraft:pumpkin":19,"minecraft:deepslate_iron_ore":3,"minecraft:flowering_azalea_leaves":5,"minecraft:lantern":32,"minecraft:azalea_leaves":4,"minecraft:stone":39,"minecraft:spruce_slab":1,"minecraft:red_bed":2,"travelersbackpack:standard":5,"minecraft:crafting_table":10,"minecraft:short_grass":29,"minecraft:melon":12,"minecraft:copper_ore":14,"minecraft:tall_grass":4,"minecraft:sugar_cane":9,"minecraft:blue_bed":16,"minecraft:wall_torch":1,"minecraft:dark_oak_slab":1,"minecraft:birch_log":7,"minecraft:redstone_torch":1,"minecraft:sweet_berry_bush":20,"minecraft:ice":4,"minecraft:spruce_log":9,"minecraft:oak_log":9,"minecraft:coal_ore":27,"minecraft:cocoa":1,"minecraft:sand":27,"minecraft:dirt":13,"minecraft:netherrack":8,"minecraft:oak_leaves":3,"minecraft:fern":1},"minecraft:dropped":{"minecraft:iron_sword":1,"minecraft:birch_planks":28,"minecraft:wheat_seeds":1,"minecraft:golden_helmet":1,"minecraft:crafting_table":1,"minecraft:cooked_porkchop":11,"minecraft:feather":27,"travelersbackpack:standard":2,"minecraft:dirt":4,"minecraft:red_bed":1,"minecraft:gray_wool":1,"minecraft:cooked_salmon":9,"minecraft:golden_hoe":1,"minecraft:white_wool":13,"minecraft:spruce_sapling":1,"minecraft:furnace":2,"minecraft:stone_axe":1,"minecraft:sugar_cane":26,"minecraft:stone_sword":2,"minecraft:light_gray_wool":2,"minecraft:rabbit_foot":1,"minecraft:rabbit_hide":1,"minecraft:leather_chestplate":1,"minecraft:spruce_planks":28,"minecraft:golden_leggings":1,"minecraft:bamboo":3,"minecraft:spruce_log":11,"minecraft:stone_pickaxe":1,"minecraft:netherrack":3},"minecraft:picked_up":{"minecraft:wooden_axe":3,"minecraft:crafting_table":11,"minecraft:chicken":19,"minecraft:wooden_pickaxe":3,"minecraft:cornflower":1,"minecraft:red_bed":1,"minecraft:string":10,"minecraft:raw_copper":137,"minecraft:cooked_salmon":5,"minecraft:flint_and_steel":1,"minecraft:gold_nugget":16,"minecraft:smooth_stone":1,"minecraft:spruce_planks":28,"minecraft:beef":29,"minecraft:redstone_torch":1,"minecraft:spruce_slab":1,"minecraft:light_gray_wool":6,"minecraft:melon_slice":67,"minecraft:sugar_cane":29,"minecraft:egg":2,"minecraft:furnace":4,"minecraft:stick":20,"minecraft:raw_iron":4,"minecraft:torch":1,"minecraft:fire_charge":1,"minecraft:porkchop":46,"minecraft:carrot":1,"minecraft:rabbit_foot":2,"minecraft:dark_oak_planks":3,"minecraft:stone_sword":4,"minecraft:arrow":2,"minecraft:rotten_flesh":7,"minecraft:golden_hoe":1,"minecraft:mutton":39,"minecraft:snowball":128,"minecraft:white_wool":35,"minecraft:cobblestone":52,"minecraft:birch_log":7,"minecraft:feather":29,"minecraft:cooked_beef":5,"minecraft:salmon":10,"minecraft:leather":22,"minecraft:golden_leggings":1,"minecraft:oak_log":8,"minecraft:blue_bed":16,"minecraft:dirt":99,"minecraft:lantern":31,"minecraft:cooked_mutton":23,"minecraft:bone":1,"minecraft:wheat_seeds":2,"minecraft:iron_ingot":1,"minecraft:rabbit_hide":10,"minecraft:cooked_chicken":2,"minecraft:stone_pickaxe":2,"minecraft:rabbit":13,"minecraft:bamboo":3,"minecraft:dark_oak_stairs":1,"minecraft:dark_oak_slab":2,"minecraft:cooked_porkchop":28,"minecraft:pumpkin":36,"minecraft:sweet_berries":36,"minecraft:dandelion":8,"minecraft:sand":27,"minecraft:spruce_sapling":16,"minecraft:white_bed":1,"minecraft:spruce_log":49,"minecraft:spider_eye":4,"travelersbackpack:standard":6,"minecraft:stone_axe":6,"minecraft:gray_wool":2,"minecraft:emerald":3,"minecraft:oak_sapling":1,"minecraft:netherrack":7,"minecraft:coal":112},"minecraft:broken":{"minecraft:golden_sword":1,"minecraft:stone_axe":1},"minecraft:custom":{"minecraft:mob_kills":121,"minecraft:interact_with_crafting_table":36,"minecraft:open_barrel":39,"minecraft:leave_game":2,"minecraft:time_since_death":187684,"minecraft:climb_one_cm":4068,"minecraft:sprint_one_cm":1032801,"minecraft:walk_one_cm":448965,"minecraft:drop":59,"minecraft:talked_to_villager":18,"minecraft:play_time":216810,"minecraft:deaths":3,"minecraft:sneak_time":1771,"minecraft:walk_under_water_one_cm":29513,"minecraft:boat_one_cm":152361,"minecraft:jump":6048,"minecraft:interact_with_blast_furnace":1,"minecraft:walk_on_water_one_cm":42556,"minecraft:total_world_time":216810,"minecraft:interact_with_furnace":100,"minecraft:sleep_in_bed":14,"minecraft:time_since_rest":18196,"minecraft:damage_taken":1278,"minecraft:damage_dealt":10278,"minecraft:swim_one_cm":77508,"minecraft:fly_one_cm":1315732,"minecraft:open_chest":30,"minecraft:crouch_one_cm":4357,"minecraft:fall_one_cm":118444}},"DataVersion":3700}