{"stats":{"minecraft:crafted":{"minecraft:oak_sign":3,"travelersbackpack:crafting_upgrade":2,"minecraft:cherry_pressure_plate":1,"minecraft:chain":13,"minecraft:diamond_helmet":3,"cookingforblockheads:oven":1,"minecraft:iron_door":3,"lolmcv:cherry_chest":4,"minecraft:pink_stained_glass":32,"minecraft:golden_axe":10,"minecraft:redstone_lamp":105,"minecraft:golden_pickaxe":15,"additionallanterns:pink_normal_lantern":6,"minecraft:stone_brick_stairs":5,"minecraft:lectern":9,"minecraft:golden_leggings":1,"cookingforblockheads:no_filter_edition":1,"minecraft:iron_pickaxe":45,"minecraft:black_candle":9,"minecraft:polished_blackstone_bricks":4,"betterend:quartz_pedestal":2,"minecraft:iron_nugget":36,"betternether:obsidian_tile_stairs":2,"travelersbackpack:blank_upgrade":8,"travelersbackpack:gold_tier_upgrade":2,"cookingforblockheads:tool_rack":1,"minecraft:black_concrete_powder":56,"minecraft:cherry_stairs":40,"minecraft:stone_pickaxe":5,"minecraft:quartz_slab":34,"minecraft:crimson_slab":180,"minecraft:dark_oak_button":1,"minecraft:enchanted_book":28,"minecraft:crimson_stairs":336,"minecraft:iron_shovel":44,"minecraft:barrel":4,"minecraft:cherry_slab":84,"minecraft:quartz_bricks":5,"minecraft:crimson_sign":3,"minecraft:cooked_chicken":6,"minecraft:cherry_boat":3,"minecraft:stone":474,"livingthings:cooked_ostrich":5,"travelersbackpack:pink_sleeping_bag":1,"minecraft:quartz_pillar":2,"cookingforblockheads:fruit_basket":1,"minecraft:bow":2,"minecraft:chest":13,"minecraft:cod_bucket":1,"variantcraftingtables:cherry_crafting_table":4,"livingthings:cooked_elephant":2,"minecraft:stone_bricks":14,"minecraft:cherry_fence":99,"minecraft:golden_boots":2,"minecraft:arrow":200,"livingthings:cooked_giraffe":4,"mutantmonsters:creeper_minion_tracker":1,"minecraft:iron_helmet":7,"minecraft:cherry_button":17,"lolmcv:oak_chest":2,"livingthings:cooked_crab":6,"minecraft:apple":20,"minecraft:pink_wool":3,"minecraft:stick":1442,"minecraft:iron_ingot":569,"minecraft:leather_boots":2,"minecraft:golden_chestplate":1,"minecraft:mossy_stone_bricks":46,"minecraft:furnace":3,"minecraft:crimson_button":69,"betternether:cherry_taburet":1,"travelersbackpack:diamond_tier_upgrade":2,"travelersbackpack:backpack_tank":10,"minecraft:iron_sword":3,"minecraft:cooked_salmon":178,"cookingforblockheads:white_kitchen_floor":72,"minecraft:stonecutter":2,"minecraft:anvil":2,"minecraft:torch":4468,"minecraft:diamond_chestplate":2,"minecraft:birch_slab":6,"minecraft:lever":3,"minecraft:bookshelf":15,"minecraft:cooked_mutton":74,"minecraft:quartz_block":1157,"minecraft:glass":216,"minecraft:repeater":5,"minecraft:diamond_leggings":4,"minecraft:chiseled_quartz_block":2,"minecraft:magenta_dye":33,"minecraft:cooked_rabbit":1,"minecraft:glass_bottle":3,"minecraft:wooden_shovel":8,"minecraft:emerald":533,"minecraft:cooked_porkchop":105,"minecraft:diamond_axe":2,"travelersbackpack:standard":6,"minecraft:copper_ingot":12,"additionallanterns:cobbled_deepslate_lantern":24,"minecraft:campfire":2,"minecraft:cherry_sign":3,"minecraft:compass":1,"minecraft:iron_block":6,"minecraft:gold_ingot":138,"minecraft:birch_stairs":8,"minecraft:bone_meal":3,"minecraft:pink_dye":80,"minecraft:candle":6,"minecraft:cherry_trapdoor":84,"travelersbackpack:cake":5,"cookingforblockheads:milk_jar":1,"travelersbackpack:white_sleeping_bag":2,"minecraft:diamond_boots":2,"minecraft:dark_oak_planks":444,"minecraft:golden_helmet":4,"minecraft:wheat":951,"minecraft:coal_block":12,"cookingforblockheads:pink_kitchen_floor":64,"minecraft:glowstone":90,"cookingforblockheads:cutting_board":1,"minecraft:oak_stairs":4,"minecraft:wooden_axe":2,"minecraft:iron_leggings":4,"minecraft:white_bed":4,"minecraft:oak_planks":276,"beautify:lamp_jar":2,"cookingforblockheads:fridge":2,"minecraft:iron_boots":7,"cookingforblockheads:recipe_book":1,"minecraft:smoker":1,"minecraft:quartz_stairs":52,"minecraft:oak_slab":6,"travelersbackpack:iron_tier_upgrade":2,"minecraft:crafting_table":4,"minecraft:wooden_pickaxe":2,"minecraft:baked_potato":19,"minecraft:birch_planks":232,"minecraft:dark_oak_slab":42,"minecraft:iron_chestplate":7,"minecraft:charcoal":10,"minecraft:diamond_pickaxe":6,"minecraft:emerald_block":44,"minecraft:shield":6,"minecraft:stone_sword":2,"minecraft:redstone_torch":14,"minecraft:shears":2,"minecraft:cherry_planks":1648,"minecraft:wooden_sword":2,"minecraft:coal":144,"betterend:diamond_hammer":1,"minecraft:glass_pane":128,"minecraft:iron_axe":16,"cookingforblockheads:spice_rack":2,"additionallanterns:magenta_cobbled_deepslate_lantern":12,"minecraft:cherry_fence_gate":16,"minecraft:cooked_beef":113,"minecraft:sugar":2,"minecraft:red_dye":25,"minecraft:cooked_cod":65,"minecraft:crimson_planks":1716,"livingthings:cooked_lion":6,"minecraft:diamond_sword":4,"minecraft:dark_oak_stairs":64,"minecraft:bucket":7,"minecraft:stone_axe":1,"minecraft:air":0,"minecraft:bread":142,"minecraft:black_stained_glass":8,"minecraft:blue_dye":16,"minecraft:oak_boat":3,"minecraft:pink_stained_glass_pane":104,"minecraft:cherry_door":18},"minecraft:mined":{"minecraft:white_bed":21,"minecraft:pink_bed":4,"minecraft:fire_coral_wall_fan":1,"minecraft:granite":14,"betternether:blue_crying_obsidian":1,"minecraft:light_gray_bed":1,"minecraft:blue_wool":3,"travelersbackpack:ocelot":3,"minecraft:oak_wall_sign":2,"minecraft:spawner":20,"minecraft:polished_blackstone_bricks":33,"minecraft:mossy_cobblestone_stairs":4,"minecraft:fire":212,"minecraft:barrel":1,"minecraft:deepslate_lapis_ore":13,"minecraft:twisting_vines":3,"minecraft:green_carpet":1,"minecraft:player_head":1,"minecraft:tripwire":2,"minecraft:orange_bed":7,"cookingforblockheads:oven":1,"minecraft:kelp_plant":1,"minecraft:smoker":1,"minecraft:crimson_nylium":19,"minecraft:piglin_head":5,"minecraft:powder_snow":146,"minecraft:torch":86,"minecraft:note_block":1,"minecraft:dark_oak_wood":1,"minecraft:melon":14,"minecraft:white_candle":6,"minecraft:tube_coral_fan":1,"minecraft:sugar_cane":13,"minecraft:amethyst_block":55,"minecraft:cherry_slab":45,"cookingforblockheads:spice_rack":1,"minecraft:chain":4,"minecraft:repeater":5,"variantcraftingtables:cherry_crafting_table":13,"minecraft:jukebox":2,"minecraft:dark_oak_sapling":1,"minecraft:smooth_basalt":4,"minecraft:deepslate":390,"minecraft:dark_prismarine":10,"minecraft:light_blue_wool":2,"minecraft:mossy_cobblestone":94,"minecraft:cherry_sapling":6,"minecraft:dark_oak_log":371,"minecraft:sea_lantern":5,"minecraft:dark_oak_fence":31,"minecraft:spruce_fence":1,"minecraft:redstone_wire":73,"minecraft:redstone_ore":33,"minecraft:potted_torchflower":1,"minecraft:andesite":6,"minecraft:vine":47,"minecraft:brain_coral_wall_fan":11,"minecraft:cherry_fence_gate":29,"minecraft:bone_block":129,"minecraft:oak_slab":10,"minecraft:birch_stairs":6,"minecraft:glass_pane":30,"minecraft:soul_sand":68,"minecraft:cornflower":6,"minecraft:crimson_slab":26,"minecraft:campfire":5,"minecraft:brain_coral_fan":2,"minecraft:tall_grass":37,"minecraft:copper_ore":8,"minecraft:deepslate_gold_ore":8,"minecraft:diorite":28,"minecraft:warped_wart_block":3,"minecraft:coarse_dirt":34,"minecraft:cobblestone_wall":7,"minecraft:dark_prismarine_slab":1,"minecraft:gravel":154,"minecraft:cobweb":173,"minecraft:stone_bricks":203,"minecraft:fern":24,"minecraft:warped_fence_gate":1,"minecraft:budding_amethyst":6,"minecraft:cracked_polished_blackstone_bricks":2,"minecraft:bubble_coral_fan":4,"minecraft:composter":9,"minecraft:gilded_blackstone":1,"minecraft:sculk_catalyst":3,"additionallanterns:pink_normal_lantern":1,"minecraft:brown_bed":1,"minecraft:pointed_dripstone":25,"minecraft:flowering_azalea_leaves":1,"minecraft:iron_bars":18,"minecraft:azalea":2,"minecraft:deepslate_redstone_ore":71,"minecraft:quartz_block":18,"minecraft:medium_amethyst_bud":2,"minecraft:nether_quartz_ore":1271,"minecraft:oak_planks":45,"minecraft:wall_torch":152,"minecraft:stone_stairs":5,"minecraft:fire_coral_fan":1,"minecraft:warped_nylium":23,"cookingforblockheads:milk_jar":2,"minecraft:tnt":2,"minecraft:smooth_stone_slab":64,"minecraft:oak_log":148,"minecraft:beetroots":1,"minecraft:dirt":2434,"minecraft:quartz_stairs":96,"minecraft:dark_oak_leaves":26,"minecraft:glow_lichen":6,"minecraft:lever":5,"minecraft:ladder":14,"minecraft:chiseled_bookshelf":1,"minecraft:tube_coral_wall_fan":4,"minecraft:decorated_pot":131,"travelersbackpack:white_sleeping_bag":44,"minecraft:birch_slab":5,"minecraft:spruce_leaves":12,"minecraft:infested_chiseled_stone_bricks":1,"minecraft:crimson_stem":450,"minecraft:hay_block":103,"minecraft:polished_basalt":1,"minecraft:gold_block":12,"minecraft:potted_cherry_sapling":6,"minecraft:bookshelf":27,"minecraft:deepslate_iron_ore":26,"minecraft:shroomlight":6,"betternether:cherry_taburet":1,"minecraft:stripped_dark_oak_log":31,"minecraft:basalt":17,"minecraft:warped_fence":1,"travelersbackpack:standard":69,"minecraft:oak_fence":3,"minecraft:stone_slab":13,"minecraft:quartz_bricks":88,"minecraft:prismarine_bricks":4,"minecraft:birch_planks":3,"minecraft:bubble_coral":3,"minecraft:sea_pickle":2,"minecraft:cocoa":3,"minecraft:cherry_leaves":303,"minecraft:cracked_stone_bricks":19,"minecraft:mossy_stone_bricks":15,"minecraft:crimson_fence":2,"minecraft:dark_oak_planks":86,"betternether:obsidian_tile_stairs":3,"minecraft:cherry_log":1069,"minecraft:jungle_leaves":42,"minecraft:carved_pumpkin":2,"minecraft:obsidian":2,"minecraft:chiseled_polished_blackstone":1,"minecraft:coal_block":15,"minecraft:deepslate_tile_stairs":3,"minecraft:bubble_coral_block":12,"minecraft:crimson_fungus":5,"minecraft:chiseled_stone_bricks":1,"minecraft:weeping_vines_plant":13,"minecraft:tall_seagrass":5,"minecraft:cyan_wall_banner":1,"minecraft:moss_carpet":2,"minecraft:cave_vines":6,"minecraft:dirt_path":9,"minecraft:small_amethyst_bud":5,"minecraft:quartz_slab":8,"lolmcv:oak_chest":2,"minecraft:potted_brown_mushroom":1,"minecraft:red_bed":1,"minecraft:soul_fire":92,"minecraft:amethyst_cluster":6,"minecraft:polished_andesite_stairs":18,"minecraft:glass":3,"minecraft:cyan_bed":30,"minecraft:crimson_stairs":47,"minecraft:skeleton_skull":3,"minecraft:cyan_wool":3,"minecraft:cherry_fence":22,"minecraft:black_concrete_powder":11,"minecraft:wheat":65,"minecraft:lilac":12,"minecraft:warped_fungus":4,"minecraft:potted_poppy":1,"minecraft:stone_brick_stairs":7,"minecraft:prismarine_brick_stairs":1,"minecraft:oak_fence_gate":1,"minecraft:loom":1,"cookingforblockheads:tool_rack":1,"minecraft:stripped_birch_log":1,"minecraft:allium":18,"minecraft:crimson_roots":20,"minecraft:moss_block":20,"minecraft:kelp":1,"minecraft:potatoes":10,"minecraft:warped_stem":3,"minecraft:white_wool":1,"minecraft:cake":2,"minecraft:brain_coral":3,"minecraft:smithing_table":2,"minecraft:cherry_planks":216,"minecraft:brown_carpet":2,"lolmcv:cherry_chest":3,"moreberries:black_berry_bush":5,"minecraft:short_grass":723,"minecraft:emerald_ore":118,"cookingforblockheads:fridge":2,"beautify:lamp_jar":8,"minecraft:big_dripleaf":1,"minecraft:prismarine_brick_slab":2,"minecraft:white_carpet":2,"minecraft:birch_leaves":19,"minecraft:quartz_pillar":1,"minecraft:zombie_head":1,"minecraft:pink_stained_glass_pane":1,"minecraft:dripstone_block":4,"moreberries:blue_berry_bush":2,"travelersbackpack:cake":5,"minecraft:large_amethyst_bud":9,"minecraft:spruce_planks":2,"minecraft:cobblestone_stairs":1,"minecraft:sculk_vein":15,"minecraft:cave_vines_plant":2,"minecraft:cherry_trapdoor":53,"travelersbackpack:iron_golem":1,"minecraft:grass_block":3414,"minecraft:soul_soil":37,"minecraft:sandstone_stairs":1,"minecraft:smooth_stone":3,"minecraft:glowstone":170,"minecraft:iron_ore":199,"minecraft:azure_bluet":3,"minecraft:dark_oak_stairs":5,"minecraft:brain_coral_block":28,"minecraft:cyan_terracotta":10,"minecraft:blackstone":14,"minecraft:twisting_vines_plant":3,"minecraft:melon_stem":1,"minecraft:chiseled_quartz_block":2,"minecraft:clay":79,"minecraft:calcite":7,"minecraft:poppy":16,"minecraft:chest":23,"minecraft:cobblestone":190,"minecraft:grindstone":1,"minecraft:iron_door":1,"minecraft:pink_petals":1021,"minecraft:seagrass":4,"minecraft:nether_wart_block":94,"minecraft:birch_log":54,"minecraft:brown_wall_banner":3,"minecraft:cherry_door":5,"travelersbackpack:pink_sleeping_bag":3,"minecraft:sand":250,"minecraft:crimson_planks":346,"minecraft:netherrack":5050,"minecraft:oak_leaves":110,"minecraft:emerald_block":2,"minecraft:redstone_lamp":12,"minecraft:nether_gold_ore":59,"minecraft:tube_coral":1,"minecraft:diamond_ore":20,"minecraft:red_carpet":2,"minecraft:tuff":15,"minecraft:deepslate_diamond_ore":11,"minecraft:oak_door":5,"minecraft:stripped_cherry_log":198,"minecraft:weeping_vines":2,"minecraft:large_fern":1,"minecraft:spore_blossom":4,"minecraft:potted_dark_oak_sapling":1,"minecraft:furnace":23,"minecraft:carrots":13,"minecraft:lantern":59,"minecraft:stone":4213,"minecraft:cherry_stairs":28,"minecraft:flowering_azalea":1,"beautify:bookstack":7,"minecraft:spruce_door":2,"minecraft:crafting_table":20,"minecraft:rose_bush":23,"minecraft:sculk_sensor":25,"minecraft:lectern":166,"minecraft:lapis_ore":7,"minecraft:sculk":330,"minecraft:cactus":4,"minecraft:redstone_torch":8,"minecraft:sweet_berry_bush":14,"betternether:blue_obsidian":1,"minecraft:yellow_bed":16,"minecraft:coal_ore":612,"minecraft:bubble_coral_wall_fan":4,"minecraft:lodestone":1,"minecraft:terracotta":6,"minecraft:crimson_wall_sign":1,"minecraft:polished_andesite":30},"minecraft:killed":{"betternether:firefly":1,"endermanoverhaul:desert_enderman":1,"minecraft:salmon":34,"livingthings:mantaray":23,"minecraft:pillager":153,"minecraft:goat":6,"tinyskeletons:baby_skeleton":5,"minecraft:zombie":319,"mutantmonsters:mutant_creeper":10,"livingthings:snail":6,"minecraft:evoker":10,"minecraft:vindicator":65,"endermanoverhaul:crimson_forest_enderman":2,"livingthings:crab":9,"minecraft:husk":3,"minecraft:rabbit":3,"minecraft:ravager":2,"mutantmonsters:creeper_minion":14,"endermanoverhaul:coral_enderman":3,"minecraft:witch":8,"minecraft:spider":70,"livingthings:ostrich":3,"livingthings:lion":2,"minecraft:silverfish":1,"minecraft:piglin_brute":1,"minecraft:piglin":2,"minecraft:zombie_villager":2,"minecraft:sheep":120,"minecraft:ghast":5,"minecraft:vex":16,"endermanoverhaul:scarab":1,"endermanoverhaul:soulsand_valley_enderman":1,"minecraft:drowned":25,"minecraft:hoglin":30,"minecraft:squid":9,"endermanoverhaul:spirit":3,"minecraft:wither_skeleton":1,"minecraft:player":1,"minecraft:cave_spider":5,"minecraft:skeleton":155,"minecraft:chicken":61,"livingthings:shark":9,"minecraft:magma_cube":38,"mutantmonsters:mutant_skeleton":2,"endermanoverhaul:savanna_enderman":3,"minecraft:glow_squid":4,"minecraft:cow":96,"livingthings:flamingo":1,"livingthings:penguin":1,"minecraft:enderman":9,"endermanoverhaul:dark_oak_enderman":1,"minecraft:pig":77,"livingthings:giraffe":1,"minecraft:strider":1,"minecraft:creeper":71,"livingthings:seahorse":1,"livingthings:owl":2,"minecraft:blaze":2,"livingthings:raccoon":5,"minecraft:phantom":32,"betternether:naga":27,"minecraft:bat":2,"mutantmonsters:mutant_zombie":2},"minecraft:custom":{"minecraft:interact_with_crafting_table":645,"minecraft:damage_blocked_by_shield":8592,"minecraft:play_time":5481438,"minecraft:deaths":48,"minecraft:jump":92244,"minecraft:play_record":1,"minecraft:interact_with_cartography_table":4,"minecraft:interact_with_smoker":32,"minecraft:horse_one_cm":1587825,"minecraft:interact_with_anvil":45,"minecraft:tune_noteblock":36,"minecraft:time_since_rest":11138,"minecraft:swim_one_cm":1791726,"minecraft:open_chest":3111,"minecraft:play_noteblock":1,"minecraft:talked_to_villager":588,"minecraft:interact_with_brewingstand":2,"minecraft:interact_with_campfire":45,"minecraft:raid_win":3,"minecraft:boat_one_cm":3409483,"minecraft:damage_taken":60124,"minecraft:open_barrel":219,"minecraft:bell_ring":100,"minecraft:eat_cake_slice":11,"minecraft:leave_game":57,"minecraft:time_since_death":326486,"minecraft:enchant_item":4,"minecraft:interact_with_furnace":525,"minecraft:traded_with_villager":86,"minecraft:sleep_in_bed":261,"minecraft:damage_dealt":244833,"minecraft:interact_with_smithing_table":22,"minecraft:target_hit":1,"minecraft:sneak_time":400927,"minecraft:interact_with_blast_furnace":8,"minecraft:total_world_time":5481438,"minecraft:interact_with_stonecutter":57,"minecraft:fly_one_cm":16742504,"minecraft:fish_caught":6,"minecraft:fall_one_cm":1641149,"minecraft:animals_bred":3,"minecraft:sprint_one_cm":24466914,"minecraft:drop":1464,"minecraft:walk_on_water_one_cm":629234,"minecraft:interact_with_loom":6,"minecraft:player_kills":1,"minecraft:crouch_one_cm":1284612,"minecraft:mob_kills":1608,"minecraft:climb_one_cm":89689,"minecraft:walk_one_cm":14884566,"minecraft:strider_one_cm":312,"minecraft:walk_under_water_one_cm":556367,"minecraft:raid_trigger":4,"minecraft:pot_flower":5,"minecraft:interact_with_grindstone":7,"minecraft:damage_absorbed":160,"minecraft:trigger_trapped_chest":2},"minecraft:killed_by":{"minecraft:warden":4,"minecraft:skeleton":1,"mutantmonsters:mutant_creeper":2,"minecraft:vindicator":14,"minecraft:vex":4,"midnightlurker:midnight_lurker_unprovoked":3,"minecraft:evoker":1,"midnightlurker:midnight_lurker_aggressive":1,"mutantmonsters:mutant_zombie":2,"minecraft:creeper":1,"midnightlurker:void_hands":1,"minecraft:piglin":2,"minecraft:spider":1,"livingthings:nether_knight":1},"minecraft:picked_up":{"minecraft:smithing_table":2,"minecraft:lead":19,"minecraft:stone_slab":13,"minecraft:enchanted_book":8,"minecraft:string":312,"minecraft:pufferfish":4,"minecraft:shroomlight":6,"minecraft:cherry_boat":4,"minecraft:diamond_leggings":8,"minecraft:bubble_coral":3,"minecraft:crimson_sign":1,"minecraft:diamond_ore":2,"minecraft:mojang_banner_pattern":1,"minecraft:jukebox":4,"minecraft:big_dripleaf":4,"minecraft:acacia_log":7,"minecraft:golden_axe":1,"minecraft:golden_chestplate":3,"minecraft:orange_bed":6,"minecraft:stone_sword":4,"minecraft:honey_bottle":2,"minecraft:polished_basalt":2,"livingthings:shark_tooth":14,"minecraft:carved_pumpkin":3,"minecraft:glowstone":3,"minecraft:blaze_rod":1,"minecraft:iron_bars":28,"travelersbackpack:iron_golem":1,"minecraft:feather":96,"minecraft:cooked_beef":122,"minecraft:water_bucket":50,"minecraft:brown_wool":6,"minecraft:flint":57,"minecraft:cherry_fence":22,"minecraft:lantern":186,"lolmcv:oak_chest":1,"minecraft:large_amethyst_bud":6,"minecraft:diamond_helmet":3,"minecraft:rabbit":3,"minecraft:honeycomb":6,"minecraft:chiseled_polished_blackstone":1,"minecraft:polished_andesite":31,"cookingforblockheads:spice_rack":1,"minecraft:lever":5,"minecraft:granite":31,"minecraft:golden_horse_armor":1,"minecraft:cyan_dye":1,"livingthings:elephant":2,"minecraft:crimson_roots":25,"minecraft:diamond_pickaxe":11,"livingthings:lion":2,"minecraft:leather_leggings":2,"minecraft:clay_ball":52,"minecraft:redstone_lamp":31,"minecraft:stripped_cherry_log":196,"minecraft:cornflower":16,"minecraft:flint_and_steel":12,"minecraft:white_carpet":2,"minecraft:iron_shovel":11,"minecraft:glass_pane":11,"cookingforblockheads:fridge":2,"minecraft:netherite_sword":2,"minecraft:jungle_sapling":4,"minecraft:poppy":27,"minecraft:birch_sapling":3,"minecraft:cherry_button":6,"minecraft:stone":65,"minecraft:fire_charge":4,"cookingforblockheads:milk_jar":2,"mutantmonsters:creeper_shard":3,"minecraft:diamond_chestplate":8,"minecraft:decorated_pot":85,"minecraft:hay_block":129,"minecraft:totem_of_undying":13,"minecraft:mutton":221,"minecraft:rail":3,"minecraft:bone_block":120,"minecraft:clock":8,"minecraft:torchflower":1,"minecraft:apple":40,"travelersbackpack:cake":9,"minecraft:spore_blossom":7,"minecraft:cherry_sign":1,"minecraft:dark_oak_stairs":6,"minecraft:polished_andesite_stairs":18,"minecraft:smooth_basalt":6,"minecraft:milk_bucket":4,"beautify:bookstack":6,"minecraft:sweet_berries":26,"minecraft:crimson_stairs":43,"minecraft:crying_obsidian":23,"travelersbackpack:standard":71,"minecraft:diamond_shovel":3,"minecraft:slime_ball":12,"minecraft:lodestone":1,"minecraft:baked_potato":114,"minecraft:sentry_armor_trim_smithing_template":2,"minecraft:stone_brick_stairs":28,"betternether:blue_obsidian":1,"minecraft:red_candle":11,"minecraft:smooth_stone":3,"minecraft:bucket":61,"minecraft:cobblestone_slab":3,"livingthings:ostrich":5,"minecraft:rose_bush":23,"minecraft:ender_eye":6,"minecraft:azalea":6,"minecraft:wooden_shovel":11,"minecraft:iron_pickaxe":30,"minecraft:blue_wool":1,"travelersbackpack:diamond_tier_upgrade":2,"minecraft:diorite":25,"minecraft:goat_horn":1,"additionallanterns:pink_normal_lantern":1,"minecraft:rotten_flesh":397,"endermanoverhaul:bubble_pearl":2,"minecraft:obsidian":10,"minecraft:cobblestone":6087,"minecraft:enchanting_table":1,"minecraft:pink_petals":4680,"moreberries:orange_berries":2,"minecraft:leather_chestplate":1,"minecraft:lilac":11,"minecraft:repeater":5,"minecraft:cherry_planks":317,"minecraft:andesite":6,"minecraft:golden_leggings":9,"minecraft:potato":35,"minecraft:prismarine_bricks":4,"minecraft:dirt":6750,"mutantmonsters:creeper_minion_tracker":2,"minecraft:stripped_birch_log":1,"minecraft:name_tag":16,"travelersbackpack:backpack_tank":2,"minecraft:glass":22,"minecraft:bone":306,"minecraft:bow":18,"minecraft:wheat_seeds":368,"minecraft:orange_tulip":1,"minecraft:netherite_axe":2,"minecraft:mossy_stone_bricks":10,"endermanoverhaul:soul_pearl":2,"minecraft:grass_block":1,"minecraft:warped_fence_gate":1,"minecraft:spectral_arrow":92,"minecraft:mossy_cobblestone":90,"minecraft:sugar":8,"minecraft:cracked_polished_blackstone_bricks":2,"minecraft:crossbow":20,"minecraft:bone_meal":2,"minecraft:golden_apple":6,"minecraft:emerald":449,"minecraft:netherrack":5797,"minecraft:azure_bluet":12,"minecraft:splash_potion":1,"minecraft:ladder":10,"betternether:blue_crying_obsidian":1,"minecraft:brown_mushroom":2,"minecraft:chain":4,"minecraft:shield":27,"minecraft:brick":180,"travelersbackpack:pink_sleeping_bag":2,"minecraft:moss_carpet":27,"livingthings:banana":16,"minecraft:blackstone":94,"minecraft:cherry_stairs":28,"minecraft:polished_blackstone_bricks":22,"minecraft:cookie":16,"minecraft:weeping_vines":25,"moreberries:blue_berries":44,"minecraft:tube_coral":2,"moreberries:yellow_berries":25,"minecraft:pumpkin_pie":37,"mutantmonsters:mutant_skeleton_rib":8,"minecraft:skeleton_skull":4,"minecraft:basalt":27,"minecraft:golden_carrot":9,"minecraft:leather":134,"minecraft:crimson_fungus":18,"minecraft:yellow_bed":14,"minecraft:cobblestone_wall":4,"minecraft:gunpowder":169,"minecraft:cooked_mutton":106,"minecraft:coast_armor_trim_smithing_template":2,"minecraft:red_carpet":8,"minecraft:rabbit_hide":1,"minecraft:iron_ingot":144,"minecraft:cooked_chicken":103,"minecraft:prismarine_brick_slab":1,"minecraft:sculk_catalyst":2,"minecraft:pink_bed":4,"minecraft:warped_fungus":5,"minecraft:emerald_block":56,"minecraft:quartz":4015,"minecraft:dandelion":8,"minecraft:amethyst_shard":19,"minecraft:red_banner":1,"minecraft:spruce_door":2,"minecraft:sculk_sensor":9,"minecraft:chainmail_leggings":1,"minecraft:cherry_sapling":303,"minecraft:mossy_cobblestone_stairs":4,"minecraft:terracotta":6,"minecraft:sunflower":1,"minecraft:wooden_axe":1,"minecraft:iron_chestplate":18,"minecraft:flower_pot":14,"minecraft:diamond_sword":15,"minecraft:oak_stairs":7,"minecraft:golden_sword":2,"minecraft:amethyst_block":81,"minecraft:soul_soil":49,"minecraft:cooked_salmon":27,"minecraft:beetroot":38,"moreberries:black_berries":11,"minecraft:gold_nugget":528,"minecraft:cobbled_deepslate":409,"minecraft:crimson_fence":8,"minecraft:spruce_planks":2,"minecraft:melon_slice":179,"minecraft:coal_block":15,"minecraft:golden_helmet":7,"minecraft:composter":9,"minecraft:cherry_log":1323,"minecraft:deepslate_tile_stairs":1,"minecraft:rabbit_foot":1,"mutantmonsters:mutant_skeleton_pelvis":1,"minecraft:black_dye":27,"minecraft:tropical_fish":4,"minecraft:cyan_terracotta":3,"minecraft:birch_log":73,"minecraft:jungle_log":15,"minecraft:iron_door":1,"minecraft:cherry_leaves":213,"minecraft:birch_slab":7,"minecraft:smoker":1,"travelersbackpack:ocelot":5,"minecraft:map":4,"minecraft:cherry_door":6,"betternether:cherry_taburet":1,"minecraft:glowstone_dust":707,"minecraft:moss_block":58,"minecraft:warped_wart_block":3,"minecraft:ink_sac":17,"minecraft:loom":1,"minecraft:dark_oak_log":409,"minecraft:barrel":2,"minecraft:quartz_bricks":87,"minecraft:white_candle":53,"minecraft:black_concrete_powder":11,"endermanoverhaul:crimson_pearl":1,"minecraft:bread":795,"minecraft:cherry_slab":55,"minecraft:dark_oak_fence":25,"minecraft:coarse_dirt":19,"minecraft:crafting_table":20,"minecraft:bubble_coral_fan":10,"variantcraftingtables:cherry_crafting_table":16,"minecraft:red_bed":7,"beautify:lamp_jar":8,"minecraft:cracked_stone_bricks":11,"minecraft:beef":201,"minecraft:cyan_wool":2,"minecraft:iron_nugget":171,"minecraft:quartz_stairs":96,"minecraft:chest":21,"minecraft:egg":26,"additionallanterns:magenta_cobbled_deepslate_lantern":3,"minecraft:sandstone":2,"minecraft:oak_door":9,"minecraft:amethyst_cluster":5,"minecraft:spruce_fence":1,"minecraft:cake":2,"minecraft:carrot":181,"minecraft:redstone":950,"minecraft:prismarine_crystals":2,"minecraft:tnt":6,"minecraft:cooked_cod":25,"minecraft:beetroot_seeds":11,"minecraft:tube_coral_fan":4,"minecraft:diamond_boots":8,"minecraft:sandstone_stairs":1,"minecraft:gold_ingot":291,"minecraft:glow_berries":4,"minecraft:crimson_slab":27,"minecraft:white_wool":184,"minecraft:chiseled_bookshelf":1,"minecraft:filled_map":33,"minecraft:oak_log":161,"minecraft:golden_boots":12,"mutantmonsters:mutant_skeleton_limb":11,"minecraft:white_banner":15,"minecraft:stone_bricks":213,"minecraft:kelp":8,"minecraft:cobweb":1,"minecraft:glass_bottle":10,"minecraft:iron_sword":16,"minecraft:flowering_azalea":2,"minecraft:prismarine_brick_stairs":2,"minecraft:dark_oak_slab":2,"minecraft:sculk":92,"minecraft:gravel":303,"minecraft:birch_stairs":6,"minecraft:small_amethyst_bud":1,"minecraft:spruce_sapling":2,"minecraft:sea_lantern":3,"minecraft:diamond_axe":3,"minecraft:gray_wool":7,"minecraft:warped_roots":1,"minecraft:brown_banner":3,"minecraft:stripped_dark_oak_log":2,"minecraft:ender_pearl":6,"livingthings:crab":10,"minecraft:wheat":328,"minecraft:potion":18,"minecraft:brain_coral_block":27,"minecraft:nether_brick":26,"minecraft:crimson_planks":333,"mutantmonsters:mutant_skeleton_skull":1,"minecraft:raw_copper":44,"minecraft:iron_leggings":9,"minecraft:smooth_stone_slab":59,"minecraft:armor_stand":14,"minecraft:zombie_head":3,"minecraft:oak_sign":10,"minecraft:sea_pickle":7,"cookingforblockheads:tool_rack":1,"minecraft:redstone_torch":9,"minecraft:calcite":12,"minecraft:furnace":22,"minecraft:iron_boots":16,"minecraft:stick":291,"minecraft:oak_fence":13,"minecraft:torch":1180,"minecraft:porkchop":266,"minecraft:pointed_dripstone":79,"mutantmonsters:hulk_hammer":8,"minecraft:quartz_block":320,"cookingforblockheads:oven":1,"minecraft:cactus":6,"minecraft:fire_coral_fan":1,"mutantmonsters:mutant_skeleton_shoulder_pad":4,"minecraft:cod":157,"minecraft:magma_cream":4,"minecraft:chiseled_quartz_block":2,"minecraft:tuff":14,"minecraft:lapis_lazuli":338,"minecraft:leather_boots":4,"minecraft:raw_gold":29,"minecraft:light_blue_dye":6,"minecraft:oak_planks":309,"minecraft:brain_coral":3,"minecraft:ghast_tear":1,"minecraft:cooked_porkchop":216,"minecraft:poisonous_potato":1,"minecraft:sand":585,"minecraft:dead_bush":2,"minecraft:cyan_bed":31,"minecraft:dark_prismarine":11,"travelersbackpack:white_sleeping_bag":2,"minecraft:dark_prismarine_slab":1,"minecraft:clay":64,"minecraft:diamond":136,"minecraft:oak_sapling":39,"minecraft:bubble_coral_block":12,"minecraft:cocoa_beans":3,"minecraft:fishing_rod":2,"minecraft:charcoal":26,"minecraft:allium":33,"minecraft:chicken":76,"minecraft:gold_block":12,"minecraft:stone_stairs":2,"minecraft:iron_axe":22,"minecraft:quartz_slab":8,"betternether:obsidian_tile_stairs":3,"minecraft:warped_fence":1,"minecraft:candle":3,"minecraft:oak_boat":29,"minecraft:player_head":28,"minecraft:light_gray_wool":3,"minecraft:lectern":167,"minecraft:sugar_cane":63,"minecraft:phantom_membrane":9,"minecraft:cherry_trapdoor":64,"minecraft:dark_oak_sapling":39,"minecraft:raw_iron":349,"minecraft:quartz_pillar":1,"minecraft:stone_button":1,"minecraft:dark_oak_planks":99,"minecraft:cherry_fence_gate":29,"minecraft:arrow":583,"minecraft:golden_hoe":4,"minecraft:saddle":7,"minecraft:glow_ink_sac":6,"travelersbackpack:melon":2,"minecraft:crimson_stem":594,"minecraft:salmon":102,"minecraft:birch_planks":7,"livingthings:giraffe":6,"minecraft:nether_wart_block":100,"minecraft:cobblestone_stairs":3,"livingthings:crab_shell":3,"lolmcv:cherry_chest":4,"minecraft:piglin_head":6,"minecraft:soul_sand":108,"minecraft:book":143,"minecraft:oak_slab":10,"minecraft:dripstone_block":71,"minecraft:brain_coral_fan":10,"minecraft:white_bed":22,"minecraft:spider_eye":20,"minecraft:green_carpet":1,"minecraft:dried_kelp_block":1,"minecraft:iron_helmet":13,"minecraft:black_wool":3,"minecraft:coal":1906},"minecraft:broken":{"minecraft:wooden_shovel":3,"minecraft:diamond_helmet":1,"minecraft:iron_leggings":1,"minecraft:diamond_pickaxe":1,"minecraft:diamond_leggings":1,"minecraft:shield":2,"minecraft:iron_pickaxe":33,"mutantmonsters:hulk_hammer":1,"minecraft:iron_shovel":20,"minecraft:stone_pickaxe":2,"minecraft:diamond_boots":1,"minecraft:diamond_sword":1,"minecraft:diamond_axe":1,"minecraft:golden_boots":1,"minecraft:iron_boots":3,"minecraft:iron_chestplate":2,"minecraft:iron_sword":3,"minecraft:iron_axe":10,"minecraft:iron_helmet":3,"minecraft:golden_helmet":1,"minecraft:golden_leggings":2,"minecraft:wooden_axe":2,"minecraft:golden_axe":7,"minecraft:leather_boots":1,"minecraft:golden_pickaxe":8},"minecraft:dropped":{"livingthings:cooked_lion":3,"minecraft:iron_sword":4,"minecraft:porkchop":38,"minecraft:lapis_lazuli":204,"minecraft:glass_bottle":7,"minecraft:diamond":10,"minecraft:crafting_table":3,"minecraft:cooked_porkchop":43,"minecraft:weeping_vines":14,"minecraft:glow_berries":2,"minecraft:warped_roots":1,"minecraft:cracked_stone_bricks":1,"minecraft:brown_banner":3,"mutantmonsters:mutant_skeleton_shoulder_pad":2,"minecraft:gold_block":4,"minecraft:emerald":33,"livingthings:giraffe":2,"minecraft:red_bed":4,"minecraft:dark_oak_fence":12,"minecraft:gold_nugget":62,"minecraft:sand":106,"minecraft:dark_oak_planks":11,"minecraft:white_wool":91,"minecraft:goat_horn":1,"minecraft:iron_nugget":1,"minecraft:cobbled_deepslate":78,"minecraft:netherite_sword":2,"minecraft:wheat":203,"minecraft:obsidian":2,"minecraft:rotten_flesh":240,"minecraft:oak_planks":4,"minecraft:glowstone_dust":1,"minecraft:azure_bluet":11,"minecraft:sea_lantern":3,"minecraft:red_candle":11,"minecraft:quartz_block":94,"minecraft:jungle_log":7,"minecraft:leather_boots":1,"minecraft:leather_leggings":1,"minecraft:beef":22,"minecraft:golden_boots":2,"minecraft:black_dye":10,"minecraft:wheat_seeds":220,"livingthings:cooked_crab":3,"minecraft:dripstone_block":20,"minecraft:book":25,"minecraft:prismarine_crystals":2,"minecraft:golden_apple":5,"minecraft:cobweb":3,"minecraft:gray_wool":4,"minecraft:ink_sac":17,"minecraft:wooden_axe":1,"minecraft:cherry_planks":130,"minecraft:cooked_salmon":24,"minecraft:potion":5,"minecraft:oak_stairs":3,"minecraft:golden_hoe":1,"minecraft:white_banner":8,"minecraft:smooth_stone":3,"minecraft:chainmail_leggings":1,"minecraft:player_head":22,"minecraft:cocoa_beans":3,"minecraft:clay_ball":10,"minecraft:iron_boots":4,"minecraft:name_tag":7,"minecraft:oak_sign":7,"minecraft:diamond_sword":6,"minecraft:cyan_wool":1,"minecraft:flower_pot":6,"minecraft:sea_pickle":7,"mutantmonsters:mutant_skeleton_limb":4,"minecraft:diamond_pickaxe":6,"livingthings:crab_shell":1,"minecraft:stone_bricks":53,"minecraft:sandstone":2,"minecraft:bow":4,"travelersbackpack:cake":6,"mutantmonsters:mutant_skeleton_rib":4,"mutantmonsters:mutant_skeleton_skull":1,"minecraft:soul_sand":80,"minecraft:moss_block":10,"minecraft:oak_log":8,"minecraft:golden_pickaxe":7,"minecraft:dark_oak_sapling":1,"minecraft:leather":42,"minecraft:prismarine_brick_stairs":2,"travelersbackpack:standard":3,"minecraft:birch_slab":6,"minecraft:cod":49,"minecraft:cobblestone_stairs":2,"minecraft:dark_oak_log":54,"minecraft:mojang_banner_pattern":2,"minecraft:mutton":29,"minecraft:prismarine_brick_slab":1,"minecraft:gold_ingot":163,"travelersbackpack:ocelot":1,"mutantmonsters:mutant_skeleton_pelvis":1,"minecraft:pointed_dripstone":37,"minecraft:beetroot":12,"minecraft:white_candle":19,"minecraft:cooked_mutton":16,"minecraft:leather_chestplate":1,"minecraft:beetroot_seeds":2,"minecraft:iron_bars":9,"minecraft:bread":241,"minecraft:golden_helmet":5,"minecraft:cherry_log":96,"minecraft:lilac":11,"minecraft:netherite_axe":2,"minecraft:golden_axe":5,"minecraft:amethyst_block":23,"minecraft:piglin_head":1,"minecraft:tropical_fish":3,"minecraft:acacia_log":7,"moreberries:black_berries":2,"minecraft:milk_bucket":7,"minecraft:nether_wart_block":4,"minecraft:fire_charge":3,"minecraft:polished_andesite_stairs":18,"minecraft:orange_bed":1,"minecraft:kelp":3,"minecraft:sweet_berries":25,"betterend:diamond_hammer":1,"travelersbackpack:diamond_tier_upgrade":1,"minecraft:totem_of_undying":2,"minecraft:flint_and_steel":1,"minecraft:golden_leggings":3,"minecraft:oak_sapling":5,"minecraft:wooden_pickaxe":1,"minecraft:magma_cream":2,"minecraft:brick":35,"minecraft:clay":64,"minecraft:cooked_beef":9,"minecraft:spore_blossom":3,"minecraft:crossbow":4,"minecraft:orange_tulip":1,"minecraft:cookie":8,"mutantmonsters:creeper_shard":1,"minecraft:saddle":4,"minecraft:sentry_armor_trim_smithing_template":2,"minecraft:red_carpet":5,"minecraft:dirt":824,"minecraft:stone_button":1,"minecraft:jungle_sapling":3,"minecraft:wooden_sword":1,"minecraft:bone_meal":1,"moreberries:orange_berries":2,"mutantmonsters:creeper_minion_tracker":1,"minecraft:sugar":5,"minecraft:iron_pickaxe":25,"travelersbackpack:backpack_tank":2,"minecraft:bone":110,"minecraft:oak_door":4,"minecraft:sugar_cane":7,"minecraft:cherry_boat":2,"minecraft:emerald_block":48,"mutantmonsters:hulk_hammer":1,"minecraft:pink_bed":1,"minecraft:golden_chestplate":5,"minecraft:blue_wool":1,"minecraft:white_bed":2,"minecraft:salmon":5,"minecraft:charcoal":16,"minecraft:lectern":6,"minecraft:egg":10,"minecraft:crimson_planks":34,"minecraft:enchanted_book":16,"minecraft:iron_ingot":27,"minecraft:tnt":2,"minecraft:cobblestone":2987,"minecraft:feather":19,"minecraft:oak_fence":5,"minecraft:iron_helmet":4,"minecraft:dark_prismarine_slab":1,"minecraft:apple":70,"minecraft:granite":13,"minecraft:coal":57,"minecraft:polished_andesite":18,"minecraft:dried_kelp_block":1,"minecraft:golden_carrot":1,"minecraft:rose_bush":23,"minecraft:diamond_helmet":2,"travelersbackpack:melon":2,"minecraft:dead_bush":1,"minecraft:mossy_cobblestone_stairs":4,"minecraft:iron_shovel":31,"minecraft:string":170,"minecraft:spruce_sapling":1,"minecraft:furnace":9,"minecraft:moss_carpet":26,"lolmcv:oak_chest":1,"minecraft:stone_sword":4,"minecraft:cobblestone_wall":4,"minecraft:smooth_stone_slab":17,"minecraft:chicken":14,"minecraft:diamond_ore":2,"minecraft:big_dripleaf":1,"minecraft:light_blue_dye":2,"minecraft:potato":16,"minecraft:cobblestone_slab":3,"minecraft:hay_block":3,"minecraft:shroomlight":1,"livingthings:shark_tooth":1,"minecraft:wooden_shovel":14,"minecraft:spider_eye":11,"minecraft:magenta_dye":21,"minecraft:dark_prismarine":11,"minecraft:black_wool":2,"minecraft:brown_mushroom":2,"minecraft:dark_oak_stairs":1,"minecraft:diamond_axe":1,"minecraft:baked_potato":11,"minecraft:decorated_pot":5,"minecraft:lantern":2,"minecraft:flint":6,"minecraft:cyan_terracotta":3,"minecraft:cherry_trapdoor":1,"minecraft:crimson_roots":11,"minecraft:cooked_cod":16,"minecraft:pumpkin_pie":12,"minecraft:amethyst_shard":28,"minecraft:glistering_melon_slice":4,"minecraft:armor_stand":6,"minecraft:gravel":107,"minecraft:crimson_fungus":11,"minecraft:blackstone":16,"minecraft:cherry_sapling":173,"minecraft:diamond_shovel":1,"minecraft:stone_stairs":2,"minecraft:honey_bottle":2,"minecraft:carrot":87,"minecraft:poppy":1,"minecraft:rabbit_hide":1,"variantcraftingtables:cherry_crafting_table":1,"minecraft:gunpowder":48,"minecraft:skeleton_skull":3,"minecraft:glowstone":2,"minecraft:chest":7,"minecraft:azalea":5,"livingthings:lion":2,"minecraft:arrow":29,"minecraft:prismarine_bricks":4,"minecraft:quartz":7,"minecraft:netherrack":1,"minecraft:water_bucket":6,"minecraft:torchflower":1,"minecraft:oak_slab":5,"betternether:blue_obsidian":1,"minecraft:mossy_cobblestone":33,"minecraft:cyan_dye":1,"minecraft:diamond_leggings":2,"minecraft:poisonous_potato":1,"minecraft:lead":3,"minecraft:copper_ingot":12,"minecraft:stick":4,"minecraft:diorite":2,"minecraft:torch":79,"minecraft:brown_wool":1,"minecraft:iron_leggings":6,"minecraft:crimson_fence":8,"minecraft:iron_axe":11,"minecraft:pink_petals":4818,"minecraft:bucket":21,"minecraft:dandelion":8,"minecraft:redstone":111,"minecraft:cherry_wood":6,"minecraft:raw_copper":16,"cookingforblockheads:no_filter_edition":1,"minecraft:raw_iron":4,"minecraft:glass_pane":2,"minecraft:filled_map":3,"minecraft:shield":5,"minecraft:black_concrete_powder":24,"minecraft:diamond_chestplate":1,"minecraft:iron_chestplate":6,"minecraft:mossy_stone_bricks":3,"minecraft:oak_boat":1,"minecraft:golden_sword":1,"minecraft:stripped_cherry_log":1,"minecraft:diamond_boots":1,"minecraft:slime_ball":6,"minecraft:stone_pickaxe":3,"minecraft:raw_gold":3,"moreberries:blue_berries":18},"minecraft:used":{"minecraft:moss_block":2,"minecraft:writable_book":12,"minecraft:stone":18,"minecraft:quartz_stairs":137,"minecraft:rotten_flesh":9,"minecraft:soul_sand":5,"variantcraftingtables:cherry_crafting_table":16,"minecraft:weeping_vines":2,"minecraft:lava_bucket":33,"minecraft:quartz_pillar":1,"minecraft:quartz_block":51,"minecraft:cherry_leaves":16,"minecraft:bow":634,"minecraft:oak_sapling":35,"minecraft:cooked_cod":66,"minecraft:brick":8,"minecraft:mossy_stone_bricks":53,"minecraft:lapis_lazuli":1,"minecraft:blackstone":16,"minecraft:wooden_pickaxe":21,"minecraft:composter":8,"minecraft:golden_apple":2,"minecraft:glow_berries":4,"minecraft:chiseled_quartz_block":2,"minecraft:flint":2,"minecraft:birch_slab":7,"minecraft:nether_wart_block":83,"minecraft:diamond_sword":2728,"minecraft:smithing_table":2,"minecraft:birch_log":1,"minecraft:oak_boat":22,"minecraft:enchanting_table":1,"minecraft:armor_stand":2,"minecraft:cooked_salmon":171,"minecraft:torch":4766,"lolmcv:cherry_chest":5,"minecraft:cherry_slab":70,"mutantmonsters:creeper_shard":75,"minecraft:barrel":5,"minecraft:diamond_chestplate":8,"minecraft:basalt":24,"minecraft:cherry_log":758,"minecraft:calcite":37,"minecraft:wheat_seeds":64,"minecraft:birch_planks":65,"minecraft:lead":6,"minecraft:cherry_planks":419,"minecraft:leather_boots":9,"minecraft:red_bed":1,"minecraft:campfire":2,"minecraft:white_bed":22,"minecraft:amethyst_cluster":5,"minecraft:diamond_pickaxe":4657,"minecraft:diamond_shovel":161,"travelersbackpack:white_sleeping_bag":1,"minecraft:spruce_sapling":1,"minecraft:pink_bed":3,"minecraft:potion":5,"minecraft:crimson_stairs":358,"minecraft:porkchop":29,"minecraft:cooked_porkchop":142,"minecraft:diamond_leggings":8,"cookingforblockheads:cutting_board":1,"minecraft:cherry_sapling":23,"minecraft:moss_carpet":1,"minecraft:bone_block":78,"minecraft:polished_basalt":2,"minecraft:decorated_pot":14,"minecraft:mutton":13,"endermanoverhaul:coral_enderman_spawn_egg":3,"minecraft:obsidian":9,"moreberries:black_berries":9,"cookingforblockheads:fridge":4,"minecraft:lantern":11,"minecraft:golden_sword":23,"minecraft:skeleton_skull":2,"minecraft:dark_oak_sapling":34,"minecraft:diamond_boots":5,"minecraft:stone_pickaxe":311,"minecraft:oak_planks":5,"minecraft:diamond_axe":1561,"minecraft:white_wool":13,"minecraft:crossbow":249,"minecraft:lever":8,"minecraft:bread":410,"minecraft:brown_wool":1,"minecraft:cooked_rabbit":1,"minecraft:chain":20,"minecraft:smooth_stone_slab":28,"minecraft:stripped_cherry_log":61,"minecraft:coarse_dirt":19,"minecraft:flint_and_steel":91,"minecraft:redstone":239,"betternether:cherry_taburet":1,"minecraft:cooked_chicken":69,"minecraft:dirt":7112,"minecraft:wooden_axe":92,"minecraft:crimson_slab":112,"minecraft:iron_boots":16,"minecraft:soul_soil":13,"livingthings:cooked_giraffe":3,"travelersbackpack:cake":3,"minecraft:cooked_beef":142,"minecraft:iron_leggings":4,"minecraft:quartz_bricks":429,"minecraft:cobblestone_stairs":1,"minecraft:baked_potato":70,"betternether:obsidian_tile_stairs":3,"minecraft:flower_pot":5,"minecraft:black_wool":1,"minecraft:cherry_door":13,"minecraft:chicken":2,"minecraft:golden_leggings":5,"minecraft:stone_axe":45,"minecraft:pink_petals":73,"minecraft:crimson_fungus":1,"minecraft:pumpkin_pie":30,"minecraft:gray_wool":2,"minecraft:birch_stairs":6,"minecraft:beetroot":5,"minecraft:ladder":7,"minecraft:chest":21,"livingthings:banana":3,"cookingforblockheads:oven":2,"minecraft:grass_block":1,"minecraft:music_disc_chirp":1,"minecraft:cherry_button":18,"minecraft:dark_oak_button":1,"minecraft:stone_brick_stairs":18,"livingthings:cooked_lion":3,"minecraft:sweet_berries":1,"mutantmonsters:hulk_hammer":173,"minecraft:furnace":16,"minecraft:egg":7,"minecraft:potato":41,"minecraft:diorite":12,"minecraft:spruce_door":2,"moreberries:blue_berries":31,"minecraft:sand":67,"cookingforblockheads:tool_rack":2,"minecraft:black_concrete_powder":24,"minecraft:lectern":170,"minecraft:spore_blossom":7,"minecraft:cherry_sign":4,"minecraft:wooden_sword":3,"minecraft:dark_oak_fence":9,"cookingforblockheads:pink_kitchen_floor":41,"minecraft:iron_bars":3,"minecraft:stone_sword":143,"minecraft:netherrack":4960,"minecraft:orange_bed":5,"minecraft:anvil":2,"minecraft:warped_wart_block":3,"lolmcv:oak_chest":1,"minecraft:flowering_azalea":1,"minecraft:iron_axe":2486,"minecraft:cherry_fence_gate":45,"minecraft:totem_of_undying":2,"minecraft:pink_stained_glass_pane":51,"minecraft:smooth_basalt":6,"livingthings:cooked_crab":3,"minecraft:glowstone":1,"minecraft:beef":15,"minecraft:goat_horn":1,"minecraft:cobbled_deepslate":155,"minecraft:cherry_fence":110,"minecraft:golden_axe":221,"minecraft:pointed_dripstone":5,"minecraft:crimson_stem":1,"minecraft:water_bucket":207,"minecraft:sandstone_stairs":1,"minecraft:polished_blackstone_bricks":22,"minecraft:cracked_stone_bricks":4,"minecraft:salmon":8,"minecraft:mossy_cobblestone":1,"minecraft:oak_slab":3,"minecraft:tnt":2,"minecraft:crafting_table":16,"minecraft:cod":23,"minecraft:cake":2,"minecraft:small_amethyst_bud":4,"minecraft:iron_pickaxe":9058,"minecraft:crimson_sign":2,"betterend:quartz_pedestal":1,"minecraft:cobblestone":1196,"travelersbackpack:standard":89,"additionallanterns:pink_normal_lantern":8,"minecraft:glass_pane":38,"minecraft:black_candle":9,"minecraft:kelp":4,"minecraft:iron_shovel":5625,"minecraft:oak_sign":4,"minecraft:shield":232,"minecraft:iron_sword":1203,"minecraft:player_head":4,"minecraft:iron_chestplate":10,"minecraft:white_candle":23,"cookingforblockheads:spice_rack":3,"minecraft:carrot":121,"minecraft:cyan_wool":1,"minecraft:axolotl_bucket":3,"minecraft:quartz_slab":36,"minecraft:iron_helmet":6,"minecraft:crimson_roots":2,"minecraft:stone_bricks":466,"minecraft:repeater":9,"minecraft:redstone_lamp":118,"minecraft:warped_fungus":5,"minecraft:hay_block":11,"minecraft:fire_coral_fan":1,"minecraft:golden_boots":4,"minecraft:chiseled_polished_blackstone":1,"minecraft:dark_oak_stairs":69,"minecraft:ender_pearl":1,"travelersbackpack:iron_golem":1,"minecraft:large_amethyst_bud":7,"livingthings:cooked_ostrich":5,"cookingforblockheads:milk_jar":3,"minecraft:loom":1,"minecraft:dripstone_block":2,"minecraft:shears":2,"minecraft:redstone_torch":13,"minecraft:melon_slice":64,"minecraft:cyan_bed":31,"minecraft:string":2,"beautify:lamp_jar":10,"minecraft:gravel":29,"minecraft:golden_helmet":2,"minecraft:medium_amethyst_bud":2,"minecraft:andesite":6,"minecraft:azalea":1,"minecraft:oak_fence":8,"minecraft:golden_pickaxe":257,"minecraft:cobweb":15,"minecraft:cherry_boat":5,"minecraft:tropical_fish":1,"minecraft:sculk":92,"minecraft:wooden_shovel":197,"minecraft:oak_door":1,"minecraft:diamond_helmet":7,"minecraft:granite":11,"minecraft:dark_oak_planks":322,"minecraft:bookshelf":23,"minecraft:cherry_trapdoor":110,"minecraft:crimson_planks":968,"minecraft:light_gray_wool":1,"moreberries:yellow_berries":24,"minecraft:golden_carrot":1,"travelersbackpack:ocelot":5,"minecraft:cooked_mutton":143,"minecraft:amethyst_block":49,"minecraft:polished_andesite":2,"minecraft:stonecutter":2,"travelersbackpack:pink_sleeping_bag":2,"minecraft:piglin_head":5,"minecraft:smoker":1,"minecraft:book":6,"minecraft:apple":6,"minecraft:cracked_polished_blackstone_bricks":1,"minecraft:map":1,"beautify:bookstack":7,"additionallanterns:magenta_cobbled_deepslate_lantern":13,"cookingforblockheads:fruit_basket":1,"minecraft:fishing_rod":24,"minecraft:cherry_stairs":63,"minecraft:white_banner":2,"minecraft:red_banner":1,"minecraft:bucket":241,"minecraft:yellow_bed":14,"livingthings:cooked_elephant":2}},"DataVersion":3700}