{"stats":{"minecraft:broken":{"minecraft:stone_sword":1,"minecraft:stone_axe":1,"minecraft:wooden_axe":1},"minecraft:killed_by":{"minecraft:zombie":1},"minecraft:mined":{"minecraft:white_bed":15,"minecraft:dark_oak_leaves":3,"minecraft:dark_oak_log":130,"minecraft:grass_block":2,"minecraft:hay_block":10,"minecraft:tall_seagrass":1,"minecraft:furnace":7,"minecraft:iron_ore":18,"minecraft:pumpkin":7,"minecraft:azure_bluet":1,"minecraft:dirt_path":1,"minecraft:stone":63,"minecraft:lily_of_the_valley":1,"minecraft:smoker":1,"minecraft:dandelion":2,"minecraft:crafting_table":3,"minecraft:cornflower":1,"minecraft:torch":1,"minecraft:short_grass":26,"minecraft:poppy":1,"minecraft:tall_grass":13,"minecraft:copper_ore":38,"minecraft:birch_log":85,"minecraft:birch_leaves":5,"minecraft:coal_ore":63,"minecraft:oak_leaves":7},"minecraft:picked_up":{"minecraft:wooden_axe":1,"minecraft:crafting_table":4,"minecraft:azure_bluet":1,"minecraft:chicken":22,"minecraft:cornflower":1,"minecraft:string":1,"minecraft:raw_copper":118,"minecraft:wooden_sword":1,"minecraft:beef":63,"minecraft:poppy":1,"minecraft:light_gray_wool":1,"minecraft:birch_sapling":14,"minecraft:egg":8,"minecraft:furnace":7,"minecraft:dark_oak_sapling":3,"minecraft:stick":13,"minecraft:raw_iron":18,"minecraft:torch":2,"minecraft:porkchop":79,"minecraft:arrow":9,"minecraft:rotten_flesh":9,"minecraft:hay_block":10,"minecraft:mutton":57,"minecraft:cod":1,"minecraft:white_wool":31,"minecraft:cobblestone":67,"minecraft:birch_log":212,"minecraft:feather":26,"minecraft:salmon":21,"minecraft:leather":16,"minecraft:smoker":1,"minecraft:birch_planks":22,"minecraft:gunpowder":1,"minecraft:dirt":15,"minecraft:bone":17,"minecraft:bow":2,"minecraft:wheat_seeds":6,"minecraft:iron_sword":1,"minecraft:pumpkin":3,"minecraft:white_bed":11,"minecraft:dark_oak_log":129,"minecraft:spider_eye":1,"minecraft:stone_axe":1,"minecraft:bone_meal":2,"minecraft:black_wool":1,"minecraft:coal":111},"minecraft:killed":{"minecraft:spider":3,"minecraft:cod":1,"minecraft:skeleton":6,"minecraft:chicken":26,"minecraft:turtle":2,"minecraft:pig":34,"minecraft:zombie_villager":1,"minecraft:salmon":24,"minecraft:creeper":3,"minecraft:sheep":30,"minecraft:zombie":9,"minecraft:cow":21},"minecraft:used":{"minecraft:stone_sword":137,"minecraft:iron_sword":219,"minecraft:cooked_chicken":7,"minecraft:torch":23,"minecraft:dirt":1,"minecraft:wooden_axe":117,"minecraft:birch_sapling":12,"minecraft:bow":8,"minecraft:furnace":7,"minecraft:cooked_cod":1,"minecraft:egg":8,"minecraft:cooked_beef":13,"minecraft:cooked_mutton":4,"minecraft:birch_planks":3,"minecraft:stone_pickaxe":143,"minecraft:wooden_pickaxe":51,"minecraft:crafting_table":4,"minecraft:white_bed":9,"minecraft:stone_axe":131,"minecraft:wooden_sword":7,"minecraft:cooked_porkchop":6,"minecraft:birch_log":2},"minecraft:crafted":{"minecraft:wooden_sword":2,"minecraft:cooked_chicken":27,"minecraft:furnace":2,"minecraft:bone_meal":3,"minecraft:pink_dye":2,"minecraft:cooked_mutton":23,"minecraft:stone_pickaxe":2,"minecraft:wheat":90,"minecraft:cooked_beef":69,"minecraft:red_dye":1,"minecraft:cooked_cod":1,"minecraft:arrow":32,"minecraft:cooked_porkchop":62,"minecraft:crafting_table":1,"minecraft:baked_potato":8,"minecraft:wooden_pickaxe":2,"minecraft:iron_sword":2,"minecraft:birch_planks":352,"minecraft:stone_axe":2,"minecraft:bread":30,"minecraft:air":0,"minecraft:blue_dye":1,"minecraft:shield":2,"minecraft:white_dye":2,"minecraft:stick":48,"minecraft:iron_ingot":18,"minecraft:wooden_axe":6,"minecraft:stone_sword":2,"minecraft:light_gray_dye":1,"minecraft:white_bed":2,"minecraft:torch":44},"minecraft:custom":{"minecraft:mob_kills":183,"minecraft:interact_with_crafting_table":22,"minecraft:bell_ring":13,"minecraft:leave_game":1,"minecraft:time_since_death":165363,"minecraft:climb_one_cm":3177,"minecraft:sprint_one_cm":824729,"minecraft:walk_one_cm":464854,"minecraft:drop":55,"minecraft:talked_to_villager":13,"minecraft:play_time":170432,"minecraft:deaths":1,"minecraft:sneak_time":5871,"minecraft:walk_under_water_one_cm":25100,"minecraft:jump":3559,"minecraft:walk_on_water_one_cm":14145,"minecraft:total_world_time":170432,"minecraft:interact_with_furnace":138,"minecraft:traded_with_villager":2,"minecraft:sleep_in_bed":8,"minecraft:time_since_rest":10561,"minecraft:damage_taken":1097,"minecraft:damage_dealt":15821,"minecraft:swim_one_cm":39855,"minecraft:fly_one_cm":797971,"minecraft:open_chest":9,"minecraft:crouch_one_cm":17773,"minecraft:fall_one_cm":74291},"minecraft:dropped":{"minecraft:iron_sword":2,"minecraft:birch_planks":129,"minecraft:wheat_seeds":6,"minecraft:crafting_table":1,"minecraft:cobblestone":29,"minecraft:coal":46,"minecraft:stick":9,"minecraft:dirt":13,"minecraft:mutton":35,"minecraft:wooden_axe":3,"minecraft:wooden_sword":1,"minecraft:bone_meal":2,"minecraft:string":1,"minecraft:bone":9,"minecraft:stone_axe":2,"minecraft:cooked_chicken":4,"minecraft:stone_sword":1,"minecraft:pink_dye":1,"minecraft:rotten_flesh":9,"minecraft:light_gray_wool":1,"minecraft:white_bed":3,"minecraft:shield":1,"minecraft:gunpowder":1,"minecraft:spider_eye":1,"minecraft:light_gray_dye":1,"minecraft:white_dye":1,"minecraft:bow":2,"minecraft:beef":1,"minecraft:wooden_pickaxe":1}},"DataVersion":3700}