{"stats":{"minecraft:broken":{"minecraft:stone_sword":1,"minecraft:stone_axe":1,"minecraft:wooden_axe":1},"minecraft:killed_by":{"minecraft:zombie":1},"minecraft:mined":{"minecraft:white_bed":6,"minecraft:dark_oak_leaves":3,"minecraft:lily_of_the_valley":1,"minecraft:smoker":1,"minecraft:dark_oak_log":130,"minecraft:dandelion":1,"minecraft:cornflower":1,"minecraft:crafting_table":3,"minecraft:short_grass":14,"minecraft:copper_ore":31,"minecraft:tall_grass":10,"minecraft:tall_seagrass":1,"minecraft:furnace":5,"minecraft:birch_log":85,"minecraft:iron_ore":11,"minecraft:birch_leaves":5,"minecraft:pumpkin":7,"minecraft:coal_ore":45,"minecraft:stone":55,"minecraft:oak_leaves":7},"minecraft:picked_up":{"minecraft:wooden_axe":1,"minecraft:birch_log":212,"minecraft:crafting_table":4,"minecraft:feather":22,"minecraft:chicken":20,"minecraft:salmon":21,"minecraft:leather":16,"minecraft:smoker":1,"minecraft:birch_planks":22,"minecraft:gunpowder":1,"minecraft:cornflower":1,"minecraft:string":1,"minecraft:dirt":13,"minecraft:raw_copper":106,"minecraft:wooden_sword":1,"minecraft:bone":8,"minecraft:bow":1,"minecraft:wheat_seeds":5,"minecraft:beef":61,"minecraft:light_gray_wool":1,"minecraft:birch_sapling":14,"minecraft:furnace":5,"minecraft:egg":8,"minecraft:dark_oak_sapling":3,"minecraft:stick":4,"minecraft:raw_iron":11,"minecraft:pumpkin":3,"minecraft:porkchop":58,"minecraft:white_bed":6,"minecraft:dark_oak_log":129,"minecraft:spider_eye":1,"minecraft:arrow":9,"minecraft:rotten_flesh":5,"minecraft:stone_axe":1,"minecraft:bone_meal":1,"minecraft:black_wool":1,"minecraft:mutton":47,"minecraft:coal":93,"minecraft:cod":1,"minecraft:white_wool":26,"minecraft:cobblestone":55},"minecraft:killed":{"minecraft:pig":23,"minecraft:zombie_villager":1,"minecraft:salmon":24,"minecraft:spider":3,"minecraft:cod":1,"minecraft:creeper":3,"minecraft:sheep":25,"minecraft:skeleton":6,"minecraft:zombie":8,"minecraft:chicken":23,"minecraft:turtle":2,"minecraft:cow":20},"minecraft:used":{"minecraft:cooked_mutton":4,"minecraft:stone_sword":137,"minecraft:birch_planks":3,"minecraft:stone_pickaxe":103,"minecraft:wooden_pickaxe":45,"minecraft:iron_sword":166,"minecraft:cooked_chicken":7,"minecraft:torch":10,"minecraft:crafting_table":3,"minecraft:white_bed":6,"minecraft:wooden_axe":117,"minecraft:birch_sapling":12,"minecraft:wooden_sword":7,"minecraft:stone_axe":131,"minecraft:bow":8,"minecraft:furnace":5,"minecraft:cooked_cod":1,"minecraft:cooked_porkchop":6,"minecraft:birch_log":2,"minecraft:egg":8,"minecraft:cooked_beef":7},"minecraft:crafted":{"minecraft:cooked_beef":27,"minecraft:wooden_sword":2,"minecraft:cooked_cod":1,"minecraft:arrow":32,"minecraft:cooked_porkchop":6,"minecraft:crafting_table":1,"minecraft:wooden_pickaxe":1,"minecraft:cooked_chicken":21,"minecraft:iron_sword":2,"minecraft:furnace":2,"minecraft:birch_planks":92,"minecraft:stone_axe":2,"minecraft:cooked_mutton":5,"minecraft:air":0,"minecraft:blue_dye":1,"minecraft:shield":2,"minecraft:stick":48,"minecraft:iron_ingot":11,"minecraft:stone_pickaxe":1,"minecraft:wooden_axe":6,"minecraft:stone_sword":2,"minecraft:white_bed":2,"minecraft:torch":44},"minecraft:custom":{"minecraft:interact_with_furnace":52,"minecraft:mob_kills":160,"minecraft:traded_with_villager":2,"minecraft:interact_with_crafting_table":16,"minecraft:leave_game":1,"minecraft:time_since_death":117363,"minecraft:sleep_in_bed":5,"minecraft:climb_one_cm":1808,"minecraft:time_since_rest":735,"minecraft:sprint_one_cm":629458,"minecraft:damage_taken":1042,"minecraft:walk_one_cm":342293,"minecraft:drop":28,"minecraft:damage_dealt":13721,"minecraft:swim_one_cm":38205,"minecraft:talked_to_villager":10,"minecraft:fly_one_cm":575783,"minecraft:open_chest":4,"minecraft:crouch_one_cm":10219,"minecraft:play_time":122432,"minecraft:deaths":1,"minecraft:sneak_time":3877,"minecraft:walk_under_water_one_cm":24702,"minecraft:jump":2609,"minecraft:walk_on_water_one_cm":11918,"minecraft:total_world_time":122432,"minecraft:fall_one_cm":54327},"minecraft:dropped":{"minecraft:iron_sword":1,"minecraft:stone_axe":2,"minecraft:wheat_seeds":5,"minecraft:cooked_chicken":4,"minecraft:stone_sword":1,"minecraft:crafting_table":1,"minecraft:rotten_flesh":5,"minecraft:cobblestone":16,"minecraft:light_gray_wool":1,"minecraft:white_bed":1,"minecraft:coal":17,"minecraft:dirt":13,"minecraft:shield":1,"minecraft:gunpowder":1,"minecraft:wooden_axe":3,"minecraft:spider_eye":1,"minecraft:wooden_sword":1,"minecraft:bone_meal":1,"minecraft:beef":1,"minecraft:string":1}},"DataVersion":3700}