{"stats":{"minecraft:dropped":{"minecraft:bread":31,"minecraft:iron_sword":2,"minecraft:candle":4,"minecraft:birch_planks":28,"minecraft:wheat_seeds":1,"minecraft:golden_helmet":1,"minecraft:crafting_table":1,"minecraft:cooked_porkchop":11,"minecraft:cookie":17,"minecraft:feather":27,"minecraft:apple":23,"travelersbackpack:standard":2,"minecraft:dirt":4,"minecraft:red_bed":3,"minecraft:gray_wool":2,"minecraft:torch":1,"minecraft:cooked_salmon":9,"minecraft:pumpkin_pie":18,"minecraft:oak_stairs":2,"minecraft:writable_book":1,"minecraft:golden_hoe":1,"minecraft:string":3,"minecraft:white_wool":13,"minecraft:blue_bed":1,"minecraft:spruce_sapling":1,"minecraft:furnace":2,"minecraft:stone_axe":1,"minecraft:sugar_cane":26,"minecraft:stone_sword":2,"minecraft:rotten_flesh":2,"minecraft:light_gray_wool":2,"minecraft:oak_sign":2,"minecraft:carrot":40,"minecraft:rabbit_foot":1,"minecraft:rabbit_hide":1,"minecraft:leather_chestplate":1,"minecraft:potato":19,"minecraft:cobblestone_slab":1,"minecraft:shield":1,"minecraft:spruce_planks":28,"minecraft:golden_leggings":1,"minecraft:azalea":1,"minecraft:chest":1,"minecraft:ladder":1,"minecraft:bamboo":3,"minecraft:spruce_log":11,"minecraft:stone_pickaxe":1,"travelersbackpack:cake":1,"minecraft:netherrack":3},"minecraft:custom":{"minecraft:interact_with_smithing_table":1,"minecraft:mob_kills":152,"minecraft:interact_with_crafting_table":58,"minecraft:open_barrel":70,"minecraft:leave_game":8,"minecraft:time_since_death":48477,"minecraft:climb_one_cm":8037,"minecraft:sprint_one_cm":1259185,"minecraft:walk_one_cm":681699,"minecraft:damage_blocked_by_shield":33,"minecraft:drop":84,"minecraft:talked_to_villager":18,"minecraft:play_time":344978,"minecraft:sneak_time":8688,"minecraft:deaths":4,"minecraft:walk_under_water_one_cm":49280,"minecraft:boat_one_cm":335104,"minecraft:jump":7788,"minecraft:interact_with_brewingstand":1,"minecraft:interact_with_blast_furnace":1,"minecraft:walk_on_water_one_cm":81998,"minecraft:total_world_time":344978,"minecraft:interact_with_furnace":104,"minecraft:tune_noteblock":2,"minecraft:raid_trigger":1,"minecraft:sleep_in_bed":17,"minecraft:time_since_rest":34479,"minecraft:damage_taken":2518,"minecraft:damage_dealt":16761,"minecraft:swim_one_cm":160795,"minecraft:fly_one_cm":1742695,"minecraft:open_chest":83,"minecraft:crouch_one_cm":17620,"minecraft:fall_one_cm":148032},"minecraft:mined":{"minecraft:dark_oak_planks":4,"minecraft:spruce_planks":3,"minecraft:white_bed":1,"minecraft:dark_oak_log":2,"travelersbackpack:fox":2,"minecraft:spruce_trapdoor":1,"minecraft:grass_block":7,"travelersbackpack:white_sleeping_bag":1,"minecraft:spruce_leaves":27,"minecraft:large_fern":1,"minecraft:smooth_stone":1,"minecraft:furnace":7,"minecraft:iron_ore":8,"minecraft:fire":36,"minecraft:pumpkin":19,"minecraft:dark_oak_stairs":1,"minecraft:bookshelf":13,"minecraft:flowering_azalea_leaves":5,"minecraft:deepslate_iron_ore":3,"minecraft:lantern":34,"minecraft:azalea_leaves":4,"minecraft:stone":39,"minecraft:spruce_slab":4,"minecraft:red_bed":3,"travelersbackpack:standard":5,"minecraft:crafting_table":13,"minecraft:short_grass":87,"minecraft:melon":20,"minecraft:copper_ore":14,"minecraft:tall_grass":4,"minecraft:sugar_cane":9,"minecraft:blue_bed":21,"minecraft:wall_torch":1,"minecraft:gray_wool":33,"minecraft:dark_oak_slab":4,"minecraft:birch_log":7,"minecraft:redstone_torch":1,"minecraft:sweet_berry_bush":20,"minecraft:ice":4,"minecraft:spruce_log":9,"minecraft:light_gray_wool":11,"minecraft:black_wool":7,"minecraft:coal_ore":44,"minecraft:oak_log":9,"minecraft:cocoa":1,"minecraft:sand":27,"minecraft:dirt":13,"minecraft:cobweb":1,"minecraft:netherrack":8,"minecraft:oak_leaves":4,"minecraft:fern":20},"minecraft:crafted":{"minecraft:oak_planks":32,"minecraft:cooked_chicken":13,"minecraft:furnace":2,"minecraft:glass":24,"travelersbackpack:cake":1,"travelersbackpack:white_sleeping_bag":2,"minecraft:iron_axe":1,"minecraft:stone_pickaxe":3,"minecraft:chest":3,"travelersbackpack:fox":1,"minecraft:dark_oak_planks":24,"minecraft:cooked_rabbit":13,"minecraft:cooked_beef":28,"minecraft:sugar":2,"minecraft:cooked_porkchop":24,"minecraft:spruce_planks":52,"travelersbackpack:backpack_tank":4,"minecraft:wooden_pickaxe":1,"travelersbackpack:standard":2,"minecraft:iron_sword":3,"minecraft:cooked_salmon":9,"minecraft:birch_planks":28,"minecraft:stone_axe":2,"minecraft:air":0,"minecraft:oak_boat":1,"minecraft:shield":2,"minecraft:stick":20,"minecraft:iron_ingot":7,"minecraft:stone_sword":2,"minecraft:gold_ingot":2},"minecraft:picked_up":{"minecraft:wooden_axe":3,"minecraft:crafting_table":15,"minecraft:wheat":55,"minecraft:chicken":21,"minecraft:ladder":1,"minecraft:wooden_pickaxe":3,"minecraft:oak_stairs":2,"minecraft:enchanted_book":1,"minecraft:shield":1,"minecraft:cornflower":1,"minecraft:string":13,"minecraft:red_bed":3,"minecraft:raw_copper":137,"minecraft:cooked_salmon":5,"minecraft:flint_and_steel":1,"minecraft:oak_sign":2,"minecraft:candle":4,"minecraft:gold_nugget":16,"minecraft:smooth_stone":1,"minecraft:bucket":3,"minecraft:spruce_planks":32,"minecraft:beef":35,"minecraft:oak_boat":2,"minecraft:redstone_torch":1,"minecraft:cobblestone_slab":1,"minecraft:azalea":1,"minecraft:light_gray_wool":15,"minecraft:spruce_slab":4,"minecraft:melon_slice":169,"minecraft:sugar_cane":29,"minecraft:chest":1,"minecraft:spruce_trapdoor":1,"minecraft:piston":4,"minecraft:furnace":4,"minecraft:egg":3,"minecraft:golden_helmet":1,"minecraft:raw_iron":10,"minecraft:stick":20,"minecraft:torch":2,"minecraft:fire_charge":1,"minecraft:porkchop":57,"minecraft:carrot":1,"minecraft:goat_horn":1,"minecraft:rabbit_foot":2,"minecraft:dark_oak_planks":30,"minecraft:stone_sword":4,"minecraft:arrow":3,"minecraft:rotten_flesh":19,"minecraft:golden_hoe":1,"minecraft:gold_ingot":2,"minecraft:waxed_cut_copper":4,"minecraft:mutton":39,"minecraft:snowball":128,"minecraft:white_wool":35,"minecraft:cobblestone":52,"minecraft:birch_log":7,"minecraft:leather_chestplate":1,"minecraft:feather":29,"minecraft:cooked_beef":46,"minecraft:tripwire_hook":1,"minecraft:salmon":10,"minecraft:leather":31,"minecraft:golden_leggings":2,"minecraft:oak_log":8,"minecraft:blue_bed":21,"minecraft:dirt":99,"minecraft:lantern":34,"minecraft:white_banner":2,"minecraft:cooked_mutton":45,"minecraft:glass":3,"minecraft:bone":1,"minecraft:wheat_seeds":8,"minecraft:rabbit_hide":10,"minecraft:iron_ingot":1,"minecraft:stone_pickaxe":2,"minecraft:cooked_chicken":2,"minecraft:rabbit":13,"minecraft:bamboo":3,"minecraft:iron_sword":1,"minecraft:oak_planks":35,"minecraft:dark_oak_stairs":2,"minecraft:book":78,"minecraft:dark_oak_slab":5,"minecraft:cooked_porkchop":63,"minecraft:pumpkin":36,"minecraft:sweet_berries":68,"minecraft:dandelion":8,"minecraft:sand":27,"minecraft:spruce_sapling":16,"minecraft:white_bed":1,"minecraft:spruce_log":51,"minecraft:spider_eye":4,"minecraft:dark_oak_log":1,"travelersbackpack:fox":2,"travelersbackpack:standard":7,"minecraft:stone_axe":6,"minecraft:writable_book":1,"minecraft:crossbow":3,"minecraft:gray_wool":29,"minecraft:spruce_sign":1,"minecraft:emerald":15,"minecraft:baked_potato":2,"minecraft:oak_sapling":1,"minecraft:netherrack":7,"minecraft:black_wool":7,"minecraft:coal":126},"minecraft:broken":{"minecraft:golden_sword":1,"minecraft:golden_axe":1,"minecraft:stone_axe":1},"minecraft:used":{"minecraft:writable_book":1,"minecraft:stone_sword":100,"minecraft:flint_and_steel":61,"minecraft:spruce_planks":8,"minecraft:shield":1,"minecraft:iron_sword":134,"minecraft:cooked_salmon":5,"minecraft:cooked_chicken":15,"minecraft:rotten_flesh":5,"minecraft:netherrack":4,"minecraft:torch":1,"minecraft:dirt":5,"minecraft:mutton":1,"minecraft:carrot":2,"minecraft:snowball":73,"minecraft:dark_oak_planks":24,"minecraft:waxed_cut_copper":4,"minecraft:iron_axe":38,"minecraft:dark_oak_slab":1,"minecraft:tripwire_hook":1,"minecraft:golden_sword":126,"minecraft:light_gray_wool":12,"minecraft:oak_sapling":1,"minecraft:goat_horn":9,"minecraft:furnace":4,"minecraft:egg":2,"minecraft:cooked_beef":5,"travelersbackpack:fox":3,"minecraft:golden_axe":32,"minecraft:cooked_mutton":5,"minecraft:dark_oak_stairs":1,"minecraft:water_bucket":4,"minecraft:oak_planks":7,"minecraft:stone_pickaxe":149,"minecraft:wooden_pickaxe":25,"minecraft:blue_bed":19,"minecraft:spruce_sign":1,"minecraft:tnt":2,"minecraft:crafting_table":10,"minecraft:crossbow":8,"minecraft:white_bed":1,"minecraft:black_wool":4,"minecraft:melon_slice":47,"minecraft:golden_leggings":1,"minecraft:stone_axe":103,"travelersbackpack:standard":7,"minecraft:white_banner":1,"minecraft:cooked_porkchop":6,"minecraft:cooked_rabbit":13,"minecraft:bucket":4,"minecraft:oak_boat":2,"minecraft:gray_wool":26,"minecraft:experience_bottle":3},"minecraft:killed":{"minecraft:witch":1,"minecraft:spider":9,"minecraft:skeleton":2,"minecraft:chicken":21,"minecraft:drowned":1,"minecraft:pig":24,"minecraft:salmon":9,"minecraft:rabbit":12,"minecraft:sheep":25,"minecraft:pillager":18,"minecraft:zombie":10,"minecraft:cow":15},"minecraft:killed_by":{"minecraft:stray":1,"minecraft:zombie":1,"minecraft:witch":1}},"DataVersion":3700}