{"stats":{"minecraft:killed":{"minecraft:witch":3,"minecraft:spider":5,"minecraft:skeleton":14,"minecraft:chicken":13,"minecraft:silverfish":1,"minecraft:pig":36,"minecraft:salmon":20,"minecraft:creeper":7,"minecraft:sheep":46,"minecraft:pillager":56,"minecraft:goat":2,"minecraft:zombie":22,"minecraft:cow":32,"minecraft:evoker":7,"minecraft:vex":13,"minecraft:vindicator":27,"minecraft:drowned":2},"minecraft:crafted":{"minecraft:oak_planks":20,"minecraft:cooked_mutton":32,"minecraft:glass":24,"minecraft:bow":1,"minecraft:iron_boots":2,"minecraft:chest":2,"minecraft:wooden_shovel":8,"minecraft:cooked_porkchop":30,"minecraft:crafting_table":3,"minecraft:iron_helmet":2,"minecraft:wooden_pickaxe":2,"travelersbackpack:standard":2,"minecraft:birch_planks":212,"minecraft:campfire":2,"minecraft:iron_chestplate":2,"minecraft:shield":3,"minecraft:stick":144,"minecraft:iron_ingot":52,"minecraft:compass":1,"minecraft:iron_pickaxe":1,"minecraft:stone_sword":2,"minecraft:gold_ingot":10,"minecraft:wooden_sword":2,"minecraft:coal":144,"minecraft:furnace":1,"minecraft:bone_meal":3,"travelersbackpack:cake":1,"travelersbackpack:white_sleeping_bag":2,"minecraft:stone_pickaxe":3,"minecraft:dark_oak_planks":36,"minecraft:wheat":333,"minecraft:cooked_beef":46,"minecraft:sugar":2,"minecraft:cooked_cod":27,"travelersbackpack:backpack_tank":4,"minecraft:cooked_salmon":48,"minecraft:bucket":2,"minecraft:stone_axe":1,"minecraft:bread":142,"minecraft:air":0,"minecraft:oak_boat":2,"minecraft:wooden_axe":2,"minecraft:iron_leggings":1,"minecraft:white_bed":2,"minecraft:torch":488},"minecraft:dropped":{"minecraft:brown_mushroom":1,"minecraft:porkchop":3,"minecraft:cooked_beef":9,"minecraft:baked_potato":11,"minecraft:diamond":1,"minecraft:glass_bottle":1,"minecraft:crafting_table":3,"minecraft:dark_oak_sapling":1,"minecraft:cooked_porkchop":36,"minecraft:orange_tulip":1,"minecraft:cookie":8,"minecraft:crossbow":1,"minecraft:lantern":2,"minecraft:prismarine_brick_stairs":2,"minecraft:saddle":1,"travelersbackpack:standard":2,"minecraft:sentry_armor_trim_smithing_template":2,"minecraft:emerald":21,"minecraft:red_carpet":3,"minecraft:dirt":2,"minecraft:red_bed":4,"minecraft:dark_oak_fence":3,"minecraft:mutton":8,"minecraft:amethyst_shard":1,"minecraft:prismarine_brick_slab":1,"minecraft:pumpkin_pie":12,"minecraft:wooden_sword":1,"minecraft:glistering_melon_slice":4,"travelersbackpack:backpack_tank":2,"minecraft:dark_oak_planks":1,"minecraft:white_wool":64,"minecraft:gold_ingot":4,"minecraft:bone":4,"minecraft:sugar_cane":7,"minecraft:iron_nugget":1,"minecraft:golden_chestplate":2,"minecraft:cherry_sapling":2,"minecraft:beetroot":8,"minecraft:rotten_flesh":4,"minecraft:cooked_mutton":16,"minecraft:honey_bottle":2,"minecraft:white_bed":1,"minecraft:salmon":5,"minecraft:carrot":40,"minecraft:poppy":1,"minecraft:leather_chestplate":1,"minecraft:gunpowder":1,"minecraft:skeleton_skull":1,"minecraft:charcoal":16,"minecraft:leather_boots":1,"minecraft:leather_leggings":1,"minecraft:iron_bars":4,"minecraft:prismarine_bricks":4,"minecraft:quartz":7,"minecraft:bread":179,"minecraft:iron_ingot":4,"minecraft:wheat_seeds":50,"minecraft:feather":11,"minecraft:iron_helmet":1,"minecraft:dark_prismarine_slab":1,"minecraft:prismarine_crystals":2,"minecraft:apple":13,"minecraft:coal":18,"minecraft:dried_kelp_block":1,"minecraft:gray_wool":1,"minecraft:torch":22,"minecraft:wooden_axe":1,"minecraft:cooked_salmon":8,"minecraft:potion":1,"minecraft:oak_stairs":1,"minecraft:golden_hoe":1,"minecraft:string":23,"minecraft:furnace":8,"minecraft:player_head":2,"minecraft:stone_sword":2,"minecraft:cobblestone_wall":1,"minecraft:raw_copper":12,"minecraft:cocoa_beans":3,"minecraft:smooth_stone_slab":12,"minecraft:raw_iron":3,"minecraft:chicken":3,"minecraft:name_tag":2,"minecraft:totem_of_undying":1,"minecraft:filled_map":1,"minecraft:potato":11,"minecraft:shield":4,"minecraft:flower_pot":1,"minecraft:golden_leggings":1,"minecraft:wooden_shovel":14,"minecraft:golden_sword":1,"minecraft:spider_eye":1,"minecraft:stone_pickaxe":2,"minecraft:bow":1,"minecraft:raw_gold":3,"minecraft:wooden_pickaxe":1,"travelersbackpack:cake":1,"minecraft:dark_prismarine":11,"minecraft:black_wool":1,"minecraft:brick":19},"minecraft:mined":{"minecraft:dark_oak_planks":1,"minecraft:spruce_planks":2,"minecraft:white_bed":20,"minecraft:pink_bed":1,"minecraft:warped_fence_gate":1,"minecraft:sculk_vein":2,"minecraft:cobblestone_stairs":1,"minecraft:jungle_leaves":2,"minecraft:granite":2,"minecraft:cave_vines_plant":1,"minecraft:grass_block":178,"minecraft:coal_block":15,"minecraft:deepslate_tile_stairs":1,"minecraft:spawner":1,"minecraft:sandstone_stairs":1,"minecraft:chiseled_stone_bricks":1,"minecraft:tall_seagrass":2,"minecraft:iron_ore":35,"minecraft:fire":55,"minecraft:cyan_wall_banner":1,"minecraft:moss_carpet":1,"minecraft:cave_vines":1,"minecraft:flowering_azalea_leaves":1,"minecraft:iron_bars":9,"minecraft:green_carpet":1,"minecraft:azalea":1,"minecraft:orange_bed":6,"minecraft:potted_brown_mushroom":1,"minecraft:red_bed":1,"minecraft:melon_stem":1,"minecraft:powder_snow":106,"minecraft:note_block":1,"minecraft:torch":3,"minecraft:melon":14,"minecraft:poppy":1,"minecraft:chest":1,"minecraft:cobblestone":33,"minecraft:cyan_bed":18,"minecraft:oak_planks":6,"minecraft:sugar_cane":2,"minecraft:iron_door":1,"minecraft:wall_torch":14,"minecraft:cyan_wool":2,"minecraft:birch_log":48,"minecraft:wheat":43,"minecraft:lilac":1,"minecraft:jukebox":2,"minecraft:smooth_stone_slab":28,"minecraft:prismarine_brick_stairs":1,"minecraft:oak_log":8,"minecraft:sand":56,"minecraft:dirt":74,"minecraft:oak_leaves":23,"minecraft:deepslate":2,"minecraft:dark_prismarine":9,"minecraft:diamond_ore":4,"minecraft:dark_oak_leaves":12,"minecraft:dark_oak_log":8,"minecraft:sea_lantern":1,"minecraft:glow_lichen":1,"minecraft:ladder":12,"minecraft:dark_oak_fence":12,"minecraft:spruce_fence":1,"minecraft:decorated_pot":81,"travelersbackpack:white_sleeping_bag":5,"minecraft:spruce_leaves":8,"minecraft:moss_block":11,"minecraft:infested_chiseled_stone_bricks":1,"minecraft:hay_block":46,"minecraft:spore_blossom":1,"minecraft:potted_dark_oak_sapling":1,"minecraft:furnace":17,"minecraft:andesite":4,"minecraft:gold_block":2,"minecraft:bookshelf":13,"minecraft:vine":34,"minecraft:lantern":51,"minecraft:stone":76,"minecraft:smithing_table":1,"minecraft:oak_slab":1,"minecraft:glass_pane":7,"minecraft:stripped_dark_oak_log":2,"minecraft:warped_fence":1,"travelersbackpack:standard":11,"minecraft:crafting_table":14,"minecraft:short_grass":61,"minecraft:campfire":5,"minecraft:tall_grass":13,"minecraft:copper_ore":3,"minecraft:sculk":8,"minecraft:diorite":3,"minecraft:prismarine_bricks":4,"minecraft:birch_planks":1,"minecraft:cobblestone_wall":3,"minecraft:sweet_berry_bush":1,"minecraft:prismarine_brick_slab":2,"minecraft:birch_leaves":15,"minecraft:yellow_bed":15,"minecraft:dark_prismarine_slab":1,"minecraft:coal_ore":40,"minecraft:cocoa":3,"minecraft:cherry_leaves":84,"minecraft:gravel":3,"minecraft:cobweb":50,"minecraft:cracked_stone_bricks":7,"minecraft:stone_bricks":16,"minecraft:polished_andesite":3,"minecraft:mossy_stone_bricks":4,"travelersbackpack:cake":1,"minecraft:fern":4},"minecraft:custom":{"minecraft:interact_with_crafting_table":92,"minecraft:open_barrel":52,"minecraft:bell_ring":49,"minecraft:eat_cake_slice":2,"minecraft:leave_game":16,"minecraft:time_since_death":106598,"minecraft:sprint_one_cm":4392107,"minecraft:damage_blocked_by_shield":1445,"minecraft:drop":195,"minecraft:play_noteblock":1,"minecraft:talked_to_villager":41,"minecraft:play_time":891354,"minecraft:deaths":13,"minecraft:jump":13908,"minecraft:walk_on_water_one_cm":194196,"minecraft:interact_with_furnace":164,"minecraft:interact_with_cartography_table":2,"minecraft:sleep_in_bed":51,"minecraft:damage_dealt":38303,"minecraft:crouch_one_cm":34627,"minecraft:interact_with_smithing_table":1,"minecraft:mob_kills":311,"minecraft:interact_with_campfire":33,"minecraft:climb_one_cm":55169,"minecraft:walk_one_cm":2281273,"minecraft:raid_win":1,"minecraft:sneak_time":21883,"minecraft:walk_under_water_one_cm":253966,"minecraft:boat_one_cm":942641,"minecraft:interact_with_blast_furnace":6,"minecraft:total_world_time":891354,"minecraft:raid_trigger":1,"minecraft:time_since_rest":3172,"minecraft:damage_taken":13923,"minecraft:damage_absorbed":160,"minecraft:trigger_trapped_chest":1,"minecraft:swim_one_cm":923904,"minecraft:fly_one_cm":2556008,"minecraft:open_chest":424,"minecraft:fall_one_cm":240278},"minecraft:picked_up":{"minecraft:wooden_axe":1,"minecraft:iron_chestplate":7,"minecraft:wheat":156,"minecraft:flower_pot":2,"minecraft:sentry_armor_trim_smithing_template":2,"minecraft:smithing_table":1,"minecraft:lead":2,"minecraft:oak_stairs":1,"minecraft:enchanted_book":2,"minecraft:potion":10,"minecraft:stone_brick_stairs":1,"minecraft:golden_sword":2,"minecraft:string":93,"minecraft:raw_copper":12,"minecraft:cooked_salmon":16,"minecraft:smooth_stone_slab":25,"minecraft:armor_stand":3,"minecraft:beetroot":21,"minecraft:gold_nugget":3,"minecraft:cobbled_deepslate":1,"minecraft:spruce_planks":2,"minecraft:wooden_shovel":11,"minecraft:iron_pickaxe":6,"minecraft:melon_slice":74,"minecraft:coal_block":14,"minecraft:iron_boots":6,"minecraft:furnace":15,"minecraft:stick":73,"minecraft:jukebox":2,"minecraft:torch":334,"minecraft:porkchop":93,"minecraft:golden_axe":1,"minecraft:deepslate_tile_stairs":1,"minecraft:golden_chestplate":1,"minecraft:orange_bed":5,"minecraft:stone_sword":1,"minecraft:honey_bottle":2,"minecraft:rotten_flesh":44,"minecraft:glowstone":1,"minecraft:iron_bars":16,"minecraft:cobblestone":195,"minecraft:birch_log":67,"minecraft:leather_chestplate":1,"minecraft:feather":15,"minecraft:cooked_beef":49,"minecraft:iron_door":1,"minecraft:water_bucket":16,"minecraft:andesite":4,"minecraft:brown_wool":2,"minecraft:golden_leggings":2,"minecraft:flint":8,"minecraft:prismarine_bricks":4,"minecraft:lapis_lazuli":4,"minecraft:dirt":328,"minecraft:lantern":52,"minecraft:name_tag":5,"minecraft:leather_boots":3,"minecraft:glass":20,"minecraft:bone":35,"travelersbackpack:backpack_tank":2,"minecraft:bow":3,"minecraft:orange_tulip":1,"minecraft:wheat_seeds":132,"minecraft:raw_gold":10,"minecraft:light_blue_dye":2,"minecraft:mossy_stone_bricks":3,"minecraft:oak_planks":33,"minecraft:cooked_porkchop":146,"minecraft:sand":47,"minecraft:warped_fence_gate":1,"minecraft:cyan_bed":18,"minecraft:dark_oak_log":6,"minecraft:barrel":1,"minecraft:dark_prismarine":11,"travelersbackpack:white_sleeping_bag":1,"minecraft:polished_andesite":3,"minecraft:dark_prismarine_slab":1,"minecraft:diamond":8,"minecraft:crossbow":15,"minecraft:granite":2,"minecraft:bone_meal":1,"minecraft:golden_apple":2,"minecraft:bread":535,"minecraft:emerald":83,"minecraft:dark_oak_fence":9,"minecraft:cocoa_beans":3,"minecraft:charcoal":26,"minecraft:crafting_table":13,"minecraft:chicken":12,"minecraft:ladder":8,"minecraft:leather_leggings":2,"minecraft:brown_mushroom":1,"minecraft:gold_block":2,"minecraft:shield":10,"minecraft:brick":107,"minecraft:red_bed":7,"minecraft:iron_axe":8,"minecraft:flint_and_steel":11,"minecraft:warped_fence":1,"minecraft:cracked_stone_bricks":6,"minecraft:beef":65,"minecraft:oak_boat":17,"minecraft:player_head":2,"minecraft:cyan_wool":1,"minecraft:iron_nugget":101,"minecraft:poppy":2,"minecraft:light_gray_wool":3,"minecraft:sugar_cane":6,"minecraft:chest":1,"minecraft:birch_sapling":3,"minecraft:egg":13,"minecraft:dark_oak_sapling":5,"minecraft:raw_iron":42,"minecraft:spruce_fence":1,"minecraft:cookie":16,"minecraft:carrot":1,"minecraft:redstone":4,"minecraft:prismarine_crystals":2,"minecraft:dark_oak_planks":6,"minecraft:arrow":251,"minecraft:cooked_cod":3,"minecraft:decorated_pot":47,"minecraft:golden_hoe":4,"minecraft:hay_block":55,"minecraft:sandstone_stairs":1,"minecraft:gold_ingot":68,"minecraft:saddle":2,"minecraft:totem_of_undying":9,"minecraft:mutton":85,"minecraft:skeleton_skull":1,"minecraft:white_wool":126,"minecraft:clock":8,"minecraft:golden_carrot":9,"minecraft:salmon":18,"minecraft:leather":29,"minecraft:filled_map":32,"minecraft:birch_planks":5,"minecraft:oak_log":9,"minecraft:golden_boots":7,"minecraft:yellow_bed":13,"minecraft:gunpowder":14,"minecraft:cobblestone_wall":1,"minecraft:cobblestone_stairs":1,"minecraft:white_banner":1,"minecraft:cooked_mutton":74,"minecraft:red_carpet":6,"minecraft:apple":6,"minecraft:stone_bricks":17,"travelersbackpack:cake":1,"minecraft:iron_ingot":82,"minecraft:cooked_chicken":3,"minecraft:cobweb":1,"minecraft:glass_bottle":8,"minecraft:prismarine_brick_slab":1,"minecraft:iron_sword":10,"minecraft:dark_oak_stairs":1,"minecraft:book":39,"minecraft:oak_slab":3,"minecraft:prismarine_brick_stairs":2,"minecraft:dark_oak_slab":2,"minecraft:quartz":2,"minecraft:gravel":2,"minecraft:amethyst_shard":1,"minecraft:spruce_sapling":1,"minecraft:white_bed":21,"minecraft:green_carpet":1,"minecraft:spider_eye":2,"travelersbackpack:standard":13,"minecraft:dried_kelp_block":1,"minecraft:iron_helmet":7,"minecraft:cherry_sapling":2,"minecraft:gray_wool":1,"minecraft:lodestone":1,"minecraft:baked_potato":12,"minecraft:black_wool":2,"minecraft:stripped_dark_oak_log":2,"minecraft:coal":327},"minecraft:broken":{"minecraft:wooden_shovel":3,"minecraft:golden_leggings":1,"minecraft:stone_pickaxe":1,"minecraft:iron_sword":1,"minecraft:wooden_axe":2,"minecraft:golden_axe":2,"minecraft:iron_axe":1,"minecraft:iron_helmet":1},"minecraft:killed_by":{"minecraft:evoker":1,"midnightlurker:void_hands":1,"minecraft:vindicator":3,"minecraft:vex":4,"minecraft:spider":1,"midnightlurker:midnight_lurker_unprovoked":3},"minecraft:used":{"minecraft:ladder":7,"minecraft:decorated_pot":8,"minecraft:chest":1,"minecraft:shield":41,"minecraft:iron_sword":629,"minecraft:rotten_flesh":5,"minecraft:iron_chestplate":2,"minecraft:mutton":8,"minecraft:cyan_wool":1,"minecraft:iron_helmet":3,"minecraft:stone_bricks":6,"minecraft:golden_sword":23,"minecraft:bow":40,"minecraft:hay_block":11,"minecraft:furnace":12,"minecraft:cooked_cod":10,"minecraft:brick":8,"minecraft:egg":4,"minecraft:golden_boots":2,"minecraft:mossy_stone_bricks":3,"minecraft:dark_oak_stairs":1,"minecraft:lapis_lazuli":1,"minecraft:stone_pickaxe":180,"minecraft:oak_planks":3,"minecraft:wooden_pickaxe":21,"minecraft:white_wool":10,"minecraft:golden_apple":2,"minecraft:crossbow":176,"minecraft:flint":2,"minecraft:bread":82,"minecraft:cyan_bed":17,"minecraft:gravel":2,"minecraft:wooden_sword":3,"minecraft:dark_oak_fence":2,"minecraft:andesite":4,"minecraft:oak_boat":11,"minecraft:stone_sword":137,"minecraft:flint_and_steel":76,"minecraft:armor_stand":1,"minecraft:wooden_shovel":197,"minecraft:cooked_salmon":8,"minecraft:cooked_chicken":3,"minecraft:torch":432,"minecraft:orange_bed":5,"minecraft:dirt":304,"minecraft:wooden_axe":92,"minecraft:dark_oak_planks":7,"minecraft:iron_axe":102,"minecraft:iron_boots":2,"minecraft:totem_of_undying":1,"minecraft:light_gray_wool":1,"minecraft:glowstone":1,"minecraft:golden_carrot":1,"minecraft:beef":5,"minecraft:cooked_beef":35,"minecraft:cobbled_deepslate":1,"minecraft:golden_axe":54,"minecraft:wheat_seeds":29,"minecraft:cooked_mutton":55,"minecraft:water_bucket":42,"minecraft:cobblestone_stairs":1,"minecraft:sandstone_stairs":1,"minecraft:birch_planks":63,"minecraft:polished_andesite":1,"minecraft:baked_potato":1,"minecraft:cracked_stone_bricks":4,"minecraft:salmon":1,"minecraft:oak_slab":1,"minecraft:crafting_table":11,"minecraft:red_bed":1,"minecraft:campfire":2,"minecraft:white_bed":20,"minecraft:cod":4,"minecraft:black_wool":1,"minecraft:apple":6,"minecraft:chicken":2,"minecraft:iron_pickaxe":266,"travelersbackpack:white_sleeping_bag":1,"minecraft:spruce_sapling":1,"minecraft:golden_leggings":1,"minecraft:stone_axe":45,"minecraft:cobblestone":38,"minecraft:potion":3,"travelersbackpack:standard":15,"minecraft:porkchop":4,"minecraft:white_banner":1,"minecraft:cooked_porkchop":41,"minecraft:bucket":49,"minecraft:yellow_bed":13}},"DataVersion":3700}