{"stats":{"minecraft:broken":{"minecraft:wooden_shovel":3,"minecraft:stone_pickaxe":1,"minecraft:golden_axe":1,"minecraft:wooden_axe":2},"minecraft:used":{"minecraft:stone_sword":137,"minecraft:armor_stand":1,"minecraft:chest":1,"minecraft:shield":6,"minecraft:iron_sword":158,"minecraft:cooked_salmon":8,"minecraft:wooden_shovel":197,"minecraft:cooked_chicken":3,"minecraft:torch":45,"minecraft:rotten_flesh":2,"minecraft:dirt":275,"minecraft:mutton":7,"minecraft:wooden_axe":92,"minecraft:iron_axe":5,"minecraft:iron_helmet":1,"minecraft:stone_bricks":1,"minecraft:beef":5,"minecraft:furnace":1,"minecraft:egg":1,"minecraft:cooked_beef":12,"minecraft:cobbled_deepslate":1,"minecraft:golden_axe":42,"minecraft:cooked_mutton":16,"minecraft:mossy_stone_bricks":2,"minecraft:birch_planks":63,"minecraft:stone_pickaxe":180,"minecraft:wooden_pickaxe":21,"minecraft:cracked_stone_bricks":1,"minecraft:salmon":1,"minecraft:crafting_table":11,"minecraft:crossbow":17,"minecraft:campfire":2,"minecraft:white_bed":20,"minecraft:apple":6,"minecraft:bread":25,"minecraft:chicken":2,"minecraft:iron_pickaxe":36,"travelersbackpack:white_sleeping_bag":1,"minecraft:golden_leggings":1,"minecraft:stone_axe":45,"minecraft:wooden_sword":3,"minecraft:cobblestone":4,"travelersbackpack:standard":5,"minecraft:white_banner":1,"minecraft:cooked_porkchop":10,"minecraft:porkchop":4,"minecraft:bucket":6,"minecraft:andesite":4},"minecraft:custom":{"minecraft:interact_with_smithing_table":1,"minecraft:mob_kills":153,"minecraft:interact_with_crafting_table":59,"minecraft:open_barrel":10,"minecraft:interact_with_campfire":32,"minecraft:bell_ring":39,"minecraft:leave_game":8,"minecraft:time_since_death":12224,"minecraft:climb_one_cm":20171,"minecraft:sprint_one_cm":1818567,"minecraft:walk_one_cm":861055,"minecraft:damage_blocked_by_shield":165,"minecraft:drop":109,"minecraft:play_noteblock":1,"minecraft:talked_to_villager":10,"minecraft:raid_win":1,"minecraft:play_time":349924,"minecraft:deaths":5,"minecraft:sneak_time":8007,"minecraft:walk_under_water_one_cm":38990,"minecraft:jump":6712,"minecraft:interact_with_blast_furnace":2,"minecraft:walk_on_water_one_cm":77484,"minecraft:total_world_time":349924,"minecraft:interact_with_furnace":79,"minecraft:raid_trigger":1,"minecraft:sleep_in_bed":16,"minecraft:time_since_rest":12318,"minecraft:damage_taken":4027,"minecraft:damage_dealt":16355,"minecraft:swim_one_cm":446331,"minecraft:fly_one_cm":1317849,"minecraft:open_chest":156,"minecraft:crouch_one_cm":14663,"minecraft:fall_one_cm":107472},"minecraft:mined":{"minecraft:dark_oak_planks":1,"minecraft:diamond_ore":1,"minecraft:white_bed":20,"minecraft:warped_fence_gate":1,"minecraft:glow_lichen":1,"minecraft:spruce_fence":1,"minecraft:grass_block":168,"minecraft:decorated_pot":42,"minecraft:coal_block":1,"travelersbackpack:white_sleeping_bag":1,"minecraft:deepslate_tile_stairs":1,"minecraft:infested_chiseled_stone_bricks":1,"minecraft:spawner":1,"minecraft:hay_block":28,"minecraft:tall_seagrass":1,"minecraft:furnace":8,"minecraft:iron_ore":9,"minecraft:fire":13,"minecraft:andesite":4,"minecraft:cyan_wall_banner":1,"minecraft:gold_block":1,"minecraft:bookshelf":2,"minecraft:vine":19,"minecraft:lantern":50,"minecraft:stone":42,"minecraft:smithing_table":1,"minecraft:red_bed":1,"minecraft:warped_fence":1,"travelersbackpack:standard":1,"minecraft:crafting_table":12,"minecraft:note_block":1,"minecraft:short_grass":46,"minecraft:poppy":1,"minecraft:melon":14,"minecraft:chest":1,"minecraft:campfire":5,"minecraft:cobblestone":25,"minecraft:tall_grass":12,"minecraft:copper_ore":3,"minecraft:sugar_cane":2,"minecraft:diorite":3,"minecraft:wall_torch":1,"minecraft:birch_planks":1,"minecraft:birch_log":48,"minecraft:wheat":14,"minecraft:jukebox":2,"minecraft:birch_leaves":11,"minecraft:smooth_stone_slab":26,"minecraft:oak_log":5,"minecraft:coal_ore":21,"minecraft:cocoa":3,"minecraft:cherry_leaves":84,"minecraft:sand":52,"minecraft:dirt":61,"minecraft:cobweb":2,"minecraft:cracked_stone_bricks":3,"minecraft:stone_bricks":1,"minecraft:mossy_stone_bricks":3,"minecraft:oak_leaves":7,"minecraft:deepslate":1,"minecraft:fern":4},"minecraft:picked_up":{"minecraft:wooden_axe":1,"minecraft:charcoal":26,"minecraft:cocoa_beans":3,"minecraft:wheat":15,"minecraft:crafting_table":11,"minecraft:chicken":12,"minecraft:sentry_armor_trim_smithing_template":1,"minecraft:smithing_table":1,"minecraft:gold_block":1,"minecraft:potion":1,"minecraft:stone_brick_stairs":1,"minecraft:shield":2,"minecraft:brick":19,"minecraft:string":7,"minecraft:raw_copper":12,"minecraft:iron_axe":1,"minecraft:cooked_salmon":16,"minecraft:armor_stand":2,"minecraft:smooth_stone_slab":21,"minecraft:warped_fence":1,"minecraft:beetroot":5,"minecraft:cracked_stone_bricks":2,"minecraft:cobbled_deepslate":1,"minecraft:beef":37,"minecraft:player_head":1,"minecraft:wooden_shovel":11,"minecraft:poppy":2,"minecraft:light_gray_wool":2,"minecraft:melon_slice":74,"minecraft:sugar_cane":5,"minecraft:chest":1,"minecraft:birch_sapling":3,"minecraft:egg":12,"minecraft:furnace":7,"minecraft:stick":5,"minecraft:raw_iron":16,"minecraft:jukebox":2,"minecraft:torch":21,"minecraft:spruce_fence":1,"minecraft:porkchop":60,"minecraft:golden_axe":1,"minecraft:carrot":1,"minecraft:deepslate_tile_stairs":1,"minecraft:dark_oak_planks":1,"minecraft:stone_sword":1,"minecraft:honey_bottle":1,"minecraft:arrow":46,"minecraft:rotten_flesh":19,"minecraft:decorated_pot":32,"minecraft:hay_block":34,"minecraft:saddle":2,"minecraft:gold_ingot":14,"minecraft:mutton":49,"minecraft:cobblestone":78,"minecraft:white_wool":117,"minecraft:birch_log":67,"minecraft:feather":13,"minecraft:cooked_beef":1,"minecraft:andesite":4,"minecraft:salmon":18,"minecraft:brown_wool":2,"minecraft:leather":20,"minecraft:golden_leggings":1,"minecraft:birch_planks":5,"minecraft:flint":6,"minecraft:oak_log":5,"minecraft:lantern":51,"minecraft:dirt":305,"minecraft:white_banner":1,"minecraft:name_tag":3,"minecraft:cooked_mutton":8,"minecraft:glass":20,"travelersbackpack:backpack_tank":2,"minecraft:bone":19,"minecraft:apple":5,"minecraft:stone_bricks":3,"minecraft:bow":1,"minecraft:wheat_seeds":57,"minecraft:orange_tulip":1,"minecraft:raw_gold":10,"minecraft:iron_ingot":11,"minecraft:cooked_chicken":3,"minecraft:cobweb":1,"minecraft:mossy_stone_bricks":2,"minecraft:iron_sword":2,"minecraft:book":6,"minecraft:cooked_porkchop":10,"minecraft:quartz":2,"minecraft:sand":44,"minecraft:white_bed":21,"minecraft:warped_fence_gate":1,"minecraft:barrel":1,"travelersbackpack:white_sleeping_bag":1,"travelersbackpack:standard":3,"minecraft:diamond":1,"minecraft:crossbow":3,"minecraft:cherry_sapling":2,"minecraft:bone_meal":1,"minecraft:gray_wool":1,"minecraft:emerald":9,"minecraft:bread":71,"minecraft:lodestone":1,"minecraft:baked_potato":11,"minecraft:dark_oak_fence":1,"minecraft:coal":62},"minecraft:killed_by":{"minecraft:spider":1,"minecraft:vindicator":1,"midnightlurker:midnight_lurker_unprovoked":3},"minecraft:dropped":{"minecraft:iron_ingot":4,"minecraft:porkchop":3,"minecraft:wheat_seeds":47,"minecraft:cooked_beef":9,"minecraft:baked_potato":11,"minecraft:diamond":1,"minecraft:crafting_table":1,"minecraft:cooked_porkchop":5,"minecraft:feather":11,"minecraft:orange_tulip":1,"minecraft:lantern":1,"minecraft:apple":13,"minecraft:saddle":1,"travelersbackpack:standard":2,"minecraft:coal":18,"minecraft:emerald":9,"minecraft:gray_wool":1,"minecraft:torch":20,"minecraft:mutton":5,"minecraft:wooden_axe":1,"minecraft:cooked_salmon":8,"minecraft:wooden_sword":1,"travelersbackpack:backpack_tank":2,"minecraft:white_wool":62,"minecraft:gold_ingot":4,"minecraft:furnace":7,"minecraft:stone_sword":2,"minecraft:cocoa_beans":3,"minecraft:raw_copper":12,"minecraft:smooth_stone_slab":12,"minecraft:raw_iron":3,"minecraft:cherry_sapling":2,"minecraft:chicken":3,"minecraft:rotten_flesh":1,"minecraft:cooked_mutton":16,"minecraft:honey_bottle":1,"minecraft:white_bed":1,"minecraft:salmon":5,"minecraft:carrot":40,"minecraft:poppy":1,"minecraft:potato":11,"minecraft:shield":3,"minecraft:charcoal":16,"minecraft:golden_leggings":1,"minecraft:wooden_shovel":14,"travelersbackpack:cake":1,"minecraft:stone_pickaxe":2,"minecraft:wooden_pickaxe":1,"minecraft:raw_gold":3,"minecraft:quartz":7,"minecraft:brick":11,"minecraft:bread":83},"minecraft:killed":{"minecraft:spider":1,"minecraft:vindicator":3,"minecraft:skeleton":3,"minecraft:chicken":13,"minecraft:silverfish":1,"minecraft:pig":31,"minecraft:salmon":20,"minecraft:creeper":1,"minecraft:sheep":33,"minecraft:pillager":13,"minecraft:zombie":7,"minecraft:cow":23},"minecraft:crafted":{"minecraft:wooden_sword":2,"minecraft:oak_planks":12,"minecraft:furnace":1,"minecraft:bone_meal":3,"minecraft:cooked_mutton":24,"minecraft:glass":24,"travelersbackpack:cake":1,"travelersbackpack:white_sleeping_bag":2,"minecraft:stone_pickaxe":3,"minecraft:chest":2,"minecraft:wheat":252,"minecraft:cooked_beef":46,"minecraft:sugar":2,"minecraft:wooden_shovel":8,"minecraft:cooked_porkchop":5,"minecraft:crafting_table":3,"travelersbackpack:backpack_tank":4,"minecraft:wooden_pickaxe":2,"travelersbackpack:standard":2,"minecraft:campfire":2,"minecraft:bucket":2,"minecraft:birch_planks":212,"minecraft:stone_axe":1,"minecraft:bread":73,"minecraft:air":0,"minecraft:shield":3,"minecraft:stick":56,"minecraft:iron_ingot":14,"minecraft:iron_pickaxe":1,"minecraft:wooden_axe":2,"minecraft:stone_sword":2,"minecraft:gold_ingot":3,"minecraft:white_bed":2,"minecraft:torch":64}},"DataVersion":3700}