{"stats":{"minecraft:broken":{"minecraft:stone_sword":1,"minecraft:stone_axe":1,"minecraft:wooden_axe":1},"minecraft:used":{"minecraft:cooked_mutton":4,"minecraft:stone_sword":137,"minecraft:birch_planks":3,"minecraft:stone_pickaxe":103,"minecraft:wooden_pickaxe":45,"minecraft:iron_sword":158,"minecraft:cooked_chicken":7,"minecraft:torch":10,"minecraft:crafting_table":3,"minecraft:white_bed":3,"minecraft:wooden_axe":117,"minecraft:birch_sapling":12,"minecraft:stone_axe":131,"minecraft:wooden_sword":7,"minecraft:bow":8,"minecraft:cooked_cod":1,"minecraft:furnace":5,"minecraft:cooked_porkchop":6,"minecraft:birch_log":2,"minecraft:egg":8,"minecraft:cooked_beef":5},"minecraft:crafted":{"minecraft:cooked_beef":27,"minecraft:wooden_sword":2,"minecraft:cooked_cod":1,"minecraft:cooked_porkchop":6,"minecraft:crafting_table":1,"minecraft:wooden_pickaxe":1,"minecraft:cooked_chicken":21,"minecraft:iron_sword":2,"minecraft:furnace":2,"minecraft:birch_planks":92,"minecraft:stone_axe":2,"minecraft:cooked_mutton":5,"minecraft:air":0,"minecraft:blue_dye":1,"minecraft:shield":2,"minecraft:stick":48,"minecraft:iron_ingot":11,"minecraft:stone_pickaxe":1,"minecraft:wooden_axe":6,"minecraft:stone_sword":2,"minecraft:white_bed":2,"minecraft:torch":44},"minecraft:killed_by":{"minecraft:zombie":1},"minecraft:killed":{"minecraft:pig":22,"minecraft:zombie_villager":1,"minecraft:salmon":24,"minecraft:spider":3,"minecraft:cod":1,"minecraft:creeper":3,"minecraft:sheep":22,"minecraft:skeleton":6,"minecraft:zombie":8,"minecraft:chicken":22,"minecraft:turtle":2,"minecraft:cow":20},"minecraft:mined":{"minecraft:white_bed":2,"minecraft:dark_oak_leaves":3,"minecraft:lily_of_the_valley":1,"minecraft:smoker":1,"minecraft:dark_oak_log":130,"minecraft:cornflower":1,"minecraft:crafting_table":3,"minecraft:short_grass":13,"minecraft:tall_grass":10,"minecraft:copper_ore":31,"minecraft:tall_seagrass":1,"minecraft:furnace":5,"minecraft:birch_log":85,"minecraft:iron_ore":11,"minecraft:birch_leaves":5,"minecraft:pumpkin":7,"minecraft:coal_ore":45,"minecraft:stone":55,"minecraft:oak_leaves":7},"minecraft:picked_up":{"minecraft:wooden_axe":1,"minecraft:birch_log":212,"minecraft:crafting_table":4,"minecraft:feather":22,"minecraft:chicken":19,"minecraft:salmon":21,"minecraft:leather":16,"minecraft:smoker":1,"minecraft:birch_planks":22,"minecraft:gunpowder":1,"minecraft:cornflower":1,"minecraft:dirt":13,"minecraft:raw_copper":106,"minecraft:wooden_sword":1,"minecraft:bone":8,"minecraft:bow":1,"minecraft:wheat_seeds":5,"minecraft:beef":61,"minecraft:light_gray_wool":1,"minecraft:birch_sapling":14,"minecraft:egg":8,"minecraft:furnace":5,"minecraft:dark_oak_sapling":3,"minecraft:raw_iron":11,"minecraft:stick":4,"minecraft:pumpkin":3,"minecraft:porkchop":53,"minecraft:white_bed":3,"minecraft:dark_oak_log":129,"minecraft:spider_eye":1,"minecraft:arrow":9,"minecraft:rotten_flesh":5,"minecraft:stone_axe":1,"minecraft:bone_meal":1,"minecraft:black_wool":1,"minecraft:mutton":42,"minecraft:cod":1,"minecraft:coal":93,"minecraft:white_wool":24,"minecraft:cobblestone":55},"minecraft:dropped":{"minecraft:iron_sword":1,"minecraft:stone_axe":2,"minecraft:wheat_seeds":5,"minecraft:cooked_chicken":4,"minecraft:stone_sword":1,"minecraft:crafting_table":1,"minecraft:rotten_flesh":5,"minecraft:cobblestone":16,"minecraft:light_gray_wool":1,"minecraft:white_bed":1,"minecraft:coal":17,"minecraft:dirt":13,"minecraft:shield":1,"minecraft:gunpowder":1,"minecraft:wooden_axe":3,"minecraft:bone_meal":1,"minecraft:spider_eye":1,"minecraft:wooden_sword":1,"minecraft:beef":1},"minecraft:custom":{"minecraft:interact_with_furnace":52,"minecraft:mob_kills":154,"minecraft:interact_with_crafting_table":16,"minecraft:time_since_death":99666,"minecraft:sleep_in_bed":3,"minecraft:time_since_rest":8768,"minecraft:sprint_one_cm":506625,"minecraft:damage_taken":1042,"minecraft:walk_one_cm":299006,"minecraft:drop":27,"minecraft:damage_dealt":13341,"minecraft:swim_one_cm":38205,"minecraft:fly_one_cm":476065,"minecraft:crouch_one_cm":2088,"minecraft:play_time":104735,"minecraft:deaths":1,"minecraft:sneak_time":1402,"minecraft:walk_under_water_one_cm":24702,"minecraft:jump":2213,"minecraft:walk_on_water_one_cm":11521,"minecraft:total_world_time":104735,"minecraft:fall_one_cm":46873}},"DataVersion":3700}