{"stats":{"minecraft:broken":{"minecraft:stone_sword":1,"minecraft:stone_axe":1,"minecraft:wooden_axe":1},"minecraft:killed_by":{"minecraft:zombie":1},"minecraft:mined":{"minecraft:white_bed":6,"minecraft:dark_oak_leaves":3,"minecraft:lily_of_the_valley":1,"minecraft:smoker":1,"minecraft:dark_oak_log":130,"minecraft:dandelion":1,"minecraft:cornflower":1,"minecraft:crafting_table":3,"minecraft:short_grass":14,"minecraft:poppy":1,"minecraft:copper_ore":31,"minecraft:tall_grass":11,"minecraft:tall_seagrass":1,"minecraft:furnace":5,"minecraft:birch_log":85,"minecraft:iron_ore":11,"minecraft:birch_leaves":5,"minecraft:pumpkin":7,"minecraft:azure_bluet":1,"minecraft:coal_ore":45,"minecraft:stone":55,"minecraft:oak_leaves":7},"minecraft:picked_up":{"minecraft:wooden_axe":1,"minecraft:birch_log":212,"minecraft:azure_bluet":1,"minecraft:crafting_table":4,"minecraft:feather":22,"minecraft:chicken":21,"minecraft:salmon":21,"minecraft:leather":16,"minecraft:smoker":1,"minecraft:birch_planks":22,"minecraft:gunpowder":1,"minecraft:cornflower":1,"minecraft:string":1,"minecraft:dirt":13,"minecraft:raw_copper":106,"minecraft:wooden_sword":1,"minecraft:bone":17,"minecraft:bow":2,"minecraft:wheat_seeds":5,"minecraft:beef":61,"minecraft:poppy":1,"minecraft:light_gray_wool":1,"minecraft:birch_sapling":14,"minecraft:furnace":5,"minecraft:egg":8,"minecraft:dark_oak_sapling":3,"minecraft:stick":4,"minecraft:raw_iron":11,"minecraft:pumpkin":3,"minecraft:porkchop":58,"minecraft:white_bed":6,"minecraft:dark_oak_log":129,"minecraft:spider_eye":1,"minecraft:arrow":9,"minecraft:rotten_flesh":5,"minecraft:stone_axe":1,"minecraft:bone_meal":2,"minecraft:black_wool":1,"minecraft:mutton":47,"minecraft:coal":93,"minecraft:cod":1,"minecraft:white_wool":26,"minecraft:cobblestone":55},"minecraft:killed":{"minecraft:pig":23,"minecraft:zombie_villager":1,"minecraft:salmon":24,"minecraft:spider":3,"minecraft:cod":1,"minecraft:creeper":3,"minecraft:sheep":25,"minecraft:skeleton":6,"minecraft:zombie":8,"minecraft:chicken":24,"minecraft:turtle":2,"minecraft:cow":20},"minecraft:used":{"minecraft:cooked_mutton":4,"minecraft:stone_sword":137,"minecraft:birch_planks":3,"minecraft:stone_pickaxe":103,"minecraft:wooden_pickaxe":45,"minecraft:iron_sword":167,"minecraft:cooked_chicken":7,"minecraft:torch":10,"minecraft:crafting_table":3,"minecraft:white_bed":7,"minecraft:wooden_axe":117,"minecraft:birch_sapling":12,"minecraft:wooden_sword":7,"minecraft:stone_axe":131,"minecraft:bow":8,"minecraft:furnace":5,"minecraft:cooked_cod":1,"minecraft:cooked_porkchop":6,"minecraft:birch_log":2,"minecraft:egg":8,"minecraft:cooked_beef":9},"minecraft:crafted":{"minecraft:cooked_beef":27,"minecraft:red_dye":1,"minecraft:wooden_sword":2,"minecraft:cooked_cod":1,"minecraft:arrow":32,"minecraft:cooked_porkchop":6,"minecraft:crafting_table":1,"minecraft:wooden_pickaxe":1,"minecraft:cooked_chicken":21,"minecraft:iron_sword":2,"minecraft:furnace":2,"minecraft:bone_meal":3,"minecraft:birch_planks":92,"minecraft:stone_axe":2,"minecraft:pink_dye":2,"minecraft:cooked_mutton":5,"minecraft:air":0,"minecraft:blue_dye":1,"minecraft:shield":2,"minecraft:white_dye":2,"minecraft:stick":48,"minecraft:iron_ingot":11,"minecraft:stone_pickaxe":1,"minecraft:wooden_axe":6,"minecraft:stone_sword":2,"minecraft:light_gray_dye":1,"minecraft:white_bed":2,"minecraft:torch":44},"minecraft:custom":{"minecraft:interact_with_furnace":52,"minecraft:mob_kills":161,"minecraft:traded_with_villager":2,"minecraft:interact_with_crafting_table":16,"minecraft:bell_ring":10,"minecraft:leave_game":1,"minecraft:time_since_death":129363,"minecraft:sleep_in_bed":6,"minecraft:climb_one_cm":1808,"minecraft:time_since_rest":78,"minecraft:sprint_one_cm":696031,"minecraft:damage_taken":1042,"minecraft:walk_one_cm":372144,"minecraft:drop":36,"minecraft:damage_dealt":13761,"minecraft:swim_one_cm":38205,"minecraft:talked_to_villager":11,"minecraft:fly_one_cm":632102,"minecraft:open_chest":5,"minecraft:crouch_one_cm":17491,"minecraft:play_time":134432,"minecraft:deaths":1,"minecraft:sneak_time":5617,"minecraft:walk_under_water_one_cm":24702,"minecraft:jump":2837,"minecraft:walk_on_water_one_cm":11918,"minecraft:total_world_time":134432,"minecraft:fall_one_cm":57998},"minecraft:dropped":{"minecraft:iron_sword":1,"minecraft:stone_axe":2,"minecraft:wheat_seeds":5,"minecraft:cooked_chicken":4,"minecraft:stone_sword":1,"minecraft:crafting_table":1,"minecraft:rotten_flesh":5,"minecraft:cobblestone":16,"minecraft:light_gray_wool":1,"minecraft:white_bed":1,"minecraft:coal":17,"minecraft:dirt":13,"minecraft:shield":1,"minecraft:gunpowder":1,"minecraft:mutton":35,"minecraft:wooden_axe":3,"minecraft:white_dye":1,"minecraft:light_gray_dye":1,"minecraft:spider_eye":1,"minecraft:wooden_sword":1,"minecraft:bone_meal":2,"minecraft:bow":2,"minecraft:beef":1,"minecraft:string":1,"minecraft:bone":9}},"DataVersion":3700}