{"stats":{"minecraft:used":{"minecraft:wooden_axe":16,"minecraft:birch_planks":7,"minecraft:crafting_table":1},"minecraft:picked_up":{"minecraft:birch_log":24,"minecraft:crafting_table":1,"minecraft:stick":2,"minecraft:chicken":1,"minecraft:birch_planks":1,"minecraft:porkchop":2,"minecraft:dirt":3,"minecraft:bone":2,"minecraft:arrow":1,"minecraft:light_gray_wool":1,"minecraft:mutton":4,"minecraft:birch_sapling":3,"minecraft:white_wool":3,"minecraft:egg":1},"minecraft:mined":{"minecraft:birch_planks":1,"minecraft:birch_log":23,"minecraft:birch_leaves":7,"minecraft:crafting_table":1,"minecraft:oak_leaves":2},"minecraft:killed_by":{"minecraft:spider":1,"midnightlurker:midnight_lurker_unprovoked":1},"minecraft:killed":{"minecraft:sheep":3,"minecraft:skeleton":1,"minecraft:pig":1,"minecraft:chicken":1,"minecraft:spider":1},"minecraft:custom":{"minecraft:time_since_rest":10684,"minecraft:sprint_one_cm":77768,"minecraft:damage_taken":620,"minecraft:walk_one_cm":78373,"minecraft:mob_kills":7,"minecraft:damage_dealt":806,"minecraft:swim_one_cm":19556,"minecraft:interact_with_crafting_table":1,"minecraft:fly_one_cm":42772,"minecraft:open_chest":2,"minecraft:crouch_one_cm":544,"minecraft:play_time":19581,"minecraft:deaths":2,"minecraft:sneak_time":324,"minecraft:walk_under_water_one_cm":3099,"minecraft:jump":378,"minecraft:leave_game":3,"minecraft:walk_on_water_one_cm":10579,"minecraft:time_since_death":10454,"minecraft:total_world_time":19581,"minecraft:fall_one_cm":5296},"minecraft:crafted":{"minecraft:wooden_sword":1,"minecraft:crafting_table":1,"minecraft:stick":8,"minecraft:wooden_pickaxe":1,"minecraft:wooden_axe":1,"minecraft:birch_planks":72}},"DataVersion":3700}