{"stats":{"minecraft:broken":{"minecraft:wooden_axe":1},"minecraft:dropped":{"minecraft:wooden_axe":1,"minecraft:wooden_sword":1,"minecraft:wooden_pickaxe":1,"minecraft:white_bed":1},"minecraft:used":{"minecraft:wooden_axe":55,"minecraft:birch_planks":7,"minecraft:wooden_pickaxe":2,"minecraft:wooden_sword":1,"minecraft:mutton":4,"minecraft:crafting_table":3},"minecraft:picked_up":{"minecraft:wooden_axe":1,"minecraft:birch_log":49,"minecraft:crafting_table":3,"minecraft:stick":2,"minecraft:feather":2,"minecraft:chicken":3,"minecraft:leather":1,"minecraft:birch_planks":1,"minecraft:porkchop":4,"minecraft:oak_log":3,"minecraft:dirt":3,"minecraft:bone":2,"minecraft:arrow":1,"minecraft:beef":2,"minecraft:light_gray_wool":1,"minecraft:sugar_cane":5,"minecraft:mutton":4,"minecraft:birch_sapling":3,"minecraft:white_wool":3,"minecraft:egg":3},"minecraft:mined":{"minecraft:birch_planks":1,"minecraft:birch_log":48,"minecraft:birch_leaves":8,"minecraft:crafting_table":3,"minecraft:oak_log":3,"minecraft:stone":2,"minecraft:sugar_cane":2,"minecraft:oak_leaves":3},"minecraft:killed_by":{"minecraft:spider":1,"midnightlurker:midnight_lurker_unprovoked":1},"minecraft:killed":{"minecraft:sheep":3,"minecraft:skeleton":1,"minecraft:pig":3,"minecraft:chicken":3,"minecraft:spider":1,"minecraft:cow":1},"minecraft:custom":{"minecraft:time_since_rest":22684,"minecraft:sprint_one_cm":108013,"minecraft:damage_taken":700,"minecraft:walk_one_cm":163539,"minecraft:mob_kills":12,"minecraft:drop":4,"minecraft:damage_dealt":1176,"minecraft:swim_one_cm":19556,"minecraft:interact_with_crafting_table":4,"minecraft:fly_one_cm":56513,"minecraft:open_chest":2,"minecraft:crouch_one_cm":1930,"minecraft:play_time":31581,"minecraft:deaths":2,"minecraft:sneak_time":801,"minecraft:walk_under_water_one_cm":8890,"minecraft:jump":553,"minecraft:leave_game":3,"minecraft:walk_on_water_one_cm":12073,"minecraft:time_since_death":22454,"minecraft:total_world_time":31581,"minecraft:fall_one_cm":7177},"minecraft:crafted":{"minecraft:wooden_sword":2,"minecraft:crafting_table":1,"minecraft:stick":12,"minecraft:wooden_pickaxe":2,"minecraft:wooden_axe":2,"minecraft:white_bed":1,"minecraft:birch_planks":140}},"DataVersion":3700}