{"stats":{"minecraft:broken":{"minecraft:wooden_axe":2},"minecraft:dropped":{"minecraft:bread":32,"minecraft:wheat_seeds":4,"minecraft:stone_sword":2,"minecraft:crafting_table":1,"minecraft:orange_tulip":1,"minecraft:chicken":3,"minecraft:cooked_mutton":4,"minecraft:white_bed":1,"minecraft:salmon":5,"minecraft:poppy":1,"minecraft:mutton":1,"minecraft:wooden_axe":1,"minecraft:cooked_salmon":8,"minecraft:wooden_sword":1,"minecraft:stone_pickaxe":1,"minecraft:wooden_pickaxe":1},"minecraft:used":{"minecraft:cooked_mutton":4,"minecraft:stone_sword":82,"minecraft:birch_planks":7,"minecraft:stone_pickaxe":62,"minecraft:chest":1,"minecraft:wooden_pickaxe":21,"minecraft:cooked_salmon":1,"minecraft:cooked_chicken":3,"minecraft:salmon":1,"minecraft:mutton":5,"minecraft:crafting_table":6,"minecraft:crossbow":7,"minecraft:white_bed":4,"minecraft:campfire":2,"minecraft:wooden_axe":92,"minecraft:bread":2,"minecraft:stone_axe":17,"minecraft:wooden_sword":3,"minecraft:beef":2,"minecraft:porkchop":4,"minecraft:cooked_beef":1},"minecraft:picked_up":{"minecraft:wooden_axe":1,"minecraft:birch_log":49,"minecraft:charcoal":2,"minecraft:crafting_table":5,"minecraft:feather":6,"minecraft:cooked_beef":1,"minecraft:chicken":7,"minecraft:salmon":16,"minecraft:leather":4,"minecraft:brown_wool":1,"minecraft:potion":1,"minecraft:birch_planks":1,"minecraft:stone_brick_stairs":1,"minecraft:oak_log":3,"minecraft:brick":8,"minecraft:dirt":3,"minecraft:lantern":47,"minecraft:cooked_salmon":16,"minecraft:cooked_mutton":8,"minecraft:bone":2,"minecraft:orange_tulip":1,"minecraft:wheat_seeds":7,"minecraft:beef":12,"minecraft:cooked_chicken":3,"minecraft:poppy":2,"minecraft:light_gray_wool":2,"minecraft:sugar_cane":5,"minecraft:birch_sapling":3,"minecraft:egg":5,"minecraft:stick":2,"minecraft:spruce_fence":1,"minecraft:porkchop":17,"minecraft:white_bed":4,"minecraft:deepslate_tile_stairs":1,"minecraft:stone_sword":1,"minecraft:arrow":3,"minecraft:decorated_pot":1,"minecraft:hay_block":21,"minecraft:bone_meal":1,"minecraft:emerald":2,"minecraft:lodestone":1,"minecraft:dark_oak_fence":1,"minecraft:mutton":21,"minecraft:coal":2,"minecraft:cobblestone":21,"minecraft:white_wool":16},"minecraft:mined":{"minecraft:white_bed":3,"minecraft:crafting_table":5,"minecraft:short_grass":17,"minecraft:spruce_fence":1,"minecraft:poppy":1,"minecraft:decorated_pot":3,"minecraft:campfire":1,"minecraft:tall_grass":7,"minecraft:deepslate_tile_stairs":1,"minecraft:cobblestone":25,"minecraft:infested_chiseled_stone_bricks":1,"minecraft:sugar_cane":2,"minecraft:tall_seagrass":1,"minecraft:hay_block":21,"minecraft:birch_planks":1,"minecraft:birch_log":48,"minecraft:fire":5,"minecraft:birch_leaves":8,"minecraft:coal_ore":2,"minecraft:oak_log":3,"minecraft:lantern":46,"minecraft:stone":2,"minecraft:oak_leaves":3},"minecraft:killed_by":{"minecraft:spider":1,"midnightlurker:midnight_lurker_unprovoked":1},"minecraft:killed":{"minecraft:pig":11,"minecraft:salmon":16,"minecraft:spider":1,"minecraft:sheep":16,"minecraft:skeleton":1,"minecraft:pillager":3,"minecraft:chicken":7,"minecraft:silverfish":1,"minecraft:cow":10},"minecraft:custom":{"minecraft:mob_kills":66,"minecraft:interact_with_crafting_table":16,"minecraft:interact_with_campfire":19,"minecraft:bell_ring":13,"minecraft:leave_game":3,"minecraft:time_since_death":70454,"minecraft:sleep_in_bed":4,"minecraft:climb_one_cm":1861,"minecraft:time_since_rest":2536,"minecraft:sprint_one_cm":387272,"minecraft:damage_taken":1020,"minecraft:walk_one_cm":292490,"minecraft:drop":18,"minecraft:damage_dealt":5045,"minecraft:talked_to_villager":8,"minecraft:swim_one_cm":35145,"minecraft:fly_one_cm":253809,"minecraft:open_chest":22,"minecraft:crouch_one_cm":4061,"minecraft:play_time":79581,"minecraft:deaths":2,"minecraft:sneak_time":1467,"minecraft:walk_under_water_one_cm":19301,"minecraft:jump":1454,"minecraft:walk_on_water_one_cm":26618,"minecraft:total_world_time":79581,"minecraft:fall_one_cm":20877},"minecraft:crafted":{"minecraft:wooden_sword":2,"minecraft:oak_planks":4,"minecraft:crafting_table":3,"minecraft:wooden_pickaxe":2,"minecraft:stone_axe":1,"minecraft:birch_planks":140,"minecraft:campfire":2,"minecraft:bread":63,"minecraft:stick":32,"minecraft:stone_pickaxe":3,"minecraft:wooden_axe":2,"minecraft:stone_sword":2,"minecraft:chest":1,"minecraft:white_bed":2,"minecraft:wheat":189}},"DataVersion":3700}