{"stats":{"minecraft:broken":{"minecraft:stone_sword":1,"minecraft:stone_axe":1,"minecraft:iron_sword":1,"minecraft:wooden_axe":1},"minecraft:killed_by":{"minecraft:zombie":1},"minecraft:mined":{"minecraft:white_bed":22,"minecraft:dark_oak_leaves":3,"minecraft:dark_oak_log":130,"minecraft:dark_oak_fence":4,"minecraft:grass_block":3,"minecraft:spruce_leaves":22,"minecraft:hay_block":10,"minecraft:tall_seagrass":1,"minecraft:furnace":7,"minecraft:iron_ore":18,"minecraft:pumpkin":7,"minecraft:azure_bluet":1,"minecraft:flowering_azalea_leaves":2,"minecraft:dirt_path":1,"minecraft:packed_ice":8,"minecraft:stone":63,"minecraft:lily_of_the_valley":1,"minecraft:smoker":1,"minecraft:dandelion":3,"minecraft:crafting_table":3,"minecraft:cornflower":1,"minecraft:torch":1,"minecraft:short_grass":27,"minecraft:poppy":1,"minecraft:tall_grass":13,"minecraft:copper_ore":38,"minecraft:birch_log":85,"minecraft:redstone_torch":1,"minecraft:sweet_berry_bush":34,"minecraft:birch_leaves":9,"minecraft:coal_ore":63,"minecraft:oak_leaves":7,"minecraft:fern":1},"minecraft:picked_up":{"minecraft:wooden_axe":1,"minecraft:crafting_table":4,"minecraft:azure_bluet":1,"minecraft:chicken":22,"minecraft:cornflower":1,"minecraft:string":1,"minecraft:raw_copper":118,"minecraft:wooden_sword":1,"minecraft:beef":63,"minecraft:redstone_torch":1,"minecraft:poppy":1,"minecraft:light_gray_wool":1,"minecraft:birch_sapling":14,"minecraft:furnace":7,"minecraft:egg":8,"minecraft:dark_oak_sapling":3,"minecraft:stick":13,"minecraft:raw_iron":18,"minecraft:torch":2,"minecraft:porkchop":79,"minecraft:rotten_flesh":9,"minecraft:arrow":11,"minecraft:hay_block":10,"minecraft:mutton":57,"minecraft:cobblestone":67,"minecraft:cod":1,"minecraft:white_wool":31,"minecraft:birch_log":212,"minecraft:feather":28,"minecraft:salmon":21,"minecraft:leather":16,"minecraft:smoker":1,"minecraft:birch_planks":22,"minecraft:gunpowder":1,"minecraft:dirt":16,"minecraft:white_banner":1,"minecraft:bone":22,"minecraft:bow":2,"minecraft:wheat_seeds":6,"minecraft:iron_sword":1,"minecraft:pumpkin":3,"minecraft:sweet_berries":56,"minecraft:dandelion":1,"minecraft:spruce_sapling":2,"minecraft:white_bed":16,"minecraft:dark_oak_log":129,"minecraft:spider_eye":1,"minecraft:stone_axe":1,"minecraft:bone_meal":2,"minecraft:black_wool":1,"minecraft:dark_oak_fence":4,"minecraft:coal":111},"minecraft:killed":{"minecraft:witch":1,"minecraft:spider":3,"minecraft:cod":1,"minecraft:skeleton":7,"minecraft:chicken":28,"minecraft:turtle":2,"minecraft:pig":34,"minecraft:zombie_villager":1,"minecraft:salmon":24,"minecraft:creeper":3,"minecraft:sheep":30,"minecraft:pillager":3,"minecraft:zombie":13,"minecraft:cow":22},"minecraft:used":{"minecraft:stone_sword":137,"minecraft:shield":9,"minecraft:iron_sword":289,"minecraft:cooked_chicken":8,"minecraft:torch":23,"minecraft:dirt":1,"minecraft:wooden_axe":117,"minecraft:birch_sapling":12,"minecraft:iron_helmet":1,"minecraft:bow":8,"minecraft:beef":1,"minecraft:sweet_berries":10,"minecraft:furnace":7,"minecraft:cooked_cod":1,"minecraft:egg":8,"minecraft:cooked_beef":31,"minecraft:golden_axe":4,"minecraft:cooked_mutton":4,"minecraft:birch_planks":3,"minecraft:stone_pickaxe":143,"minecraft:wooden_pickaxe":51,"minecraft:crafting_table":4,"minecraft:white_bed":15,"minecraft:spruce_sapling":2,"minecraft:stone_axe":131,"minecraft:wooden_sword":7,"minecraft:cooked_porkchop":6,"minecraft:birch_log":2,"minecraft:experience_bottle":1},"minecraft:crafted":{"minecraft:wooden_sword":2,"minecraft:cooked_chicken":27,"minecraft:furnace":2,"minecraft:bone_meal":3,"minecraft:pink_dye":2,"minecraft:cooked_mutton":23,"minecraft:stone_pickaxe":2,"minecraft:wheat":90,"minecraft:cooked_beef":69,"minecraft:red_dye":1,"minecraft:cooked_cod":1,"minecraft:arrow":32,"minecraft:cooked_porkchop":62,"minecraft:crafting_table":1,"minecraft:iron_helmet":2,"minecraft:baked_potato":8,"minecraft:wooden_pickaxe":2,"minecraft:iron_sword":3,"minecraft:birch_planks":352,"minecraft:stone_axe":2,"minecraft:bread":30,"minecraft:air":0,"minecraft:blue_dye":1,"minecraft:yellow_dye":1,"minecraft:shield":2,"minecraft:white_dye":2,"minecraft:stick":48,"minecraft:iron_ingot":18,"minecraft:wooden_axe":6,"minecraft:stone_sword":2,"minecraft:light_gray_dye":1,"minecraft:white_bed":2,"minecraft:torch":44},"minecraft:custom":{"minecraft:interact_with_smithing_table":1,"minecraft:mob_kills":199,"minecraft:interact_with_crafting_table":27,"minecraft:bell_ring":13,"minecraft:leave_game":3,"minecraft:time_since_death":227738,"minecraft:climb_one_cm":3189,"minecraft:sprint_one_cm":1276762,"minecraft:walk_one_cm":624556,"minecraft:damage_blocked_by_shield":160,"minecraft:drop":60,"minecraft:talked_to_villager":14,"minecraft:play_time":232807,"minecraft:deaths":1,"minecraft:sneak_time":5933,"minecraft:walk_under_water_one_cm":27448,"minecraft:jump":5740,"minecraft:walk_on_water_one_cm":19743,"minecraft:total_world_time":232807,"minecraft:interact_with_furnace":145,"minecraft:traded_with_villager":2,"minecraft:interact_with_loom":1,"minecraft:interact_with_stonecutter":1,"minecraft:sleep_in_bed":14,"minecraft:time_since_rest":697,"minecraft:damage_taken":1820,"minecraft:damage_dealt":18744,"minecraft:swim_one_cm":53677,"minecraft:fly_one_cm":1378648,"minecraft:open_chest":13,"minecraft:crouch_one_cm":17951,"minecraft:fall_one_cm":118570},"minecraft:dropped":{"minecraft:iron_sword":2,"minecraft:birch_planks":129,"minecraft:wheat_seeds":6,"minecraft:crafting_table":1,"minecraft:iron_helmet":1,"minecraft:cobblestone":29,"minecraft:coal":46,"minecraft:stick":9,"minecraft:dirt":13,"minecraft:mutton":35,"minecraft:wooden_axe":3,"minecraft:wooden_sword":1,"minecraft:bone_meal":2,"minecraft:string":1,"minecraft:bone":12,"minecraft:stone_axe":2,"minecraft:cooked_chicken":4,"minecraft:stone_sword":1,"minecraft:pink_dye":1,"minecraft:rotten_flesh":9,"minecraft:light_gray_wool":1,"minecraft:white_bed":3,"minecraft:shield":1,"minecraft:gunpowder":1,"minecraft:redstone_torch":1,"minecraft:spider_eye":1,"minecraft:light_gray_dye":1,"minecraft:white_dye":1,"minecraft:bow":2,"minecraft:beef":1,"minecraft:wooden_pickaxe":1}},"DataVersion":3700}