{"stats":{"minecraft:broken":{"minecraft:golden_boots":1,"minecraft:wooden_shovel":3,"minecraft:iron_boots":1,"minecraft:iron_leggings":1,"minecraft:iron_sword":3,"minecraft:iron_axe":10,"minecraft:iron_pickaxe":24,"minecraft:iron_helmet":2,"minecraft:iron_shovel":16,"minecraft:golden_leggings":1,"minecraft:stone_pickaxe":2,"minecraft:wooden_axe":2,"minecraft:golden_axe":7,"minecraft:golden_pickaxe":7},"minecraft:killed_by":{"minecraft:vindicator":3,"minecraft:vex":4,"midnightlurker:midnight_lurker_unprovoked":3,"minecraft:evoker":1,"midnightlurker:void_hands":1,"minecraft:spider":1},"minecraft:used":{"minecraft:beetroot":5,"minecraft:ladder":7,"minecraft:chest":18,"minecraft:quartz_stairs":50,"minecraft:rotten_flesh":5,"minecraft:soul_sand":5,"variantcraftingtables:cherry_crafting_table":4,"minecraft:lava_bucket":24,"minecraft:quartz_pillar":1,"minecraft:quartz_block":19,"minecraft:cherry_button":18,"minecraft:cherry_leaves":13,"minecraft:bow":179,"minecraft:furnace":14,"minecraft:oak_sapling":2,"minecraft:cooked_cod":43,"minecraft:brick":8,"minecraft:egg":4,"minecraft:potato":5,"minecraft:mossy_stone_bricks":3,"minecraft:lapis_lazuli":1,"minecraft:diorite":2,"minecraft:blackstone":16,"minecraft:wooden_pickaxe":21,"minecraft:golden_apple":2,"minecraft:chiseled_quartz_block":2,"minecraft:flint":2,"minecraft:birch_slab":7,"minecraft:spore_blossom":7,"minecraft:lectern":137,"minecraft:nether_wart_block":41,"minecraft:diamond_sword":353,"minecraft:wooden_sword":3,"minecraft:dark_oak_fence":2,"minecraft:smithing_table":2,"minecraft:birch_log":1,"minecraft:oak_boat":14,"minecraft:stone_sword":137,"minecraft:armor_stand":1,"minecraft:cooked_salmon":158,"minecraft:netherrack":4578,"minecraft:orange_bed":5,"minecraft:torch":2263,"minecraft:warped_wart_block":3,"minecraft:anvil":1,"lolmcv:cherry_chest":5,"minecraft:iron_axe":2078,"minecraft:cherry_slab":64,"minecraft:totem_of_undying":2,"minecraft:cherry_fence_gate":43,"minecraft:pink_stained_glass_pane":33,"minecraft:barrel":5,"minecraft:smooth_basalt":6,"minecraft:basalt":24,"minecraft:glowstone":1,"minecraft:beef":15,"minecraft:goat_horn":1,"minecraft:cobbled_deepslate":103,"minecraft:cherry_fence":51,"minecraft:cherry_log":431,"minecraft:pointed_dripstone":3,"minecraft:golden_axe":221,"minecraft:wheat_seeds":29,"minecraft:water_bucket":122,"minecraft:sandstone_stairs":1,"minecraft:birch_planks":65,"minecraft:cherry_planks":345,"minecraft:leather_boots":6,"minecraft:polished_blackstone_bricks":19,"minecraft:cracked_stone_bricks":4,"minecraft:salmon":4,"minecraft:crafting_table":16,"minecraft:oak_slab":3,"minecraft:red_bed":1,"minecraft:campfire":2,"minecraft:white_bed":21,"minecraft:cod":9,"minecraft:diamond_pickaxe":2254,"minecraft:iron_pickaxe":6203,"travelersbackpack:white_sleeping_bag":1,"minecraft:spruce_sapling":1,"minecraft:pink_bed":3,"minecraft:cobblestone":314,"minecraft:potion":3,"travelersbackpack:standard":38,"minecraft:crimson_stairs":29,"minecraft:porkchop":5,"minecraft:cooked_porkchop":73,"additionallanterns:pink_normal_lantern":8,"minecraft:glass_pane":16,"minecraft:cherry_sapling":17,"minecraft:iron_shovel":4445,"minecraft:bone_block":78,"minecraft:polished_basalt":2,"minecraft:decorated_pot":12,"minecraft:shield":99,"minecraft:iron_sword":1203,"minecraft:player_head":2,"minecraft:iron_chestplate":2,"minecraft:white_candle":23,"minecraft:mutton":13,"minecraft:carrot":40,"minecraft:cyan_wool":1,"minecraft:obsidian":5,"minecraft:quartz_slab":36,"minecraft:lantern":11,"minecraft:iron_helmet":3,"minecraft:stone_bricks":6,"minecraft:golden_sword":23,"minecraft:redstone_lamp":18,"minecraft:warped_fungus":5,"minecraft:hay_block":11,"minecraft:skeleton_skull":2,"minecraft:golden_boots":3,"minecraft:chiseled_polished_blackstone":1,"minecraft:dark_oak_stairs":1,"minecraft:stone_pickaxe":311,"minecraft:oak_planks":5,"minecraft:ender_pearl":1,"minecraft:diamond_axe":50,"minecraft:white_wool":13,"cookingforblockheads:milk_jar":1,"minecraft:crossbow":190,"minecraft:dripstone_block":2,"minecraft:redstone_torch":5,"minecraft:lever":5,"minecraft:melon_slice":64,"minecraft:cyan_bed":31,"minecraft:bread":114,"minecraft:gravel":29,"beautify:lamp_jar":10,"minecraft:andesite":5,"minecraft:chain":8,"minecraft:stripped_cherry_log":60,"minecraft:golden_pickaxe":224,"minecraft:cherry_boat":4,"minecraft:oak_fence":8,"minecraft:flint_and_steel":81,"minecraft:redstone":67,"minecraft:wooden_shovel":197,"minecraft:cooked_chicken":3,"minecraft:oak_door":1,"minecraft:dirt":5694,"minecraft:granite":6,"minecraft:wooden_axe":92,"minecraft:dark_oak_planks":9,"minecraft:crimson_slab":23,"minecraft:cherry_trapdoor":104,"minecraft:iron_boots":9,"minecraft:crimson_planks":190,"minecraft:light_gray_wool":1,"minecraft:golden_carrot":1,"minecraft:soul_soil":4,"travelersbackpack:cake":2,"minecraft:cooked_beef":74,"minecraft:iron_leggings":1,"minecraft:quartz_bricks":240,"minecraft:cooked_mutton":61,"minecraft:cobblestone_stairs":1,"minecraft:polished_andesite":1,"minecraft:baked_potato":70,"minecraft:stonecutter":2,"minecraft:piglin_head":5,"minecraft:smoker":1,"minecraft:flower_pot":3,"minecraft:black_wool":1,"minecraft:apple":6,"minecraft:cherry_door":11,"minecraft:cracked_polished_blackstone_bricks":1,"minecraft:chicken":2,"minecraft:golden_leggings":1,"minecraft:stone_axe":45,"minecraft:pink_petals":61,"minecraft:cherry_stairs":61,"minecraft:white_banner":2,"minecraft:bucket":146,"minecraft:pumpkin_pie":4,"minecraft:yellow_bed":13,"minecraft:gray_wool":1,"minecraft:birch_stairs":6},"minecraft:custom":{"minecraft:interact_with_crafting_table":397,"minecraft:open_barrel":85,"minecraft:bell_ring":55,"minecraft:eat_cake_slice":2,"minecraft:leave_game":31,"minecraft:time_since_death":224472,"minecraft:damage_blocked_by_shield":3607,"minecraft:play_time":2821284,"minecraft:deaths":16,"minecraft:jump":48220,"minecraft:interact_with_furnace":315,"minecraft:traded_with_villager":8,"minecraft:interact_with_cartography_table":2,"minecraft:sleep_in_bed":153,"minecraft:damage_dealt":88228,"minecraft:interact_with_smoker":4,"minecraft:interact_with_smithing_table":6,"minecraft:interact_with_anvil":9,"minecraft:sneak_time":188238,"minecraft:interact_with_blast_furnace":6,"minecraft:total_world_time":2821284,"minecraft:tune_noteblock":5,"minecraft:interact_with_stonecutter":23,"minecraft:time_since_rest":4923,"minecraft:swim_one_cm":1094641,"minecraft:fly_one_cm":8894193,"minecraft:open_chest":1355,"minecraft:fall_one_cm":804249,"minecraft:sprint_one_cm":12823609,"minecraft:drop":690,"minecraft:play_noteblock":1,"minecraft:talked_to_villager":300,"minecraft:walk_on_water_one_cm":297526,"minecraft:interact_with_loom":2,"minecraft:crouch_one_cm":604395,"minecraft:mob_kills":679,"minecraft:interact_with_campfire":33,"minecraft:climb_one_cm":68799,"minecraft:walk_one_cm":7989675,"minecraft:raid_win":2,"minecraft:strider_one_cm":312,"minecraft:walk_under_water_one_cm":320417,"minecraft:boat_one_cm":1372995,"minecraft:raid_trigger":2,"minecraft:pot_flower":3,"minecraft:damage_taken":25639,"minecraft:damage_absorbed":160,"minecraft:trigger_trapped_chest":1},"minecraft:mined":{"minecraft:dark_oak_planks":1,"minecraft:white_bed":21,"minecraft:pink_bed":4,"minecraft:cherry_log":882,"minecraft:jungle_leaves":2,"minecraft:granite":8,"minecraft:chiseled_polished_blackstone":1,"minecraft:coal_block":15,"minecraft:deepslate_tile_stairs":1,"minecraft:crimson_fungus":3,"minecraft:chiseled_stone_bricks":1,"minecraft:spawner":2,"minecraft:polished_blackstone_bricks":30,"minecraft:weeping_vines_plant":3,"minecraft:tall_seagrass":2,"minecraft:barrel":1,"minecraft:fire":121,"minecraft:cyan_wall_banner":1,"minecraft:moss_carpet":1,"minecraft:deepslate_lapis_ore":11,"minecraft:twisting_vines":3,"minecraft:cave_vines":1,"minecraft:dirt_path":4,"minecraft:small_amethyst_bud":1,"minecraft:quartz_slab":8,"minecraft:green_carpet":1,"minecraft:orange_bed":6,"minecraft:potted_brown_mushroom":1,"minecraft:red_bed":1,"minecraft:crimson_nylium":11,"minecraft:soul_fire":78,"minecraft:piglin_head":5,"minecraft:powder_snow":107,"minecraft:torch":42,"minecraft:note_block":1,"minecraft:melon":14,"minecraft:white_candle":6,"minecraft:cyan_bed":30,"minecraft:sugar_cane":2,"minecraft:crimson_stairs":3,"minecraft:amethyst_block":23,"minecraft:cherry_slab":44,"minecraft:skeleton_skull":2,"minecraft:cyan_wool":2,"minecraft:cherry_fence":21,"variantcraftingtables:cherry_crafting_table":2,"minecraft:wheat":43,"minecraft:lilac":1,"minecraft:jukebox":2,"minecraft:warped_fungus":4,"minecraft:prismarine_brick_stairs":1,"minecraft:oak_fence_gate":1,"minecraft:smooth_basalt":4,"minecraft:deepslate":109,"minecraft:dark_prismarine":9,"minecraft:dark_oak_log":12,"minecraft:cherry_sapling":6,"minecraft:stripped_birch_log":1,"minecraft:sea_lantern":1,"minecraft:dark_oak_fence":12,"minecraft:spruce_fence":1,"minecraft:crimson_roots":12,"minecraft:redstone_wire":28,"minecraft:moss_block":11,"minecraft:redstone_ore":4,"minecraft:andesite":6,"minecraft:vine":42,"minecraft:warped_stem":3,"minecraft:cherry_fence_gate":29,"minecraft:bone_block":129,"minecraft:white_wool":1,"minecraft:smithing_table":2,"minecraft:oak_slab":3,"minecraft:birch_stairs":6,"minecraft:glass_pane":8,"minecraft:cherry_planks":140,"minecraft:soul_sand":68,"lolmcv:cherry_chest":3,"minecraft:short_grass":393,"minecraft:crimson_slab":22,"minecraft:campfire":5,"minecraft:tall_grass":24,"minecraft:copper_ore":6,"minecraft:deepslate_gold_ore":5,"minecraft:diorite":7,"beautify:lamp_jar":8,"minecraft:warped_wart_block":3,"minecraft:cobblestone_wall":3,"minecraft:prismarine_brick_slab":2,"minecraft:birch_leaves":15,"minecraft:quartz_pillar":1,"minecraft:dark_prismarine_slab":1,"minecraft:pink_stained_glass_pane":1,"minecraft:gravel":52,"minecraft:dripstone_block":2,"minecraft:cobweb":83,"minecraft:stone_bricks":16,"travelersbackpack:cake":3,"minecraft:fern":4,"minecraft:large_amethyst_bud":2,"minecraft:spruce_planks":2,"minecraft:warped_fence_gate":1,"minecraft:sculk_vein":2,"minecraft:cobblestone_stairs":1,"minecraft:cherry_trapdoor":47,"minecraft:cave_vines_plant":1,"minecraft:budding_amethyst":4,"minecraft:grass_block":2599,"minecraft:cracked_polished_blackstone_bricks":2,"minecraft:soul_soil":28,"minecraft:sandstone_stairs":1,"minecraft:gilded_blackstone":1,"minecraft:glowstone":124,"minecraft:iron_ore":130,"additionallanterns:pink_normal_lantern":1,"minecraft:pointed_dripstone":11,"minecraft:flowering_azalea_leaves":1,"minecraft:iron_bars":9,"minecraft:azalea":1,"minecraft:deepslate_redstone_ore":19,"minecraft:quartz_block":7,"minecraft:blackstone":14,"minecraft:twisting_vines_plant":3,"minecraft:melon_stem":1,"minecraft:chiseled_quartz_block":2,"minecraft:calcite":6,"minecraft:poppy":1,"minecraft:chest":9,"minecraft:nether_quartz_ore":981,"minecraft:cobblestone":56,"minecraft:oak_planks":45,"minecraft:iron_door":1,"minecraft:wall_torch":52,"minecraft:pink_petals":971,"minecraft:seagrass":1,"minecraft:stone_stairs":5,"minecraft:warped_nylium":23,"minecraft:nether_wart_block":38,"minecraft:birch_log":54,"minecraft:cherry_door":5,"minecraft:smooth_stone_slab":28,"minecraft:oak_log":19,"minecraft:sand":233,"minecraft:dirt":1995,"minecraft:crimson_planks":106,"minecraft:netherrack":4724,"minecraft:oak_leaves":39,"minecraft:redstone_lamp":6,"minecraft:nether_gold_ore":56,"minecraft:diamond_ore":6,"minecraft:quartz_stairs":33,"minecraft:dark_oak_leaves":18,"minecraft:deepslate_diamond_ore":7,"minecraft:oak_door":1,"minecraft:stripped_cherry_log":70,"minecraft:lever":4,"minecraft:glow_lichen":1,"minecraft:ladder":14,"minecraft:decorated_pot":90,"travelersbackpack:white_sleeping_bag":16,"minecraft:birch_slab":5,"minecraft:spruce_leaves":11,"minecraft:infested_chiseled_stone_bricks":1,"minecraft:crimson_stem":65,"minecraft:hay_block":46,"minecraft:spore_blossom":3,"minecraft:potted_dark_oak_sapling":1,"minecraft:furnace":23,"minecraft:carrots":1,"minecraft:polished_basalt":1,"minecraft:gold_block":6,"minecraft:potted_cherry_sapling":4,"minecraft:bookshelf":13,"minecraft:deepslate_iron_ore":13,"minecraft:shroomlight":5,"minecraft:lantern":59,"minecraft:stone":1687,"minecraft:cherry_stairs":26,"minecraft:stripped_dark_oak_log":2,"minecraft:basalt":17,"minecraft:warped_fence":1,"travelersbackpack:standard":27,"minecraft:crafting_table":20,"minecraft:lectern":137,"minecraft:quartz_bricks":30,"minecraft:sculk":8,"minecraft:prismarine_bricks":4,"minecraft:birch_planks":3,"minecraft:redstone_torch":3,"minecraft:sweet_berry_bush":1,"minecraft:yellow_bed":15,"minecraft:coal_ore":308,"minecraft:cocoa":3,"minecraft:cherry_leaves":282,"minecraft:cracked_stone_bricks":7,"minecraft:polished_andesite":3,"minecraft:mossy_stone_bricks":4,"minecraft:crimson_fence":2},"minecraft:killed":{"minecraft:skeleton":57,"minecraft:chicken":33,"minecraft:magma_cube":38,"minecraft:salmon":30,"livingthings:mantaray":10,"mutantmonsters:mutant_skeleton":1,"minecraft:pillager":77,"minecraft:goat":2,"tinyskeletons:baby_skeleton":2,"minecraft:zombie":67,"minecraft:cow":60,"minecraft:evoker":7,"minecraft:vindicator":32,"endermanoverhaul:crimson_forest_enderman":1,"minecraft:rabbit":1,"minecraft:ravager":1,"minecraft:enderman":4,"minecraft:witch":3,"minecraft:spider":23,"minecraft:silverfish":1,"minecraft:piglin_brute":1,"minecraft:piglin":1,"minecraft:pig":58,"minecraft:strider":1,"minecraft:creeper":24,"minecraft:sheep":99,"minecraft:ghast":5,"minecraft:vex":13,"endermanoverhaul:soulsand_valley_enderman":1,"minecraft:drowned":5,"minecraft:hoglin":7,"endermanoverhaul:spirit":2,"minecraft:wither_skeleton":1},"minecraft:dropped":{"minecraft:iron_sword":2,"minecraft:porkchop":4,"minecraft:lapis_lazuli":1,"minecraft:cooked_beef":9,"minecraft:glass_bottle":1,"minecraft:diamond":1,"minecraft:crafting_table":3,"minecraft:cooked_porkchop":36,"minecraft:weeping_vines":2,"minecraft:orange_tulip":1,"minecraft:cookie":8,"minecraft:crossbow":3,"minecraft:saddle":3,"minecraft:sentry_armor_trim_smithing_template":2,"minecraft:red_carpet":3,"minecraft:emerald":23,"minecraft:dirt":527,"minecraft:red_bed":4,"minecraft:dark_oak_fence":4,"minecraft:gold_nugget":24,"minecraft:wooden_sword":1,"minecraft:sand":2,"minecraft:iron_pickaxe":24,"travelersbackpack:backpack_tank":2,"minecraft:dark_oak_planks":11,"minecraft:white_wool":86,"minecraft:bone":48,"minecraft:goat_horn":1,"minecraft:sugar_cane":7,"minecraft:iron_nugget":1,"minecraft:pink_bed":1,"minecraft:golden_chestplate":4,"minecraft:cobbled_deepslate":6,"minecraft:wheat":72,"minecraft:rotten_flesh":39,"minecraft:oak_planks":1,"minecraft:white_bed":1,"minecraft:salmon":5,"minecraft:charcoal":16,"minecraft:quartz_block":94,"minecraft:leather_boots":1,"minecraft:leather_leggings":1,"minecraft:lectern":2,"minecraft:enchanted_book":2,"minecraft:golden_boots":2,"minecraft:iron_ingot":4,"minecraft:wheat_seeds":148,"minecraft:feather":11,"minecraft:dark_prismarine_slab":1,"minecraft:prismarine_crystals":2,"minecraft:iron_helmet":1,"minecraft:cobblestone":555,"minecraft:apple":13,"minecraft:coal":57,"minecraft:dried_kelp_block":1,"minecraft:gray_wool":2,"minecraft:golden_carrot":1,"minecraft:wooden_axe":1,"minecraft:cooked_salmon":24,"minecraft:cherry_planks":128,"minecraft:potion":2,"minecraft:oak_stairs":1,"minecraft:golden_hoe":1,"minecraft:white_banner":4,"minecraft:iron_shovel":26,"minecraft:string":42,"minecraft:spruce_sapling":1,"minecraft:furnace":8,"minecraft:player_head":2,"minecraft:stone_sword":4,"minecraft:cobblestone_wall":1,"minecraft:cocoa_beans":3,"minecraft:smooth_stone_slab":12,"minecraft:chicken":4,"minecraft:iron_boots":2,"minecraft:name_tag":3,"minecraft:oak_sign":1,"minecraft:diamond_sword":3,"minecraft:hay_block":1,"minecraft:potato":11,"minecraft:shroomlight":1,"minecraft:flower_pot":2,"minecraft:diamond_pickaxe":3,"minecraft:wooden_shovel":14,"minecraft:spider_eye":1,"minecraft:bow":1,"travelersbackpack:cake":4,"minecraft:dark_prismarine":11,"minecraft:black_wool":2,"mutantmonsters:mutant_skeleton_skull":1,"minecraft:soul_sand":38,"minecraft:brown_mushroom":2,"minecraft:oak_log":8,"minecraft:golden_pickaxe":7,"minecraft:baked_potato":11,"minecraft:dark_oak_sapling":1,"minecraft:decorated_pot":1,"minecraft:lantern":2,"minecraft:leather":14,"minecraft:prismarine_brick_stairs":2,"travelersbackpack:standard":2,"minecraft:birch_slab":6,"minecraft:flint":6,"minecraft:cherry_trapdoor":1,"minecraft:mutton":9,"minecraft:prismarine_brick_slab":1,"minecraft:pumpkin_pie":12,"minecraft:amethyst_shard":1,"minecraft:glistering_melon_slice":4,"minecraft:gold_ingot":83,"minecraft:gravel":49,"minecraft:blackstone":16,"minecraft:pointed_dripstone":18,"minecraft:cherry_sapling":172,"minecraft:beetroot":12,"minecraft:cooked_mutton":16,"minecraft:stone_stairs":2,"minecraft:honey_bottle":2,"minecraft:carrot":87,"minecraft:poppy":1,"variantcraftingtables:cherry_crafting_table":1,"minecraft:leather_chestplate":1,"minecraft:gunpowder":10,"minecraft:skeleton_skull":2,"minecraft:beetroot_seeds":2,"minecraft:iron_bars":4,"minecraft:prismarine_bricks":4,"minecraft:quartz":7,"minecraft:water_bucket":3,"minecraft:bread":201,"minecraft:golden_helmet":3,"minecraft:cherry_log":96,"minecraft:golden_axe":1,"minecraft:lead":1,"minecraft:amethyst_block":22,"minecraft:piglin_head":1,"minecraft:milk_bucket":6,"minecraft:diorite":1,"minecraft:torch":42,"minecraft:nether_wart_block":1,"minecraft:brown_wool":1,"minecraft:fire_charge":3,"minecraft:iron_leggings":4,"minecraft:crimson_fence":8,"minecraft:iron_axe":9,"minecraft:pink_petals":4598,"minecraft:bucket":16,"minecraft:dandelion":7,"minecraft:cherry_wood":6,"minecraft:raw_copper":12,"minecraft:raw_iron":3,"travelersbackpack:diamond_tier_upgrade":1,"minecraft:totem_of_undying":1,"minecraft:flint_and_steel":1,"minecraft:filled_map":1,"minecraft:shield":5,"minecraft:iron_chestplate":4,"minecraft:golden_leggings":2,"minecraft:golden_sword":1,"minecraft:stripped_cherry_log":1,"minecraft:stone_pickaxe":3,"minecraft:wooden_pickaxe":1,"minecraft:raw_gold":3,"minecraft:magma_cream":2,"minecraft:brick":19},"minecraft:picked_up":{"minecraft:wooden_axe":1,"minecraft:iron_chestplate":12,"minecraft:flower_pot":6,"minecraft:smithing_table":2,"minecraft:lead":3,"minecraft:diamond_sword":5,"minecraft:oak_stairs":5,"minecraft:enchanted_book":4,"minecraft:golden_sword":2,"minecraft:amethyst_block":22,"minecraft:string":142,"minecraft:soul_soil":33,"minecraft:cooked_salmon":27,"minecraft:shroomlight":5,"minecraft:beetroot":35,"minecraft:cherry_boat":2,"minecraft:gold_nugget":427,"minecraft:cobbled_deepslate":109,"minecraft:crimson_fence":8,"minecraft:spruce_planks":2,"minecraft:melon_slice":179,"minecraft:coal_block":15,"minecraft:golden_helmet":4,"minecraft:jukebox":4,"minecraft:golden_axe":1,"minecraft:cherry_log":1140,"minecraft:deepslate_tile_stairs":1,"minecraft:golden_chestplate":3,"minecraft:orange_bed":5,"minecraft:stone_sword":3,"minecraft:honey_bottle":2,"minecraft:polished_basalt":2,"minecraft:glowstone":1,"minecraft:iron_bars":16,"minecraft:birch_log":73,"minecraft:feather":43,"minecraft:cooked_beef":49,"minecraft:birch_slab":7,"minecraft:iron_door":1,"minecraft:cherry_leaves":213,"minecraft:water_bucket":25,"minecraft:brown_wool":4,"minecraft:flint":24,"minecraft:cherry_fence":21,"minecraft:map":4,"minecraft:cherry_door":6,"minecraft:lantern":186,"minecraft:rabbit":1,"minecraft:glowstone_dust":470,"minecraft:chiseled_polished_blackstone":1,"minecraft:warped_wart_block":3,"minecraft:dark_oak_log":10,"minecraft:barrel":2,"minecraft:quartz_bricks":32,"minecraft:polished_andesite":3,"minecraft:white_candle":53,"minecraft:lever":4,"minecraft:granite":8,"minecraft:bread":567,"minecraft:cherry_slab":51,"minecraft:dark_oak_fence":10,"minecraft:crimson_roots":11,"minecraft:diamond_pickaxe":4,"minecraft:crafting_table":20,"minecraft:redstone_lamp":6,"minecraft:leather_leggings":2,"minecraft:stripped_cherry_log":71,"variantcraftingtables:cherry_crafting_table":3,"minecraft:red_bed":7,"beautify:lamp_jar":8,"minecraft:flint_and_steel":11,"minecraft:iron_shovel":8,"minecraft:cracked_stone_bricks":6,"minecraft:beef":120,"minecraft:cyan_wool":1,"minecraft:iron_nugget":162,"minecraft:poppy":2,"minecraft:quartz_stairs":33,"minecraft:chest":8,"minecraft:birch_sapling":3,"minecraft:cherry_button":6,"minecraft:egg":13,"minecraft:stone":64,"minecraft:oak_door":1,"minecraft:spruce_fence":1,"minecraft:fire_charge":4,"minecraft:carrot":113,"minecraft:redstone":205,"minecraft:prismarine_crystals":2,"minecraft:cooked_cod":3,"minecraft:beetroot_seeds":2,"minecraft:decorated_pot":79,"minecraft:hay_block":64,"minecraft:sandstone_stairs":1,"minecraft:gold_ingot":278,"minecraft:totem_of_undying":11,"minecraft:mutton":187,"minecraft:rail":3,"minecraft:white_wool":158,"minecraft:bone_block":120,"minecraft:crimson_slab":23,"minecraft:clock":8,"minecraft:filled_map":32,"minecraft:oak_log":28,"minecraft:golden_boots":12,"mutantmonsters:mutant_skeleton_limb":7,"minecraft:white_banner":6,"minecraft:apple":6,"minecraft:stone_bricks":17,"travelersbackpack:cake":6,"minecraft:kelp":1,"minecraft:spore_blossom":4,"minecraft:cobweb":1,"minecraft:cherry_sign":1,"minecraft:glass_bottle":8,"minecraft:iron_sword":13,"minecraft:dark_oak_stairs":1,"minecraft:prismarine_brick_stairs":2,"minecraft:dark_oak_slab":2,"minecraft:smooth_basalt":6,"minecraft:milk_bucket":4,"minecraft:gravel":127,"minecraft:crimson_stairs":3,"minecraft:birch_stairs":6,"minecraft:spruce_sapling":2,"minecraft:crying_obsidian":20,"travelersbackpack:standard":28,"minecraft:diamond_axe":1,"minecraft:gray_wool":4,"minecraft:lodestone":1,"minecraft:baked_potato":114,"minecraft:stripped_dark_oak_log":2,"minecraft:ender_pearl":4,"minecraft:wheat":156,"minecraft:sentry_armor_trim_smithing_template":2,"minecraft:potion":14,"minecraft:nether_brick":10,"minecraft:stone_brick_stairs":1,"minecraft:crimson_planks":104,"minecraft:raw_copper":27,"mutantmonsters:mutant_skeleton_skull":1,"minecraft:smooth_stone_slab":25,"minecraft:iron_leggings":5,"minecraft:armor_stand":3,"minecraft:oak_sign":1,"minecraft:bucket":28,"minecraft:redstone_torch":4,"minecraft:ender_eye":6,"minecraft:calcite":11,"minecraft:wooden_shovel":11,"minecraft:iron_pickaxe":12,"minecraft:iron_boots":10,"minecraft:furnace":22,"minecraft:stick":238,"minecraft:oak_fence":8,"minecraft:torch":702,"travelersbackpack:diamond_tier_upgrade":2,"minecraft:porkchop":179,"minecraft:pointed_dripstone":31,"minecraft:diorite":3,"minecraft:goat_horn":1,"additionallanterns:pink_normal_lantern":1,"minecraft:quartz_block":308,"minecraft:rotten_flesh":88,"mutantmonsters:mutant_skeleton_shoulder_pad":2,"minecraft:obsidian":6,"minecraft:cod":32,"minecraft:cobblestone":2205,"minecraft:pink_petals":4392,"minecraft:leather_chestplate":1,"minecraft:magma_cream":4,"minecraft:cherry_planks":168,"minecraft:andesite":5,"minecraft:golden_leggings":3,"minecraft:chiseled_quartz_block":2,"minecraft:potato":5,"minecraft:prismarine_bricks":4,"minecraft:lapis_lazuli":90,"minecraft:dirt":4889,"minecraft:stripped_birch_log":1,"minecraft:name_tag":14,"minecraft:leather_boots":3,"minecraft:glass":22,"minecraft:bone":103,"travelersbackpack:backpack_tank":2,"minecraft:bow":9,"minecraft:orange_tulip":1,"minecraft:wheat_seeds":225,"minecraft:raw_gold":23,"minecraft:light_blue_dye":2,"minecraft:mossy_stone_bricks":3,"minecraft:oak_planks":134,"minecraft:ghast_tear":1,"minecraft:cooked_porkchop":164,"minecraft:sand":283,"endermanoverhaul:soul_pearl":2,"minecraft:warped_fence_gate":1,"minecraft:cyan_bed":31,"minecraft:spectral_arrow":54,"minecraft:dark_prismarine":11,"travelersbackpack:white_sleeping_bag":1,"minecraft:dark_prismarine_slab":1,"minecraft:diamond":37,"minecraft:cracked_polished_blackstone_bricks":2,"minecraft:crossbow":18,"minecraft:bone_meal":1,"minecraft:golden_apple":3,"minecraft:emerald":91,"minecraft:netherrack":5394,"minecraft:charcoal":26,"minecraft:cocoa_beans":3,"minecraft:splash_potion":1,"minecraft:chicken":44,"minecraft:ladder":10,"minecraft:brown_mushroom":2,"minecraft:gold_block":8,"minecraft:brick":124,"minecraft:shield":14,"minecraft:stone_stairs":2,"minecraft:iron_axe":18,"minecraft:quartz_slab":8,"minecraft:warped_fence":1,"minecraft:blackstone":70,"minecraft:oak_boat":20,"minecraft:player_head":4,"minecraft:light_gray_wool":3,"minecraft:lectern":135,"minecraft:sugar_cane":37,"minecraft:cherry_trapdoor":58,"minecraft:dark_oak_sapling":5,"minecraft:raw_iron":190,"minecraft:cherry_stairs":26,"minecraft:polished_blackstone_bricks":19,"minecraft:quartz_pillar":1,"minecraft:cookie":16,"minecraft:dark_oak_planks":16,"minecraft:cherry_fence_gate":29,"minecraft:arrow":308,"minecraft:weeping_vines":10,"minecraft:golden_hoe":4,"mutantmonsters:mutant_skeleton_rib":4,"minecraft:saddle":4,"minecraft:skeleton_skull":3,"minecraft:basalt":27,"minecraft:golden_carrot":9,"minecraft:crimson_stem":95,"minecraft:glow_ink_sac":2,"minecraft:salmon":33,"minecraft:leather":64,"minecraft:birch_planks":7,"minecraft:crimson_fungus":6,"minecraft:gunpowder":31,"minecraft:yellow_bed":13,"minecraft:nether_wart_block":49,"minecraft:cobblestone_wall":1,"minecraft:cobblestone_stairs":1,"minecraft:piglin_head":6,"lolmcv:cherry_chest":4,"minecraft:cooked_mutton":74,"minecraft:coast_armor_trim_smithing_template":2,"minecraft:red_carpet":6,"minecraft:iron_ingot":82,"minecraft:cooked_chicken":3,"minecraft:prismarine_brick_slab":1,"minecraft:soul_sand":75,"minecraft:book":86,"minecraft:oak_slab":5,"minecraft:pink_bed":4,"minecraft:warped_fungus":5,"minecraft:quartz":2769,"minecraft:dandelion":7,"minecraft:dripstone_block":2,"minecraft:amethyst_shard":3,"minecraft:white_bed":22,"minecraft:green_carpet":1,"minecraft:spider_eye":2,"minecraft:dried_kelp_block":1,"minecraft:iron_helmet":9,"minecraft:cherry_sapling":294,"minecraft:black_wool":3,"minecraft:coal":939},"minecraft:crafted":{"travelersbackpack:crafting_upgrade":1,"minecraft:chain":13,"minecraft:birch_slab":6,"minecraft:lever":1,"minecraft:bookshelf":4,"minecraft:cooked_mutton":54,"minecraft:glass":88,"minecraft:quartz_block":780,"minecraft:chiseled_quartz_block":2,"lolmcv:cherry_chest":2,"minecraft:pink_stained_glass":8,"minecraft:golden_axe":6,"minecraft:glass_bottle":3,"minecraft:redstone_lamp":22,"minecraft:wooden_shovel":8,"minecraft:cooked_porkchop":63,"minecraft:diamond_axe":1,"travelersbackpack:standard":2,"minecraft:golden_pickaxe":14,"minecraft:campfire":2,"additionallanterns:pink_normal_lantern":6,"minecraft:lectern":4,"minecraft:golden_leggings":1,"minecraft:compass":1,"minecraft:iron_pickaxe":45,"minecraft:iron_block":3,"minecraft:gold_ingot":94,"minecraft:birch_stairs":8,"minecraft:iron_nugget":27,"minecraft:bone_meal":3,"minecraft:pink_dye":16,"travelersbackpack:blank_upgrade":4,"travelersbackpack:gold_tier_upgrade":1,"minecraft:cherry_trapdoor":84,"travelersbackpack:cake":5,"cookingforblockheads:milk_jar":1,"travelersbackpack:white_sleeping_bag":2,"minecraft:cherry_stairs":40,"minecraft:stone_pickaxe":5,"minecraft:quartz_slab":34,"minecraft:dark_oak_planks":52,"minecraft:golden_helmet":4,"minecraft:wheat":405,"minecraft:crimson_slab":18,"minecraft:glowstone":42,"minecraft:enchanted_book":8,"minecraft:crimson_stairs":28,"minecraft:wooden_axe":2,"minecraft:oak_stairs":4,"minecraft:iron_shovel":37,"minecraft:iron_leggings":3,"minecraft:white_bed":2,"minecraft:oak_planks":64,"minecraft:barrel":4,"minecraft:cherry_slab":48,"minecraft:quartz_bricks":4,"minecraft:cherry_boat":2,"beautify:lamp_jar":2,"minecraft:quartz_pillar":1,"minecraft:bow":1,"minecraft:iron_boots":4,"minecraft:chest":13,"variantcraftingtables:cherry_crafting_table":4,"minecraft:cherry_fence":30,"minecraft:golden_boots":2,"minecraft:smoker":1,"minecraft:quartz_stairs":21,"minecraft:oak_slab":6,"travelersbackpack:iron_tier_upgrade":1,"minecraft:crafting_table":3,"minecraft:baked_potato":19,"minecraft:iron_helmet":3,"minecraft:wooden_pickaxe":2,"minecraft:cherry_button":17,"minecraft:birch_planks":232,"minecraft:iron_chestplate":4,"minecraft:diamond_pickaxe":4,"minecraft:shield":4,"minecraft:stick":768,"minecraft:iron_ingot":296,"minecraft:stone_sword":2,"minecraft:redstone_torch":1,"minecraft:shears":1,"minecraft:cherry_planks":1200,"minecraft:wooden_sword":2,"minecraft:coal":144,"minecraft:leather_boots":1,"minecraft:golden_chestplate":1,"minecraft:furnace":1,"minecraft:glass_pane":48,"minecraft:iron_axe":10,"travelersbackpack:diamond_tier_upgrade":1,"minecraft:cherry_fence_gate":14,"minecraft:cooked_beef":85,"minecraft:sugar":2,"minecraft:cooked_cod":54,"minecraft:crimson_planks":232,"minecraft:diamond_sword":2,"travelersbackpack:backpack_tank":6,"minecraft:iron_sword":3,"minecraft:cooked_salmon":165,"minecraft:bucket":6,"minecraft:stone_axe":1,"minecraft:air":0,"minecraft:bread":142,"minecraft:oak_boat":2,"minecraft:pink_stained_glass_pane":40,"minecraft:cherry_door":9,"minecraft:stonecutter":2,"minecraft:anvil":1,"minecraft:torch":2268}},"DataVersion":3700}