{"stats":{"minecraft:broken":{"minecraft:wooden_shovel":3,"minecraft:stone_pickaxe":1,"minecraft:wooden_axe":2,"minecraft:golden_axe":1},"minecraft:custom":{"minecraft:interact_with_crafting_table":62,"minecraft:open_barrel":10,"minecraft:bell_ring":45,"minecraft:leave_game":8,"minecraft:time_since_death":48224,"minecraft:sprint_one_cm":2019779,"minecraft:damage_blocked_by_shield":165,"minecraft:drop":120,"minecraft:play_noteblock":1,"minecraft:talked_to_villager":13,"minecraft:play_time":385924,"minecraft:deaths":5,"minecraft:jump":7120,"minecraft:walk_on_water_one_cm":87632,"minecraft:interact_with_furnace":79,"minecraft:sleep_in_bed":19,"minecraft:damage_dealt":16576,"minecraft:crouch_one_cm":16109,"minecraft:interact_with_smithing_table":1,"minecraft:mob_kills":155,"minecraft:interact_with_campfire":32,"minecraft:climb_one_cm":21190,"minecraft:walk_one_cm":963145,"minecraft:raid_win":1,"minecraft:sneak_time":9546,"minecraft:walk_under_water_one_cm":40423,"minecraft:interact_with_blast_furnace":2,"minecraft:total_world_time":385924,"minecraft:raid_trigger":1,"minecraft:time_since_rest":3077,"minecraft:damage_taken":4253,"minecraft:swim_one_cm":545389,"minecraft:fly_one_cm":1394831,"minecraft:open_chest":168,"minecraft:fall_one_cm":113028},"minecraft:used":{"minecraft:chest":1,"minecraft:shield":6,"minecraft:iron_sword":169,"minecraft:rotten_flesh":2,"minecraft:mutton":7,"minecraft:iron_helmet":1,"minecraft:stone_bricks":1,"minecraft:furnace":1,"minecraft:egg":3,"minecraft:mossy_stone_bricks":2,"minecraft:stone_pickaxe":180,"minecraft:wooden_pickaxe":21,"minecraft:crossbow":22,"minecraft:bread":33,"minecraft:wooden_sword":3,"minecraft:andesite":4,"minecraft:stone_sword":137,"minecraft:flint_and_steel":44,"minecraft:armor_stand":1,"minecraft:wooden_shovel":197,"minecraft:cooked_salmon":8,"minecraft:cooked_chicken":3,"minecraft:torch":45,"minecraft:dirt":275,"minecraft:wooden_axe":92,"minecraft:iron_axe":5,"minecraft:beef":5,"minecraft:cooked_beef":15,"minecraft:cobbled_deepslate":1,"minecraft:golden_axe":42,"minecraft:cooked_mutton":16,"minecraft:water_bucket":4,"minecraft:sandstone_stairs":1,"minecraft:birch_planks":63,"minecraft:cracked_stone_bricks":1,"minecraft:salmon":1,"minecraft:crafting_table":11,"minecraft:white_bed":20,"minecraft:campfire":2,"minecraft:apple":6,"minecraft:chicken":2,"minecraft:iron_pickaxe":55,"travelersbackpack:white_sleeping_bag":1,"minecraft:golden_leggings":1,"minecraft:stone_axe":45,"minecraft:cobblestone":4,"travelersbackpack:standard":9,"minecraft:porkchop":4,"minecraft:white_banner":1,"minecraft:cooked_porkchop":10,"minecraft:bucket":10,"minecraft:yellow_bed":1},"minecraft:mined":{"minecraft:dark_oak_planks":1,"minecraft:white_bed":20,"minecraft:warped_fence_gate":1,"minecraft:jungle_leaves":2,"minecraft:grass_block":168,"minecraft:coal_block":1,"minecraft:deepslate_tile_stairs":1,"minecraft:spawner":1,"minecraft:sandstone_stairs":1,"minecraft:tall_seagrass":2,"minecraft:iron_ore":9,"minecraft:fire":13,"minecraft:cyan_wall_banner":1,"minecraft:red_bed":1,"minecraft:note_block":1,"minecraft:poppy":1,"minecraft:melon":14,"minecraft:chest":1,"minecraft:cobblestone":25,"minecraft:sugar_cane":2,"minecraft:wall_torch":1,"minecraft:birch_log":48,"minecraft:wheat":14,"minecraft:jukebox":2,"minecraft:smooth_stone_slab":26,"minecraft:prismarine_brick_stairs":1,"minecraft:oak_log":5,"minecraft:sand":52,"minecraft:dirt":61,"minecraft:oak_leaves":13,"minecraft:deepslate":1,"minecraft:dark_prismarine":9,"minecraft:diamond_ore":1,"minecraft:sea_lantern":1,"minecraft:glow_lichen":1,"minecraft:spruce_fence":1,"minecraft:decorated_pot":45,"travelersbackpack:white_sleeping_bag":3,"minecraft:infested_chiseled_stone_bricks":1,"minecraft:hay_block":43,"minecraft:furnace":8,"minecraft:andesite":4,"minecraft:gold_block":1,"minecraft:bookshelf":6,"minecraft:vine":19,"minecraft:lantern":50,"minecraft:stone":42,"minecraft:smithing_table":1,"minecraft:warped_fence":1,"travelersbackpack:standard":3,"minecraft:crafting_table":12,"minecraft:short_grass":49,"minecraft:campfire":5,"minecraft:copper_ore":3,"minecraft:tall_grass":12,"minecraft:diorite":3,"minecraft:prismarine_bricks":4,"minecraft:birch_planks":1,"minecraft:prismarine_brick_slab":2,"minecraft:birch_leaves":11,"minecraft:dark_prismarine_slab":1,"minecraft:yellow_bed":2,"minecraft:coal_ore":21,"minecraft:cocoa":3,"minecraft:cherry_leaves":84,"minecraft:cobweb":2,"minecraft:cracked_stone_bricks":3,"minecraft:stone_bricks":1,"minecraft:mossy_stone_bricks":3,"minecraft:fern":4},"minecraft:picked_up":{"minecraft:wooden_axe":1,"minecraft:wheat":15,"minecraft:sentry_armor_trim_smithing_template":2,"minecraft:smithing_table":1,"minecraft:potion":1,"minecraft:stone_brick_stairs":1,"minecraft:string":7,"minecraft:raw_copper":12,"minecraft:cooked_salmon":16,"minecraft:smooth_stone_slab":21,"minecraft:armor_stand":2,"minecraft:beetroot":5,"minecraft:cobbled_deepslate":1,"minecraft:wooden_shovel":11,"minecraft:melon_slice":74,"minecraft:furnace":7,"minecraft:stick":5,"minecraft:jukebox":2,"minecraft:torch":21,"minecraft:porkchop":60,"minecraft:golden_axe":1,"minecraft:deepslate_tile_stairs":1,"minecraft:stone_sword":1,"minecraft:honey_bottle":1,"minecraft:rotten_flesh":19,"minecraft:cobblestone":78,"minecraft:birch_log":67,"minecraft:cooked_beef":36,"minecraft:feather":15,"minecraft:andesite":4,"minecraft:brown_wool":2,"minecraft:golden_leggings":1,"minecraft:flint":6,"minecraft:prismarine_bricks":4,"minecraft:dirt":305,"minecraft:lantern":51,"minecraft:name_tag":3,"minecraft:bone":19,"minecraft:glass":20,"travelersbackpack:backpack_tank":2,"minecraft:bow":1,"minecraft:orange_tulip":1,"minecraft:wheat_seeds":58,"minecraft:raw_gold":10,"minecraft:mossy_stone_bricks":2,"minecraft:cooked_porkchop":10,"minecraft:sand":44,"minecraft:warped_fence_gate":1,"minecraft:barrel":1,"minecraft:dark_prismarine":11,"travelersbackpack:white_sleeping_bag":1,"minecraft:dark_prismarine_slab":1,"minecraft:diamond":1,"minecraft:crossbow":4,"minecraft:bone_meal":1,"minecraft:bread":106,"minecraft:emerald":9,"minecraft:dark_oak_fence":1,"minecraft:cocoa_beans":3,"minecraft:charcoal":26,"minecraft:crafting_table":11,"minecraft:chicken":12,"minecraft:gold_block":1,"minecraft:brick":27,"minecraft:shield":2,"minecraft:iron_axe":1,"minecraft:warped_fence":1,"minecraft:cracked_stone_bricks":2,"minecraft:beef":37,"minecraft:player_head":1,"minecraft:poppy":2,"minecraft:light_gray_wool":2,"minecraft:sugar_cane":5,"minecraft:chest":1,"minecraft:birch_sapling":3,"minecraft:egg":12,"minecraft:raw_iron":16,"minecraft:spruce_fence":1,"minecraft:carrot":1,"minecraft:prismarine_crystals":2,"minecraft:dark_oak_planks":1,"minecraft:arrow":46,"minecraft:decorated_pot":32,"minecraft:hay_block":49,"minecraft:sandstone_stairs":1,"minecraft:saddle":2,"minecraft:gold_ingot":14,"minecraft:mutton":51,"minecraft:white_wool":118,"minecraft:salmon":18,"minecraft:leather":20,"minecraft:birch_planks":5,"minecraft:filled_map":1,"minecraft:oak_log":5,"minecraft:yellow_bed":1,"minecraft:white_banner":1,"minecraft:cooked_mutton":8,"minecraft:apple":5,"minecraft:stone_bricks":3,"minecraft:iron_ingot":11,"minecraft:cooked_chicken":3,"minecraft:cobweb":1,"minecraft:prismarine_brick_slab":1,"minecraft:iron_sword":2,"minecraft:book":18,"minecraft:prismarine_brick_stairs":2,"minecraft:quartz":2,"minecraft:white_bed":21,"travelersbackpack:standard":5,"minecraft:cherry_sapling":2,"minecraft:gray_wool":1,"minecraft:lodestone":1,"minecraft:baked_potato":11,"minecraft:coal":62},"minecraft:killed_by":{"minecraft:vindicator":1,"minecraft:spider":1,"midnightlurker:midnight_lurker_unprovoked":3},"minecraft:dropped":{"minecraft:porkchop":3,"minecraft:cooked_beef":9,"minecraft:baked_potato":11,"minecraft:diamond":1,"minecraft:crafting_table":1,"minecraft:cooked_porkchop":5,"minecraft:orange_tulip":1,"minecraft:crossbow":1,"minecraft:lantern":1,"minecraft:prismarine_brick_stairs":2,"minecraft:saddle":1,"travelersbackpack:standard":2,"minecraft:sentry_armor_trim_smithing_template":2,"minecraft:emerald":10,"minecraft:mutton":5,"minecraft:prismarine_brick_slab":1,"minecraft:wooden_sword":1,"minecraft:pumpkin_pie":1,"travelersbackpack:backpack_tank":2,"minecraft:white_wool":62,"minecraft:gold_ingot":4,"minecraft:cherry_sapling":2,"minecraft:rotten_flesh":1,"minecraft:cooked_mutton":16,"minecraft:honey_bottle":1,"minecraft:white_bed":1,"minecraft:salmon":5,"minecraft:carrot":40,"minecraft:poppy":1,"minecraft:charcoal":16,"minecraft:prismarine_bricks":4,"minecraft:quartz":7,"minecraft:bread":83,"minecraft:iron_ingot":4,"minecraft:wheat_seeds":47,"minecraft:feather":11,"minecraft:dark_prismarine_slab":1,"minecraft:prismarine_crystals":2,"minecraft:apple":13,"minecraft:coal":18,"minecraft:gray_wool":1,"minecraft:torch":20,"minecraft:wooden_axe":1,"minecraft:cooked_salmon":8,"minecraft:furnace":7,"minecraft:stone_sword":2,"minecraft:raw_copper":12,"minecraft:cocoa_beans":3,"minecraft:smooth_stone_slab":12,"minecraft:raw_iron":3,"minecraft:chicken":3,"minecraft:potato":11,"minecraft:shield":3,"minecraft:golden_leggings":1,"minecraft:wooden_shovel":14,"minecraft:stone_pickaxe":2,"minecraft:wooden_pickaxe":1,"minecraft:raw_gold":3,"travelersbackpack:cake":1,"minecraft:dark_prismarine":11,"minecraft:brick":11},"minecraft:killed":{"minecraft:spider":1,"minecraft:skeleton":3,"minecraft:chicken":13,"minecraft:silverfish":1,"minecraft:pig":31,"minecraft:salmon":20,"minecraft:creeper":1,"minecraft:sheep":34,"minecraft:pillager":13,"minecraft:zombie":7,"minecraft:cow":23,"minecraft:vindicator":3,"minecraft:drowned":1},"minecraft:crafted":{"minecraft:oak_planks":12,"minecraft:cooked_mutton":24,"minecraft:glass":24,"minecraft:chest":2,"minecraft:wooden_shovel":8,"minecraft:cooked_porkchop":5,"minecraft:crafting_table":3,"minecraft:wooden_pickaxe":2,"travelersbackpack:standard":2,"minecraft:birch_planks":212,"minecraft:campfire":2,"minecraft:shield":3,"minecraft:stick":56,"minecraft:iron_ingot":14,"minecraft:iron_pickaxe":1,"minecraft:stone_sword":2,"minecraft:gold_ingot":3,"minecraft:wooden_sword":2,"minecraft:furnace":1,"minecraft:bone_meal":3,"travelersbackpack:cake":1,"travelersbackpack:white_sleeping_bag":2,"minecraft:stone_pickaxe":3,"minecraft:wheat":252,"minecraft:cooked_beef":46,"minecraft:sugar":2,"travelersbackpack:backpack_tank":4,"minecraft:bucket":2,"minecraft:stone_axe":1,"minecraft:bread":73,"minecraft:air":0,"minecraft:wooden_axe":2,"minecraft:white_bed":2,"minecraft:torch":64}},"DataVersion":3700}