{"stats":{"minecraft:broken":{"minecraft:stone_sword":1,"minecraft:stone_axe":1,"minecraft:wooden_axe":1},"minecraft:used":{"minecraft:stone_sword":137,"minecraft:birch_planks":3,"minecraft:stone_pickaxe":100,"minecraft:wooden_pickaxe":45,"minecraft:cooked_chicken":5,"minecraft:torch":10,"minecraft:crafting_table":3,"minecraft:wooden_axe":117,"minecraft:birch_sapling":12,"minecraft:stone_axe":131,"minecraft:wooden_sword":7,"minecraft:bow":8,"minecraft:cooked_cod":1,"minecraft:furnace":4,"minecraft:cooked_porkchop":6,"minecraft:birch_log":2,"minecraft:cooked_beef":2},"minecraft:crafted":{"minecraft:cooked_beef":2,"minecraft:wooden_sword":2,"minecraft:cooked_cod":1,"minecraft:cooked_porkchop":6,"minecraft:crafting_table":1,"minecraft:wooden_pickaxe":1,"minecraft:cooked_chicken":9,"minecraft:furnace":1,"minecraft:birch_planks":68,"minecraft:stone_axe":2,"minecraft:air":0,"minecraft:stick":48,"minecraft:stone_pickaxe":1,"minecraft:wooden_axe":6,"minecraft:stone_sword":2,"minecraft:torch":44},"minecraft:killed_by":{"minecraft:zombie":1},"minecraft:killed":{"minecraft:pig":8,"minecraft:zombie_villager":1,"minecraft:spider":2,"minecraft:cod":1,"minecraft:creeper":3,"minecraft:sheep":8,"minecraft:skeleton":5,"minecraft:zombie":8,"minecraft:chicken":19,"minecraft:cow":7},"minecraft:mined":{"minecraft:dark_oak_leaves":3,"minecraft:lily_of_the_valley":1,"minecraft:dark_oak_log":130,"minecraft:crafting_table":3,"minecraft:short_grass":5,"minecraft:tall_grass":5,"minecraft:copper_ore":31,"minecraft:furnace":3,"minecraft:birch_log":85,"minecraft:iron_ore":11,"minecraft:birch_leaves":5,"minecraft:pumpkin":7,"minecraft:coal_ore":45,"minecraft:stone":55,"minecraft:oak_leaves":5},"minecraft:picked_up":{"minecraft:wooden_axe":1,"minecraft:birch_log":158,"minecraft:crafting_table":3,"minecraft:feather":18,"minecraft:chicken":16,"minecraft:leather":2,"minecraft:birch_planks":22,"minecraft:gunpowder":1,"minecraft:dirt":13,"minecraft:raw_copper":106,"minecraft:wooden_sword":1,"minecraft:bone":7,"minecraft:bow":1,"minecraft:wheat_seeds":4,"minecraft:beef":23,"minecraft:light_gray_wool":1,"minecraft:birch_sapling":14,"minecraft:egg":8,"minecraft:furnace":3,"minecraft:dark_oak_sapling":3,"minecraft:raw_iron":11,"minecraft:stick":4,"minecraft:pumpkin":3,"minecraft:porkchop":14,"minecraft:dark_oak_log":129,"minecraft:spider_eye":1,"minecraft:arrow":8,"minecraft:rotten_flesh":5,"minecraft:stone_axe":1,"minecraft:black_wool":1,"minecraft:mutton":12,"minecraft:cod":1,"minecraft:coal":85,"minecraft:white_wool":5,"minecraft:cobblestone":55},"minecraft:dropped":{"minecraft:stone_axe":2,"minecraft:wheat_seeds":2,"minecraft:cooked_chicken":4,"minecraft:stone_sword":1,"minecraft:rotten_flesh":5,"minecraft:cobblestone":16,"minecraft:wooden_axe":3,"minecraft:wooden_sword":1,"minecraft:beef":1},"minecraft:custom":{"minecraft:interact_with_furnace":23,"minecraft:mob_kills":67,"minecraft:interact_with_crafting_table":6,"minecraft:time_since_death":63666,"minecraft:time_since_rest":63691,"minecraft:sprint_one_cm":297786,"minecraft:damage_taken":962,"minecraft:walk_one_cm":210484,"minecraft:drop":15,"minecraft:damage_dealt":6781,"minecraft:swim_one_cm":13491,"minecraft:fly_one_cm":218609,"minecraft:crouch_one_cm":1856,"minecraft:play_time":68735,"minecraft:deaths":1,"minecraft:sneak_time":1217,"minecraft:walk_under_water_one_cm":4971,"minecraft:jump":1159,"minecraft:walk_on_water_one_cm":5151,"minecraft:total_world_time":68735,"minecraft:fall_one_cm":19499}},"DataVersion":3700}