{"stats":{"minecraft:dropped":{"minecraft:bread":42,"minecraft:iron_ingot":4,"minecraft:porkchop":3,"minecraft:wheat_seeds":46,"minecraft:cooked_beef":9,"minecraft:baked_potato":11,"minecraft:diamond":1,"minecraft:crafting_table":1,"minecraft:cooked_porkchop":5,"minecraft:orange_tulip":1,"minecraft:feather":8,"minecraft:lantern":1,"minecraft:apple":13,"minecraft:saddle":1,"travelersbackpack:standard":2,"minecraft:coal":18,"minecraft:emerald":7,"minecraft:gray_wool":1,"minecraft:torch":20,"minecraft:mutton":5,"minecraft:wooden_axe":1,"minecraft:cooked_salmon":8,"minecraft:wooden_sword":1,"travelersbackpack:backpack_tank":2,"minecraft:white_wool":62,"minecraft:gold_ingot":4,"minecraft:furnace":7,"minecraft:stone_sword":2,"minecraft:raw_copper":12,"minecraft:smooth_stone_slab":12,"minecraft:cherry_sapling":2,"minecraft:raw_iron":3,"minecraft:chicken":3,"minecraft:honey_bottle":1,"minecraft:cooked_mutton":16,"minecraft:white_bed":1,"minecraft:salmon":5,"minecraft:carrot":1,"minecraft:poppy":1,"minecraft:potato":11,"minecraft:shield":1,"minecraft:charcoal":16,"minecraft:golden_leggings":1,"minecraft:wooden_shovel":5,"travelersbackpack:cake":1,"minecraft:wooden_pickaxe":1,"minecraft:stone_pickaxe":2,"minecraft:raw_gold":3,"minecraft:brick":11},"minecraft:picked_up":{"minecraft:wooden_axe":1,"minecraft:charcoal":26,"minecraft:wheat":15,"minecraft:crafting_table":10,"minecraft:chicken":10,"minecraft:smithing_table":1,"minecraft:gold_block":1,"minecraft:potion":1,"minecraft:stone_brick_stairs":1,"minecraft:brick":11,"minecraft:string":2,"minecraft:raw_copper":12,"minecraft:cooked_salmon":16,"minecraft:smooth_stone_slab":21,"minecraft:beetroot":5,"minecraft:cracked_stone_bricks":2,"minecraft:cobbled_deepslate":1,"minecraft:beef":28,"minecraft:wooden_shovel":4,"minecraft:poppy":2,"minecraft:light_gray_wool":2,"minecraft:sugar_cane":5,"minecraft:chest":1,"minecraft:birch_sapling":3,"minecraft:furnace":7,"minecraft:egg":10,"minecraft:stick":5,"minecraft:raw_iron":16,"minecraft:torch":21,"minecraft:spruce_fence":1,"minecraft:porkchop":46,"minecraft:carrot":1,"minecraft:deepslate_tile_stairs":1,"minecraft:arrow":23,"minecraft:stone_sword":1,"minecraft:honey_bottle":1,"minecraft:rotten_flesh":16,"minecraft:decorated_pot":26,"minecraft:hay_block":34,"minecraft:saddle":2,"minecraft:gold_ingot":12,"minecraft:mutton":45,"minecraft:white_wool":116,"minecraft:cobblestone":78,"minecraft:birch_log":67,"minecraft:feather":10,"minecraft:cooked_beef":1,"minecraft:andesite":4,"minecraft:salmon":18,"minecraft:brown_wool":2,"minecraft:leather":16,"minecraft:birch_planks":5,"minecraft:oak_log":3,"minecraft:dirt":152,"minecraft:lantern":51,"minecraft:white_banner":1,"minecraft:name_tag":2,"minecraft:cooked_mutton":8,"minecraft:bone":17,"minecraft:glass":20,"travelersbackpack:backpack_tank":2,"minecraft:stone_bricks":3,"minecraft:bow":1,"minecraft:orange_tulip":1,"minecraft:wheat_seeds":53,"minecraft:raw_gold":10,"minecraft:iron_ingot":10,"minecraft:cooked_chicken":3,"minecraft:mossy_stone_bricks":2,"minecraft:iron_sword":1,"minecraft:book":6,"minecraft:cooked_porkchop":10,"minecraft:sand":44,"minecraft:white_bed":17,"travelersbackpack:white_sleeping_bag":1,"travelersbackpack:standard":2,"minecraft:diamond":1,"minecraft:crossbow":2,"minecraft:cherry_sapling":2,"minecraft:bone_meal":1,"minecraft:gray_wool":1,"minecraft:bread":7,"minecraft:emerald":6,"minecraft:lodestone":1,"minecraft:baked_potato":11,"minecraft:dark_oak_fence":1,"minecraft:coal":62},"minecraft:killed_by":{"minecraft:spider":1,"midnightlurker:midnight_lurker_unprovoked":1},"minecraft:crafted":{"minecraft:wooden_sword":2,"minecraft:oak_planks":4,"minecraft:furnace":1,"minecraft:bone_meal":3,"minecraft:cooked_mutton":24,"minecraft:glass":24,"travelersbackpack:cake":1,"travelersbackpack:white_sleeping_bag":2,"minecraft:stone_pickaxe":3,"minecraft:chest":2,"minecraft:wheat":189,"minecraft:cooked_beef":46,"minecraft:sugar":2,"minecraft:wooden_shovel":4,"minecraft:cooked_porkchop":5,"minecraft:crafting_table":3,"travelersbackpack:backpack_tank":4,"minecraft:wooden_pickaxe":2,"travelersbackpack:standard":2,"minecraft:bucket":2,"minecraft:birch_planks":212,"minecraft:campfire":2,"minecraft:stone_axe":1,"minecraft:bread":73,"minecraft:air":0,"minecraft:shield":2,"minecraft:stick":48,"minecraft:iron_ingot":14,"minecraft:iron_pickaxe":1,"minecraft:wooden_axe":2,"minecraft:stone_sword":2,"minecraft:gold_ingot":3,"minecraft:white_bed":2,"minecraft:torch":64},"minecraft:used":{"minecraft:stone_sword":137,"minecraft:chest":1,"minecraft:shield":2,"minecraft:iron_sword":103,"minecraft:wooden_shovel":66,"minecraft:cooked_salmon":8,"minecraft:cooked_chicken":3,"minecraft:torch":45,"minecraft:dirt":57,"minecraft:mutton":5,"minecraft:wooden_axe":92,"minecraft:iron_axe":5,"minecraft:stone_bricks":1,"minecraft:beef":2,"minecraft:furnace":1,"minecraft:egg":1,"minecraft:cooked_beef":10,"minecraft:cobbled_deepslate":1,"minecraft:cooked_mutton":16,"minecraft:mossy_stone_bricks":2,"minecraft:birch_planks":7,"minecraft:stone_pickaxe":180,"minecraft:wooden_pickaxe":21,"minecraft:cracked_stone_bricks":1,"minecraft:salmon":1,"minecraft:crafting_table":10,"minecraft:crossbow":13,"minecraft:campfire":2,"minecraft:white_bed":16,"minecraft:apple":2,"minecraft:bread":2,"minecraft:iron_pickaxe":36,"travelersbackpack:white_sleeping_bag":1,"minecraft:stone_axe":45,"minecraft:wooden_sword":3,"minecraft:cobblestone":4,"minecraft:white_banner":1,"minecraft:cooked_porkchop":5,"minecraft:porkchop":4,"minecraft:bucket":6,"minecraft:andesite":4},"minecraft:killed":{"minecraft:spider":1,"minecraft:vindicator":2,"minecraft:skeleton":2,"minecraft:chicken":11,"minecraft:silverfish":1,"minecraft:pig":24,"minecraft:salmon":20,"minecraft:creeper":1,"minecraft:sheep":32,"minecraft:pillager":12,"minecraft:zombie":4,"minecraft:cow":18},"minecraft:broken":{"minecraft:wooden_shovel":1,"minecraft:stone_pickaxe":1,"minecraft:wooden_axe":2},"minecraft:mined":{"minecraft:diamond_ore":1,"minecraft:white_bed":16,"minecraft:glow_lichen":1,"minecraft:spruce_fence":1,"minecraft:grass_block":73,"minecraft:decorated_pot":36,"minecraft:coal_block":1,"travelersbackpack:white_sleeping_bag":1,"minecraft:deepslate_tile_stairs":1,"minecraft:infested_chiseled_stone_bricks":1,"minecraft:spawner":1,"minecraft:hay_block":28,"minecraft:tall_seagrass":1,"minecraft:furnace":8,"minecraft:iron_ore":9,"minecraft:fire":6,"minecraft:andesite":4,"minecraft:gold_block":1,"minecraft:bookshelf":2,"minecraft:vine":19,"minecraft:lantern":50,"minecraft:stone":42,"minecraft:smithing_table":1,"minecraft:red_bed":1,"minecraft:crafting_table":11,"minecraft:short_grass":27,"minecraft:poppy":1,"minecraft:chest":1,"minecraft:campfire":5,"minecraft:cobblestone":25,"minecraft:tall_grass":12,"minecraft:copper_ore":3,"minecraft:sugar_cane":2,"minecraft:diorite":3,"minecraft:wall_torch":1,"minecraft:birch_planks":1,"minecraft:birch_log":48,"minecraft:wheat":14,"minecraft:birch_leaves":8,"minecraft:smooth_stone_slab":26,"minecraft:oak_log":3,"minecraft:coal_ore":21,"minecraft:cherry_leaves":84,"minecraft:sand":52,"minecraft:dirt":16,"minecraft:cobweb":2,"minecraft:cracked_stone_bricks":3,"minecraft:stone_bricks":1,"minecraft:mossy_stone_bricks":3,"minecraft:oak_leaves":5,"minecraft:deepslate":1},"minecraft:custom":{"minecraft:interact_with_smithing_table":1,"minecraft:mob_kills":129,"minecraft:interact_with_crafting_table":56,"minecraft:interact_with_campfire":32,"minecraft:bell_ring":27,"minecraft:leave_game":6,"minecraft:time_since_death":228126,"minecraft:climb_one_cm":18866,"minecraft:sprint_one_cm":1127053,"minecraft:walk_one_cm":659004,"minecraft:damage_blocked_by_shield":55,"minecraft:drop":84,"minecraft:talked_to_villager":8,"minecraft:raid_win":1,"minecraft:play_time":237253,"minecraft:deaths":2,"minecraft:sneak_time":3467,"minecraft:walk_under_water_one_cm":27441,"minecraft:jump":4228,"minecraft:interact_with_blast_furnace":2,"minecraft:walk_on_water_one_cm":50714,"minecraft:total_world_time":237253,"minecraft:interact_with_furnace":79,"minecraft:raid_trigger":1,"minecraft:sleep_in_bed":15,"minecraft:time_since_rest":5762,"minecraft:damage_taken":2190,"minecraft:damage_dealt":13148,"minecraft:swim_one_cm":67427,"minecraft:fly_one_cm":827061,"minecraft:open_chest":106,"minecraft:crouch_one_cm":8408,"minecraft:fall_one_cm":73924}},"DataVersion":3700}