{"stats":{"minecraft:picked_up":{"minecraft:birch_log":5,"minecraft:stick":1,"minecraft:arrow":1,"minecraft:bone":2,"minecraft:birch_sapling":1},"minecraft:mined":{"minecraft:birch_log":5,"minecraft:birch_leaves":7},"minecraft:killed_by":{"midnightlurker:midnight_lurker_unprovoked":1},"minecraft:killed":{"minecraft:skeleton":1},"minecraft:custom":{"minecraft:open_chest":1,"minecraft:time_since_rest":2571,"minecraft:play_time":7581,"minecraft:sprint_one_cm":36740,"minecraft:walk_one_cm":16956,"minecraft:damage_taken":300,"minecraft:deaths":1,"minecraft:sneak_time":115,"minecraft:walk_under_water_one_cm":288,"minecraft:mob_kills":1,"minecraft:jump":145,"minecraft:damage_dealt":209,"minecraft:leave_game":3,"minecraft:time_since_death":2414,"minecraft:walk_on_water_one_cm":5849,"minecraft:total_world_time":7581,"minecraft:swim_one_cm":4482,"minecraft:fall_one_cm":2150,"minecraft:fly_one_cm":24520},"minecraft:crafted":{"minecraft:birch_planks":16}},"DataVersion":3700}