{"stats":{"minecraft:picked_up":{"minecraft:wooden_axe":1,"minecraft:wheat":14,"minecraft:charcoal":10,"minecraft:crafting_table":7,"minecraft:chicken":10,"minecraft:potion":1,"minecraft:stone_brick_stairs":1,"minecraft:brick":8,"minecraft:string":1,"minecraft:raw_copper":12,"minecraft:cooked_salmon":16,"minecraft:smooth_stone_slab":1,"minecraft:cracked_stone_bricks":1,"minecraft:beef":12,"minecraft:poppy":2,"minecraft:light_gray_wool":2,"minecraft:sugar_cane":5,"minecraft:chest":1,"minecraft:birch_sapling":3,"minecraft:furnace":6,"minecraft:egg":9,"minecraft:stick":5,"minecraft:raw_iron":10,"minecraft:spruce_fence":1,"minecraft:porkchop":20,"minecraft:carrot":1,"minecraft:deepslate_tile_stairs":1,"minecraft:honey_bottle":1,"minecraft:stone_sword":1,"minecraft:arrow":3,"minecraft:rotten_flesh":16,"minecraft:decorated_pot":8,"minecraft:hay_block":21,"minecraft:mutton":42,"minecraft:white_wool":27,"minecraft:cobblestone":70,"minecraft:birch_log":49,"minecraft:feather":10,"minecraft:cooked_beef":1,"minecraft:andesite":4,"minecraft:salmon":16,"minecraft:brown_wool":2,"minecraft:leather":7,"minecraft:birch_planks":5,"minecraft:oak_log":3,"minecraft:dirt":22,"minecraft:lantern":51,"minecraft:name_tag":2,"minecraft:cooked_mutton":8,"minecraft:glass":20,"minecraft:bone":17,"minecraft:stone_bricks":2,"minecraft:bow":1,"minecraft:wheat_seeds":49,"minecraft:orange_tulip":1,"minecraft:iron_ingot":2,"minecraft:cooked_chicken":3,"minecraft:iron_sword":1,"minecraft:cooked_porkchop":10,"minecraft:sand":44,"minecraft:white_bed":8,"travelersbackpack:white_sleeping_bag":1,"travelersbackpack:standard":1,"minecraft:diamond":1,"minecraft:crossbow":1,"minecraft:cherry_sapling":2,"minecraft:bone_meal":1,"minecraft:gray_wool":1,"minecraft:emerald":3,"minecraft:lodestone":1,"minecraft:baked_potato":10,"minecraft:dark_oak_fence":1,"minecraft:coal":27},"minecraft:mined":{"minecraft:diamond_ore":1,"minecraft:white_bed":7,"minecraft:spruce_fence":1,"minecraft:decorated_pot":12,"travelersbackpack:white_sleeping_bag":1,"minecraft:deepslate_tile_stairs":1,"minecraft:infested_chiseled_stone_bricks":1,"minecraft:spawner":1,"minecraft:hay_block":21,"minecraft:tall_seagrass":1,"minecraft:furnace":8,"minecraft:iron_ore":9,"minecraft:fire":5,"minecraft:andesite":4,"minecraft:vine":19,"minecraft:lantern":50,"minecraft:stone":34,"minecraft:crafting_table":8,"minecraft:short_grass":22,"minecraft:poppy":1,"minecraft:chest":1,"minecraft:campfire":5,"minecraft:tall_grass":8,"minecraft:copper_ore":3,"minecraft:cobblestone":25,"minecraft:sugar_cane":2,"minecraft:diorite":2,"minecraft:birch_planks":1,"minecraft:birch_log":48,"minecraft:wheat":14,"minecraft:birch_leaves":8,"minecraft:oak_log":3,"minecraft:coal_ore":21,"minecraft:cherry_leaves":84,"minecraft:sand":52,"minecraft:dirt":3,"minecraft:oak_leaves":5},"minecraft:killed":{"minecraft:spider":1,"minecraft:skeleton":2,"minecraft:chicken":10,"minecraft:silverfish":1,"minecraft:pig":12,"minecraft:salmon":18,"minecraft:creeper":1,"minecraft:sheep":30,"minecraft:pillager":5,"minecraft:zombie":4,"minecraft:cow":11},"minecraft:broken":{"minecraft:stone_pickaxe":1,"minecraft:wooden_axe":2},"minecraft:dropped":{"minecraft:iron_ingot":2,"minecraft:bread":32,"minecraft:porkchop":3,"minecraft:wheat_seeds":44,"minecraft:cooked_beef":9,"minecraft:diamond":1,"minecraft:crafting_table":1,"minecraft:cooked_porkchop":5,"minecraft:orange_tulip":1,"minecraft:feather":8,"minecraft:lantern":1,"travelersbackpack:standard":2,"minecraft:emerald":4,"minecraft:gray_wool":1,"minecraft:mutton":5,"minecraft:wooden_axe":1,"minecraft:cooked_salmon":8,"minecraft:wooden_sword":1,"minecraft:gold_ingot":3,"minecraft:furnace":6,"minecraft:stone_sword":2,"minecraft:raw_copper":12,"minecraft:raw_iron":2,"minecraft:cherry_sapling":2,"minecraft:chicken":3,"minecraft:cooked_mutton":16,"minecraft:honey_bottle":1,"minecraft:white_bed":1,"minecraft:salmon":5,"minecraft:carrot":1,"minecraft:poppy":1,"minecraft:wooden_pickaxe":1,"minecraft:stone_pickaxe":1,"minecraft:brick":8},"minecraft:crafted":{"minecraft:wooden_sword":2,"minecraft:oak_planks":4,"minecraft:furnace":1,"minecraft:bone_meal":3,"minecraft:cooked_mutton":24,"minecraft:glass":24,"travelersbackpack:white_sleeping_bag":1,"minecraft:stone_pickaxe":3,"minecraft:chest":1,"minecraft:wheat":189,"minecraft:cooked_beef":18,"minecraft:crafting_table":3,"travelersbackpack:backpack_tank":2,"minecraft:wooden_pickaxe":2,"travelersbackpack:standard":1,"minecraft:campfire":2,"minecraft:birch_planks":140,"minecraft:stone_axe":1,"minecraft:bread":63,"minecraft:air":0,"minecraft:stick":32,"minecraft:iron_ingot":8,"minecraft:iron_pickaxe":1,"minecraft:wooden_axe":2,"minecraft:stone_sword":2,"minecraft:white_bed":2,"minecraft:torch":32},"minecraft:killed_by":{"minecraft:spider":1,"midnightlurker:midnight_lurker_unprovoked":1},"minecraft:custom":{"minecraft:mob_kills":95,"minecraft:interact_with_crafting_table":34,"minecraft:interact_with_campfire":32,"minecraft:bell_ring":19,"minecraft:leave_game":4,"minecraft:time_since_death":138175,"minecraft:climb_one_cm":6866,"minecraft:sprint_one_cm":702701,"minecraft:walk_one_cm":442519,"minecraft:drop":48,"minecraft:talked_to_villager":8,"minecraft:play_time":147302,"minecraft:deaths":2,"minecraft:sneak_time":2518,"minecraft:walk_under_water_one_cm":24175,"minecraft:jump":2890,"minecraft:walk_on_water_one_cm":34047,"minecraft:total_world_time":147302,"minecraft:interact_with_furnace":38,"minecraft:sleep_in_bed":9,"minecraft:time_since_rest":5680,"minecraft:damage_taken":1490,"minecraft:damage_dealt":8279,"minecraft:swim_one_cm":59627,"minecraft:fly_one_cm":544379,"minecraft:open_chest":47,"minecraft:crouch_one_cm":5438,"minecraft:fall_one_cm":51757},"minecraft:used":{"minecraft:stone_sword":137,"minecraft:chest":1,"minecraft:cooked_salmon":8,"minecraft:cooked_chicken":3,"minecraft:torch":5,"minecraft:mutton":5,"minecraft:wooden_axe":92,"minecraft:beef":2,"minecraft:furnace":1,"minecraft:egg":1,"minecraft:cooked_beef":7,"minecraft:cooked_mutton":4,"minecraft:birch_planks":7,"minecraft:stone_pickaxe":136,"minecraft:wooden_pickaxe":21,"minecraft:salmon":1,"minecraft:crafting_table":6,"minecraft:crossbow":9,"minecraft:white_bed":7,"minecraft:campfire":2,"minecraft:bread":2,"minecraft:iron_pickaxe":35,"travelersbackpack:white_sleeping_bag":1,"minecraft:stone_axe":44,"minecraft:wooden_sword":3,"minecraft:cobblestone":3,"minecraft:cooked_porkchop":2,"minecraft:porkchop":4,"minecraft:andesite":4}},"DataVersion":3700}