{"stats":{"minecraft:dropped":{"minecraft:porkchop":3,"minecraft:cooked_beef":9,"minecraft:baked_potato":11,"minecraft:diamond":1,"minecraft:crafting_table":2,"minecraft:cooked_porkchop":5,"minecraft:orange_tulip":1,"minecraft:crossbow":1,"minecraft:lantern":2,"minecraft:prismarine_brick_stairs":2,"minecraft:saddle":1,"travelersbackpack:standard":2,"minecraft:sentry_armor_trim_smithing_template":2,"minecraft:emerald":16,"minecraft:red_bed":3,"minecraft:mutton":8,"minecraft:prismarine_brick_slab":1,"minecraft:wooden_sword":1,"minecraft:pumpkin_pie":12,"travelersbackpack:backpack_tank":2,"minecraft:white_wool":64,"minecraft:gold_ingot":4,"minecraft:sugar_cane":7,"minecraft:golden_chestplate":1,"minecraft:cherry_sapling":2,"minecraft:rotten_flesh":2,"minecraft:cooked_mutton":16,"minecraft:honey_bottle":2,"minecraft:white_bed":1,"minecraft:salmon":5,"minecraft:carrot":40,"minecraft:poppy":1,"minecraft:charcoal":16,"minecraft:prismarine_bricks":4,"minecraft:quartz":7,"minecraft:bread":179,"minecraft:iron_ingot":4,"minecraft:wheat_seeds":49,"minecraft:feather":11,"minecraft:dark_prismarine_slab":1,"minecraft:prismarine_crystals":2,"minecraft:apple":13,"minecraft:coal":18,"minecraft:gray_wool":1,"minecraft:torch":20,"minecraft:wooden_axe":1,"minecraft:cooked_salmon":8,"minecraft:furnace":7,"minecraft:player_head":2,"minecraft:stone_sword":2,"minecraft:cocoa_beans":3,"minecraft:raw_copper":12,"minecraft:smooth_stone_slab":12,"minecraft:raw_iron":3,"minecraft:chicken":3,"minecraft:filled_map":1,"minecraft:potato":11,"minecraft:shield":3,"minecraft:golden_leggings":1,"minecraft:wooden_shovel":14,"minecraft:stone_pickaxe":2,"minecraft:wooden_pickaxe":1,"minecraft:raw_gold":3,"travelersbackpack:cake":1,"minecraft:dark_prismarine":11,"minecraft:brick":19},"minecraft:used":{"minecraft:ladder":7,"minecraft:decorated_pot":7,"minecraft:chest":1,"minecraft:shield":14,"minecraft:iron_sword":228,"minecraft:rotten_flesh":5,"minecraft:mutton":7,"minecraft:iron_helmet":1,"minecraft:stone_bricks":2,"minecraft:golden_sword":23,"minecraft:hay_block":6,"minecraft:furnace":12,"minecraft:cooked_cod":4,"minecraft:brick":8,"minecraft:egg":3,"minecraft:lapis_lazuli":1,"minecraft:mossy_stone_bricks":2,"minecraft:stone_pickaxe":180,"minecraft:oak_planks":3,"minecraft:wooden_pickaxe":21,"minecraft:white_wool":6,"minecraft:crossbow":60,"minecraft:flint":2,"minecraft:bread":33,"minecraft:wooden_sword":3,"minecraft:dark_oak_fence":2,"minecraft:andesite":4,"minecraft:oak_boat":5,"minecraft:stone_sword":137,"minecraft:flint_and_steel":45,"minecraft:armor_stand":1,"minecraft:wooden_shovel":197,"minecraft:cooked_salmon":8,"minecraft:cooked_chicken":3,"minecraft:torch":115,"minecraft:dirt":290,"minecraft:wooden_axe":92,"minecraft:iron_axe":27,"minecraft:light_gray_wool":1,"minecraft:beef":5,"minecraft:cooked_beef":35,"minecraft:cobbled_deepslate":1,"minecraft:golden_axe":54,"minecraft:wheat_seeds":29,"minecraft:cooked_mutton":19,"minecraft:water_bucket":14,"minecraft:cobblestone_stairs":1,"minecraft:sandstone_stairs":1,"minecraft:birch_planks":63,"minecraft:baked_potato":1,"minecraft:cracked_stone_bricks":1,"minecraft:salmon":1,"minecraft:crafting_table":11,"minecraft:white_bed":20,"minecraft:campfire":2,"minecraft:black_wool":1,"minecraft:apple":6,"minecraft:chicken":2,"minecraft:iron_pickaxe":143,"travelersbackpack:white_sleeping_bag":1,"minecraft:golden_leggings":1,"minecraft:stone_axe":45,"minecraft:cobblestone":10,"travelersbackpack:standard":10,"minecraft:cooked_porkchop":10,"minecraft:white_banner":1,"minecraft:porkchop":4,"minecraft:bucket":21,"minecraft:yellow_bed":12},"minecraft:crafted":{"minecraft:oak_planks":20,"minecraft:cooked_mutton":32,"minecraft:glass":24,"minecraft:chest":2,"minecraft:wooden_shovel":8,"minecraft:cooked_porkchop":30,"minecraft:crafting_table":3,"minecraft:wooden_pickaxe":2,"travelersbackpack:standard":2,"minecraft:birch_planks":212,"minecraft:campfire":2,"minecraft:shield":3,"minecraft:stick":56,"minecraft:iron_ingot":18,"minecraft:iron_pickaxe":1,"minecraft:stone_sword":2,"minecraft:gold_ingot":3,"minecraft:wooden_sword":2,"minecraft:coal":9,"minecraft:furnace":1,"minecraft:bone_meal":3,"travelersbackpack:cake":1,"travelersbackpack:white_sleeping_bag":2,"minecraft:stone_pickaxe":3,"minecraft:wheat":333,"minecraft:cooked_beef":46,"minecraft:sugar":2,"travelersbackpack:backpack_tank":4,"minecraft:bucket":2,"minecraft:stone_axe":1,"minecraft:bread":142,"minecraft:air":0,"minecraft:oak_boat":2,"minecraft:wooden_axe":2,"minecraft:white_bed":2,"minecraft:torch":88},"minecraft:mined":{"minecraft:dark_oak_planks":1,"minecraft:spruce_planks":2,"minecraft:white_bed":20,"minecraft:warped_fence_gate":1,"minecraft:cobblestone_stairs":1,"minecraft:jungle_leaves":2,"minecraft:granite":2,"minecraft:grass_block":174,"minecraft:coal_block":1,"minecraft:deepslate_tile_stairs":1,"minecraft:chiseled_stone_bricks":1,"minecraft:spawner":1,"minecraft:sandstone_stairs":1,"minecraft:tall_seagrass":2,"minecraft:iron_ore":25,"minecraft:fire":16,"minecraft:cyan_wall_banner":1,"minecraft:red_bed":1,"minecraft:melon_stem":1,"minecraft:powder_snow":12,"minecraft:note_block":1,"minecraft:melon":14,"minecraft:poppy":1,"minecraft:chest":1,"minecraft:cobblestone":27,"minecraft:sugar_cane":2,"minecraft:oak_planks":6,"minecraft:wall_torch":11,"minecraft:birch_log":48,"minecraft:wheat":43,"minecraft:jukebox":2,"minecraft:smooth_stone_slab":28,"minecraft:prismarine_brick_stairs":1,"minecraft:oak_log":8,"minecraft:sand":56,"minecraft:dirt":70,"minecraft:oak_leaves":19,"minecraft:deepslate":2,"minecraft:dark_prismarine":9,"minecraft:diamond_ore":3,"minecraft:sea_lantern":1,"minecraft:ladder":12,"minecraft:glow_lichen":1,"minecraft:dark_oak_fence":2,"minecraft:decorated_pot":64,"minecraft:spruce_fence":1,"travelersbackpack:white_sleeping_bag":3,"minecraft:infested_chiseled_stone_bricks":1,"minecraft:hay_block":43,"minecraft:furnace":17,"minecraft:andesite":4,"minecraft:gold_block":2,"minecraft:bookshelf":13,"minecraft:vine":29,"minecraft:lantern":51,"minecraft:stone":45,"minecraft:smithing_table":1,"minecraft:warped_fence":1,"travelersbackpack:standard":4,"minecraft:crafting_table":13,"minecraft:short_grass":54,"minecraft:campfire":5,"minecraft:copper_ore":3,"minecraft:tall_grass":12,"minecraft:diorite":3,"minecraft:prismarine_bricks":4,"minecraft:birch_planks":1,"minecraft:prismarine_brick_slab":2,"minecraft:birch_leaves":11,"minecraft:dark_prismarine_slab":1,"minecraft:yellow_bed":14,"minecraft:coal_ore":38,"minecraft:cocoa":3,"minecraft:cherry_leaves":84,"minecraft:cobweb":3,"minecraft:cracked_stone_bricks":3,"minecraft:stone_bricks":5,"minecraft:mossy_stone_bricks":3,"minecraft:fern":4},"minecraft:picked_up":{"minecraft:wooden_axe":1,"minecraft:wheat":156,"minecraft:sentry_armor_trim_smithing_template":2,"minecraft:smithing_table":1,"minecraft:lead":2,"minecraft:potion":3,"minecraft:stone_brick_stairs":1,"minecraft:golden_sword":2,"minecraft:string":8,"minecraft:raw_copper":12,"minecraft:cooked_salmon":16,"minecraft:smooth_stone_slab":25,"minecraft:armor_stand":2,"minecraft:beetroot":5,"minecraft:cobbled_deepslate":1,"minecraft:spruce_planks":2,"minecraft:wooden_shovel":11,"minecraft:iron_pickaxe":1,"minecraft:melon_slice":74,"minecraft:furnace":14,"minecraft:stick":28,"minecraft:jukebox":2,"minecraft:torch":95,"minecraft:porkchop":69,"minecraft:golden_axe":1,"minecraft:deepslate_tile_stairs":1,"minecraft:stone_sword":1,"minecraft:honey_bottle":2,"minecraft:rotten_flesh":25,"minecraft:cobblestone":160,"minecraft:birch_log":67,"minecraft:leather_chestplate":1,"minecraft:feather":15,"minecraft:cooked_beef":49,"minecraft:water_bucket":2,"minecraft:andesite":4,"minecraft:brown_wool":2,"minecraft:golden_leggings":2,"minecraft:flint":8,"minecraft:prismarine_bricks":4,"minecraft:lapis_lazuli":4,"minecraft:dirt":318,"minecraft:lantern":52,"minecraft:name_tag":4,"minecraft:glass":20,"minecraft:bone":21,"travelersbackpack:backpack_tank":2,"minecraft:bow":1,"minecraft:orange_tulip":1,"minecraft:wheat_seeds":130,"minecraft:raw_gold":10,"minecraft:mossy_stone_bricks":2,"minecraft:oak_planks":10,"minecraft:cooked_porkchop":77,"minecraft:sand":47,"minecraft:warped_fence_gate":1,"minecraft:barrel":1,"minecraft:dark_prismarine":11,"travelersbackpack:white_sleeping_bag":1,"minecraft:dark_prismarine_slab":1,"minecraft:diamond":7,"minecraft:crossbow":5,"minecraft:granite":2,"minecraft:bone_meal":1,"minecraft:bread":170,"minecraft:emerald":14,"minecraft:dark_oak_fence":3,"minecraft:cocoa_beans":3,"minecraft:charcoal":26,"minecraft:crafting_table":12,"minecraft:chicken":12,"minecraft:ladder":8,"minecraft:gold_block":2,"minecraft:brick":79,"minecraft:shield":3,"minecraft:red_bed":6,"minecraft:iron_axe":1,"minecraft:flint_and_steel":2,"minecraft:warped_fence":1,"minecraft:cracked_stone_bricks":2,"minecraft:beef":46,"minecraft:oak_boat":4,"minecraft:player_head":2,"minecraft:iron_nugget":58,"minecraft:poppy":2,"minecraft:light_gray_wool":3,"minecraft:sugar_cane":6,"minecraft:chest":1,"minecraft:birch_sapling":3,"minecraft:egg":12,"minecraft:raw_iron":32,"minecraft:spruce_fence":1,"minecraft:carrot":1,"minecraft:prismarine_crystals":2,"minecraft:dark_oak_planks":1,"minecraft:arrow":119,"minecraft:cooked_cod":3,"minecraft:decorated_pot":39,"minecraft:hay_block":49,"minecraft:sandstone_stairs":1,"minecraft:saddle":2,"minecraft:gold_ingot":19,"minecraft:mutton":61,"minecraft:white_wool":125,"minecraft:clock":1,"minecraft:salmon":18,"minecraft:leather":26,"minecraft:filled_map":5,"minecraft:birch_planks":5,"minecraft:oak_log":9,"minecraft:golden_boots":1,"minecraft:yellow_bed":12,"minecraft:cobblestone_stairs":1,"minecraft:white_banner":1,"minecraft:cooked_mutton":16,"minecraft:apple":6,"minecraft:stone_bricks":9,"minecraft:iron_ingot":31,"minecraft:cooked_chicken":3,"minecraft:cobweb":1,"minecraft:prismarine_brick_slab":1,"minecraft:iron_sword":3,"minecraft:book":39,"minecraft:prismarine_brick_stairs":2,"minecraft:quartz":2,"minecraft:white_bed":21,"travelersbackpack:standard":6,"minecraft:iron_helmet":1,"minecraft:cherry_sapling":2,"minecraft:gray_wool":1,"minecraft:lodestone":1,"minecraft:baked_potato":12,"minecraft:black_wool":1,"minecraft:coal":98},"minecraft:killed":{"minecraft:spider":1,"minecraft:skeleton":5,"minecraft:chicken":13,"minecraft:silverfish":1,"minecraft:pig":36,"minecraft:salmon":20,"minecraft:creeper":1,"minecraft:sheep":43,"minecraft:pillager":20,"minecraft:goat":1,"minecraft:zombie":8,"minecraft:cow":28,"minecraft:vindicator":5,"minecraft:drowned":1},"minecraft:custom":{"minecraft:interact_with_crafting_table":68,"minecraft:open_barrel":13,"minecraft:bell_ring":49,"minecraft:leave_game":10,"minecraft:time_since_death":33528,"minecraft:sprint_one_cm":2554550,"minecraft:damage_blocked_by_shield":360,"minecraft:drop":145,"minecraft:play_noteblock":1,"minecraft:talked_to_villager":29,"minecraft:play_time":531873,"minecraft:deaths":6,"minecraft:jump":9287,"minecraft:walk_on_water_one_cm":119220,"minecraft:interact_with_furnace":121,"minecraft:interact_with_cartography_table":1,"minecraft:sleep_in_bed":30,"minecraft:damage_dealt":19750,"minecraft:crouch_one_cm":18991,"minecraft:interact_with_smithing_table":1,"minecraft:mob_kills":187,"minecraft:interact_with_campfire":32,"minecraft:climb_one_cm":51576,"minecraft:walk_one_cm":1258218,"minecraft:raid_win":1,"minecraft:sneak_time":13835,"minecraft:walk_under_water_one_cm":155714,"minecraft:boat_one_cm":308254,"minecraft:interact_with_blast_furnace":2,"minecraft:total_world_time":531873,"minecraft:raid_trigger":1,"minecraft:time_since_rest":7507,"minecraft:damage_taken":5768,"minecraft:swim_one_cm":594667,"minecraft:fly_one_cm":1795572,"minecraft:open_chest":244,"minecraft:fall_one_cm":147982},"minecraft:killed_by":{"midnightlurker:void_hands":1,"minecraft:vindicator":1,"minecraft:spider":1,"midnightlurker:midnight_lurker_unprovoked":3},"minecraft:broken":{"minecraft:wooden_shovel":3,"minecraft:stone_pickaxe":1,"minecraft:wooden_axe":2,"minecraft:golden_axe":2}},"DataVersion":3700}