{"stats":{"minecraft:dropped":{"minecraft:porkchop":3,"minecraft:cooked_beef":9,"minecraft:baked_potato":11,"minecraft:diamond":1,"minecraft:crafting_table":1,"minecraft:cooked_porkchop":5,"minecraft:orange_tulip":1,"minecraft:crossbow":1,"minecraft:lantern":2,"minecraft:prismarine_brick_stairs":2,"minecraft:saddle":1,"travelersbackpack:standard":2,"minecraft:sentry_armor_trim_smithing_template":2,"minecraft:emerald":16,"minecraft:red_bed":3,"minecraft:mutton":8,"minecraft:prismarine_brick_slab":1,"minecraft:wooden_sword":1,"minecraft:pumpkin_pie":12,"travelersbackpack:backpack_tank":2,"minecraft:white_wool":64,"minecraft:gold_ingot":4,"minecraft:sugar_cane":7,"minecraft:golden_chestplate":1,"minecraft:cherry_sapling":2,"minecraft:rotten_flesh":2,"minecraft:cooked_mutton":16,"minecraft:honey_bottle":1,"minecraft:white_bed":1,"minecraft:salmon":5,"minecraft:carrot":40,"minecraft:poppy":1,"minecraft:charcoal":16,"minecraft:prismarine_bricks":4,"minecraft:quartz":7,"minecraft:bread":115,"minecraft:iron_ingot":4,"minecraft:wheat_seeds":49,"minecraft:feather":11,"minecraft:dark_prismarine_slab":1,"minecraft:prismarine_crystals":2,"minecraft:apple":13,"minecraft:coal":18,"minecraft:gray_wool":1,"minecraft:torch":20,"minecraft:wooden_axe":1,"minecraft:cooked_salmon":8,"minecraft:furnace":7,"minecraft:player_head":2,"minecraft:stone_sword":2,"minecraft:cocoa_beans":3,"minecraft:raw_copper":12,"minecraft:smooth_stone_slab":12,"minecraft:raw_iron":3,"minecraft:chicken":3,"minecraft:filled_map":1,"minecraft:potato":11,"minecraft:shield":3,"minecraft:golden_leggings":1,"minecraft:wooden_shovel":14,"minecraft:stone_pickaxe":2,"minecraft:wooden_pickaxe":1,"minecraft:raw_gold":3,"travelersbackpack:cake":1,"minecraft:dark_prismarine":11,"minecraft:brick":19},"minecraft:used":{"minecraft:ladder":2,"minecraft:decorated_pot":7,"minecraft:chest":1,"minecraft:shield":6,"minecraft:iron_sword":222,"minecraft:rotten_flesh":5,"minecraft:mutton":7,"minecraft:iron_helmet":1,"minecraft:stone_bricks":2,"minecraft:golden_sword":1,"minecraft:hay_block":6,"minecraft:furnace":12,"minecraft:cooked_cod":3,"minecraft:brick":8,"minecraft:egg":3,"minecraft:lapis_lazuli":1,"minecraft:mossy_stone_bricks":2,"minecraft:stone_pickaxe":180,"minecraft:oak_planks":3,"minecraft:wooden_pickaxe":21,"minecraft:white_wool":6,"minecraft:crossbow":58,"minecraft:flint":2,"minecraft:bread":33,"minecraft:wooden_sword":3,"minecraft:dark_oak_fence":2,"minecraft:andesite":4,"minecraft:oak_boat":5,"minecraft:stone_sword":137,"minecraft:flint_and_steel":45,"minecraft:armor_stand":1,"minecraft:wooden_shovel":197,"minecraft:cooked_salmon":8,"minecraft:cooked_chicken":3,"minecraft:torch":105,"minecraft:dirt":289,"minecraft:wooden_axe":92,"minecraft:iron_axe":20,"minecraft:light_gray_wool":1,"minecraft:beef":5,"minecraft:cooked_beef":33,"minecraft:cobbled_deepslate":1,"minecraft:golden_axe":54,"minecraft:wheat_seeds":29,"minecraft:cooked_mutton":16,"minecraft:water_bucket":13,"minecraft:cobblestone_stairs":1,"minecraft:sandstone_stairs":1,"minecraft:birch_planks":63,"minecraft:baked_potato":1,"minecraft:cracked_stone_bricks":1,"minecraft:salmon":1,"minecraft:crafting_table":11,"minecraft:white_bed":20,"minecraft:campfire":2,"minecraft:black_wool":1,"minecraft:apple":6,"minecraft:chicken":2,"minecraft:iron_pickaxe":93,"travelersbackpack:white_sleeping_bag":1,"minecraft:golden_leggings":1,"minecraft:stone_axe":45,"minecraft:cobblestone":9,"travelersbackpack:standard":9,"minecraft:cooked_porkchop":10,"minecraft:white_banner":1,"minecraft:porkchop":4,"minecraft:bucket":20,"minecraft:yellow_bed":10},"minecraft:crafted":{"minecraft:oak_planks":20,"minecraft:cooked_mutton":32,"minecraft:glass":24,"minecraft:chest":2,"minecraft:wooden_shovel":8,"minecraft:cooked_porkchop":30,"minecraft:crafting_table":3,"minecraft:wooden_pickaxe":2,"travelersbackpack:standard":2,"minecraft:birch_planks":212,"minecraft:campfire":2,"minecraft:shield":3,"minecraft:stick":56,"minecraft:iron_ingot":18,"minecraft:iron_pickaxe":1,"minecraft:stone_sword":2,"minecraft:gold_ingot":3,"minecraft:wooden_sword":2,"minecraft:coal":9,"minecraft:furnace":1,"minecraft:bone_meal":3,"travelersbackpack:cake":1,"travelersbackpack:white_sleeping_bag":2,"minecraft:stone_pickaxe":3,"minecraft:wheat":333,"minecraft:cooked_beef":46,"minecraft:sugar":2,"travelersbackpack:backpack_tank":4,"minecraft:bucket":2,"minecraft:stone_axe":1,"minecraft:bread":103,"minecraft:air":0,"minecraft:oak_boat":2,"minecraft:wooden_axe":2,"minecraft:white_bed":2,"minecraft:torch":64},"minecraft:mined":{"minecraft:dark_oak_planks":1,"minecraft:spruce_planks":2,"minecraft:white_bed":20,"minecraft:warped_fence_gate":1,"minecraft:cobblestone_stairs":1,"minecraft:jungle_leaves":2,"minecraft:granite":2,"minecraft:grass_block":168,"minecraft:coal_block":1,"minecraft:deepslate_tile_stairs":1,"minecraft:spawner":1,"minecraft:sandstone_stairs":1,"minecraft:tall_seagrass":2,"minecraft:iron_ore":13,"minecraft:fire":16,"minecraft:cyan_wall_banner":1,"minecraft:red_bed":1,"minecraft:melon_stem":1,"minecraft:note_block":1,"minecraft:melon":14,"minecraft:poppy":1,"minecraft:chest":1,"minecraft:cobblestone":27,"minecraft:sugar_cane":2,"minecraft:oak_planks":6,"minecraft:wall_torch":6,"minecraft:birch_log":48,"minecraft:wheat":43,"minecraft:jukebox":2,"minecraft:smooth_stone_slab":26,"minecraft:prismarine_brick_stairs":1,"minecraft:oak_log":8,"minecraft:sand":56,"minecraft:dirt":62,"minecraft:oak_leaves":19,"minecraft:deepslate":1,"minecraft:dark_prismarine":9,"minecraft:diamond_ore":3,"minecraft:sea_lantern":1,"minecraft:ladder":8,"minecraft:glow_lichen":1,"minecraft:dark_oak_fence":2,"minecraft:decorated_pot":56,"minecraft:spruce_fence":1,"travelersbackpack:white_sleeping_bag":3,"minecraft:infested_chiseled_stone_bricks":1,"minecraft:hay_block":43,"minecraft:furnace":17,"minecraft:andesite":4,"minecraft:gold_block":2,"minecraft:bookshelf":13,"minecraft:vine":29,"minecraft:lantern":51,"minecraft:stone":43,"minecraft:smithing_table":1,"minecraft:warped_fence":1,"travelersbackpack:standard":3,"minecraft:crafting_table":12,"minecraft:short_grass":54,"minecraft:campfire":5,"minecraft:copper_ore":3,"minecraft:tall_grass":12,"minecraft:diorite":3,"minecraft:prismarine_bricks":4,"minecraft:birch_planks":1,"minecraft:prismarine_brick_slab":2,"minecraft:birch_leaves":11,"minecraft:dark_prismarine_slab":1,"minecraft:yellow_bed":12,"minecraft:coal_ore":24,"minecraft:cocoa":3,"minecraft:cherry_leaves":84,"minecraft:cobweb":2,"minecraft:cracked_stone_bricks":3,"minecraft:stone_bricks":3,"minecraft:mossy_stone_bricks":3,"minecraft:fern":4},"minecraft:picked_up":{"minecraft:wooden_axe":1,"minecraft:wheat":44,"minecraft:sentry_armor_trim_smithing_template":2,"minecraft:smithing_table":1,"minecraft:lead":1,"minecraft:potion":2,"minecraft:stone_brick_stairs":1,"minecraft:string":7,"minecraft:raw_copper":12,"minecraft:cooked_salmon":16,"minecraft:smooth_stone_slab":21,"minecraft:armor_stand":2,"minecraft:beetroot":5,"minecraft:cobbled_deepslate":1,"minecraft:spruce_planks":2,"minecraft:wooden_shovel":11,"minecraft:melon_slice":74,"minecraft:furnace":14,"minecraft:stick":7,"minecraft:jukebox":2,"minecraft:torch":77,"minecraft:porkchop":69,"minecraft:golden_axe":1,"minecraft:deepslate_tile_stairs":1,"minecraft:stone_sword":1,"minecraft:honey_bottle":1,"minecraft:rotten_flesh":23,"minecraft:cobblestone":81,"minecraft:birch_log":67,"minecraft:feather":15,"minecraft:cooked_beef":36,"minecraft:andesite":4,"minecraft:brown_wool":2,"minecraft:golden_leggings":1,"minecraft:flint":8,"minecraft:prismarine_bricks":4,"minecraft:lapis_lazuli":1,"minecraft:dirt":306,"minecraft:lantern":52,"minecraft:name_tag":4,"minecraft:glass":20,"minecraft:bone":19,"travelersbackpack:backpack_tank":2,"minecraft:bow":1,"minecraft:orange_tulip":1,"minecraft:wheat_seeds":130,"minecraft:raw_gold":10,"minecraft:mossy_stone_bricks":2,"minecraft:oak_planks":10,"minecraft:cooked_porkchop":31,"minecraft:sand":47,"minecraft:warped_fence_gate":1,"minecraft:barrel":1,"minecraft:dark_prismarine":11,"travelersbackpack:white_sleeping_bag":1,"minecraft:dark_prismarine_slab":1,"minecraft:diamond":7,"minecraft:crossbow":4,"minecraft:granite":2,"minecraft:bone_meal":1,"minecraft:bread":106,"minecraft:emerald":14,"minecraft:dark_oak_fence":3,"minecraft:cocoa_beans":3,"minecraft:charcoal":26,"minecraft:crafting_table":11,"minecraft:chicken":12,"minecraft:ladder":4,"minecraft:gold_block":2,"minecraft:brick":47,"minecraft:shield":2,"minecraft:red_bed":3,"minecraft:iron_axe":1,"minecraft:warped_fence":1,"minecraft:cracked_stone_bricks":2,"minecraft:beef":43,"minecraft:oak_boat":3,"minecraft:player_head":2,"minecraft:poppy":2,"minecraft:light_gray_wool":3,"minecraft:sugar_cane":6,"minecraft:chest":1,"minecraft:birch_sapling":3,"minecraft:egg":12,"minecraft:raw_iron":20,"minecraft:spruce_fence":1,"minecraft:carrot":1,"minecraft:prismarine_crystals":2,"minecraft:dark_oak_planks":1,"minecraft:arrow":76,"minecraft:decorated_pot":39,"minecraft:hay_block":49,"minecraft:sandstone_stairs":1,"minecraft:saddle":2,"minecraft:gold_ingot":19,"minecraft:mutton":60,"minecraft:white_wool":125,"minecraft:salmon":18,"minecraft:leather":26,"minecraft:filled_map":2,"minecraft:birch_planks":5,"minecraft:oak_log":9,"minecraft:yellow_bed":10,"minecraft:cobblestone_stairs":1,"minecraft:white_banner":1,"minecraft:cooked_mutton":8,"minecraft:apple":6,"minecraft:stone_bricks":4,"minecraft:iron_ingot":31,"minecraft:cooked_chicken":3,"minecraft:cobweb":1,"minecraft:prismarine_brick_slab":1,"minecraft:iron_sword":2,"minecraft:book":39,"minecraft:prismarine_brick_stairs":2,"minecraft:quartz":2,"minecraft:white_bed":21,"travelersbackpack:standard":5,"minecraft:cherry_sapling":2,"minecraft:gray_wool":1,"minecraft:lodestone":1,"minecraft:baked_potato":12,"minecraft:black_wool":1,"minecraft:coal":73},"minecraft:killed":{"minecraft:spider":1,"minecraft:skeleton":3,"minecraft:chicken":13,"minecraft:silverfish":1,"minecraft:pig":36,"minecraft:salmon":20,"minecraft:creeper":1,"minecraft:sheep":42,"minecraft:pillager":20,"minecraft:zombie":7,"minecraft:cow":28,"minecraft:vindicator":5,"minecraft:drowned":1},"minecraft:custom":{"minecraft:interact_with_crafting_table":66,"minecraft:open_barrel":13,"minecraft:bell_ring":49,"minecraft:leave_game":10,"minecraft:time_since_death":158173,"minecraft:sprint_one_cm":2457527,"minecraft:damage_blocked_by_shield":165,"minecraft:drop":142,"minecraft:play_noteblock":1,"minecraft:talked_to_villager":29,"minecraft:play_time":495873,"minecraft:deaths":5,"minecraft:jump":8765,"minecraft:walk_on_water_one_cm":117288,"minecraft:interact_with_furnace":121,"minecraft:interact_with_cartography_table":1,"minecraft:sleep_in_bed":28,"minecraft:damage_dealt":19049,"minecraft:crouch_one_cm":18562,"minecraft:interact_with_smithing_table":1,"minecraft:mob_kills":182,"minecraft:interact_with_campfire":32,"minecraft:climb_one_cm":30419,"minecraft:walk_one_cm":1162697,"minecraft:raid_win":1,"minecraft:sneak_time":13407,"minecraft:walk_under_water_one_cm":147820,"minecraft:boat_one_cm":301502,"minecraft:interact_with_blast_furnace":2,"minecraft:total_world_time":495873,"minecraft:raid_trigger":1,"minecraft:time_since_rest":24629,"minecraft:damage_taken":5295,"minecraft:swim_one_cm":594315,"minecraft:fly_one_cm":1744470,"minecraft:open_chest":227,"minecraft:fall_one_cm":138620},"minecraft:killed_by":{"minecraft:vindicator":1,"minecraft:spider":1,"midnightlurker:midnight_lurker_unprovoked":3},"minecraft:broken":{"minecraft:wooden_shovel":3,"minecraft:stone_pickaxe":1,"minecraft:wooden_axe":2,"minecraft:golden_axe":2}},"DataVersion":3700}