{"stats":{"minecraft:dropped":{"minecraft:iron_sword":2,"minecraft:candle":4,"minecraft:birch_planks":28,"minecraft:wheat_seeds":1,"minecraft:golden_helmet":1,"minecraft:crafting_table":1,"minecraft:cooked_porkchop":11,"minecraft:feather":27,"travelersbackpack:standard":2,"minecraft:dirt":4,"minecraft:red_bed":1,"minecraft:gray_wool":1,"minecraft:cooked_salmon":9,"minecraft:golden_hoe":1,"minecraft:white_wool":13,"minecraft:spruce_sapling":1,"minecraft:furnace":2,"minecraft:stone_axe":1,"minecraft:sugar_cane":26,"minecraft:stone_sword":2,"minecraft:light_gray_wool":2,"minecraft:rabbit_foot":1,"minecraft:rabbit_hide":1,"minecraft:leather_chestplate":1,"minecraft:shield":1,"minecraft:spruce_planks":28,"minecraft:golden_leggings":1,"minecraft:azalea":1,"minecraft:bamboo":3,"minecraft:spruce_log":11,"minecraft:stone_pickaxe":1,"minecraft:netherrack":3},"minecraft:broken":{"minecraft:golden_sword":1,"minecraft:golden_axe":1,"minecraft:stone_axe":1},"minecraft:custom":{"minecraft:interact_with_smithing_table":1,"minecraft:mob_kills":127,"minecraft:interact_with_crafting_table":50,"minecraft:open_barrel":59,"minecraft:leave_game":3,"minecraft:time_since_death":218238,"minecraft:climb_one_cm":5327,"minecraft:sprint_one_cm":1094996,"minecraft:walk_one_cm":536069,"minecraft:drop":63,"minecraft:talked_to_villager":18,"minecraft:play_time":247364,"minecraft:sneak_time":2168,"minecraft:deaths":3,"minecraft:walk_under_water_one_cm":36004,"minecraft:boat_one_cm":183480,"minecraft:jump":6225,"minecraft:interact_with_brewingstand":1,"minecraft:interact_with_blast_furnace":1,"minecraft:walk_on_water_one_cm":55377,"minecraft:total_world_time":247364,"minecraft:interact_with_furnace":101,"minecraft:tune_noteblock":1,"minecraft:raid_trigger":1,"minecraft:sleep_in_bed":14,"minecraft:time_since_rest":48750,"minecraft:damage_taken":1530,"minecraft:damage_dealt":11288,"minecraft:swim_one_cm":86640,"minecraft:fly_one_cm":1326076,"minecraft:open_chest":69,"minecraft:crouch_one_cm":5599,"minecraft:fall_one_cm":120705},"minecraft:crafted":{"minecraft:oak_planks":32,"minecraft:cooked_chicken":13,"minecraft:furnace":2,"minecraft:glass":24,"travelersbackpack:white_sleeping_bag":2,"minecraft:iron_axe":1,"minecraft:stone_pickaxe":3,"minecraft:chest":3,"travelersbackpack:fox":1,"minecraft:cooked_rabbit":13,"minecraft:cooked_beef":28,"minecraft:cooked_porkchop":24,"minecraft:spruce_planks":44,"travelersbackpack:backpack_tank":4,"travelersbackpack:standard":2,"minecraft:wooden_pickaxe":1,"minecraft:iron_sword":3,"minecraft:cooked_salmon":9,"minecraft:birch_planks":28,"minecraft:stone_axe":2,"minecraft:air":0,"minecraft:oak_boat":1,"minecraft:shield":2,"minecraft:stick":20,"minecraft:iron_ingot":7,"minecraft:stone_sword":2,"minecraft:gold_ingot":2},"minecraft:mined":{"minecraft:dark_oak_planks":4,"minecraft:spruce_planks":3,"minecraft:white_bed":1,"minecraft:spruce_trapdoor":1,"minecraft:grass_block":7,"minecraft:spruce_leaves":27,"minecraft:large_fern":1,"minecraft:smooth_stone":1,"minecraft:furnace":7,"minecraft:iron_ore":2,"minecraft:fire":10,"minecraft:pumpkin":19,"minecraft:dark_oak_stairs":1,"minecraft:bookshelf":13,"minecraft:deepslate_iron_ore":3,"minecraft:flowering_azalea_leaves":5,"minecraft:lantern":34,"minecraft:azalea_leaves":4,"minecraft:stone":39,"minecraft:spruce_slab":4,"minecraft:red_bed":2,"travelersbackpack:standard":5,"minecraft:crafting_table":12,"minecraft:short_grass":29,"minecraft:melon":12,"minecraft:tall_grass":4,"minecraft:copper_ore":14,"minecraft:sugar_cane":9,"minecraft:wall_torch":1,"minecraft:blue_bed":16,"minecraft:dark_oak_slab":4,"minecraft:birch_log":7,"minecraft:redstone_torch":1,"minecraft:sweet_berry_bush":20,"minecraft:ice":4,"minecraft:spruce_log":9,"minecraft:oak_log":9,"minecraft:coal_ore":27,"minecraft:cocoa":1,"minecraft:sand":27,"minecraft:dirt":13,"minecraft:netherrack":8,"minecraft:oak_leaves":3,"minecraft:fern":1},"minecraft:picked_up":{"minecraft:wooden_axe":3,"minecraft:crafting_table":13,"minecraft:chicken":19,"minecraft:wooden_pickaxe":3,"minecraft:cornflower":1,"minecraft:string":10,"minecraft:red_bed":1,"minecraft:raw_copper":137,"minecraft:cooked_salmon":5,"minecraft:flint_and_steel":1,"minecraft:candle":4,"minecraft:gold_nugget":16,"minecraft:smooth_stone":1,"minecraft:spruce_planks":32,"minecraft:beef":29,"minecraft:oak_boat":1,"minecraft:redstone_torch":1,"minecraft:azalea":1,"minecraft:light_gray_wool":6,"minecraft:spruce_slab":4,"minecraft:melon_slice":67,"minecraft:sugar_cane":29,"minecraft:spruce_trapdoor":1,"minecraft:furnace":4,"minecraft:egg":2,"minecraft:stick":20,"minecraft:raw_iron":4,"minecraft:torch":1,"minecraft:fire_charge":1,"minecraft:porkchop":46,"minecraft:carrot":1,"minecraft:rabbit_foot":2,"minecraft:dark_oak_planks":3,"minecraft:stone_sword":4,"minecraft:arrow":2,"minecraft:rotten_flesh":7,"minecraft:golden_hoe":1,"minecraft:mutton":39,"minecraft:snowball":128,"minecraft:white_wool":35,"minecraft:cobblestone":52,"minecraft:birch_log":7,"minecraft:feather":29,"minecraft:cooked_beef":5,"minecraft:salmon":10,"minecraft:leather":22,"minecraft:golden_leggings":1,"minecraft:oak_log":8,"minecraft:dirt":99,"minecraft:blue_bed":16,"minecraft:lantern":33,"minecraft:white_banner":2,"minecraft:cooked_mutton":23,"minecraft:bone":1,"minecraft:wheat_seeds":2,"minecraft:rabbit_hide":10,"minecraft:iron_ingot":1,"minecraft:stone_pickaxe":2,"minecraft:cooked_chicken":2,"minecraft:rabbit":13,"minecraft:bamboo":3,"minecraft:oak_planks":1,"minecraft:dark_oak_stairs":2,"minecraft:book":39,"minecraft:dark_oak_slab":5,"minecraft:cooked_porkchop":28,"minecraft:pumpkin":36,"minecraft:sweet_berries":36,"minecraft:dandelion":8,"minecraft:sand":27,"minecraft:spruce_sapling":16,"minecraft:white_bed":1,"minecraft:spruce_log":49,"minecraft:spider_eye":4,"travelersbackpack:standard":6,"minecraft:stone_axe":6,"minecraft:crossbow":2,"minecraft:gray_wool":2,"minecraft:emerald":4,"minecraft:oak_sapling":1,"minecraft:netherrack":7,"minecraft:coal":112},"minecraft:killed":{"minecraft:spider":6,"minecraft:skeleton":2,"minecraft:chicken":20,"minecraft:pig":24,"minecraft:salmon":9,"minecraft:rabbit":12,"minecraft:sheep":25,"minecraft:pillager":6,"minecraft:zombie":5,"minecraft:cow":14},"minecraft:killed_by":{"minecraft:stray":1,"minecraft:zombie":1},"minecraft:used":{"minecraft:stone_sword":100,"minecraft:flint_and_steel":13,"minecraft:iron_sword":27,"minecraft:cooked_salmon":5,"minecraft:cooked_chicken":12,"minecraft:rotten_flesh":5,"minecraft:netherrack":4,"minecraft:torch":1,"minecraft:dirt":5,"minecraft:mutton":1,"minecraft:carrot":2,"minecraft:snowball":73,"minecraft:iron_axe":11,"minecraft:dark_oak_slab":1,"minecraft:golden_sword":126,"minecraft:oak_sapling":1,"minecraft:goat_horn":2,"minecraft:furnace":4,"minecraft:egg":2,"minecraft:cooked_beef":5,"travelersbackpack:fox":1,"minecraft:golden_axe":32,"minecraft:cooked_mutton":1,"minecraft:oak_planks":7,"minecraft:stone_pickaxe":126,"minecraft:wooden_pickaxe":25,"minecraft:blue_bed":15,"minecraft:crafting_table":9,"minecraft:crossbow":4,"minecraft:white_bed":1,"minecraft:melon_slice":14,"minecraft:stone_axe":103,"travelersbackpack:standard":7,"minecraft:white_banner":1,"minecraft:cooked_porkchop":4,"minecraft:cooked_rabbit":13,"minecraft:oak_boat":1,"minecraft:experience_bottle":3}},"DataVersion":3700}