{"stats":{"minecraft:broken":{"minecraft:wooden_axe":1},"minecraft:used":{"minecraft:wooden_axe":91,"minecraft:stone_pickaxe":6,"minecraft:birch_sapling":10,"minecraft:wooden_pickaxe":45,"minecraft:wooden_sword":7,"minecraft:crafting_table":3,"minecraft:furnace":1,"minecraft:birch_log":2},"minecraft:crafted":{"minecraft:wooden_sword":2,"minecraft:crafting_table":1,"minecraft:stick":24,"minecraft:wooden_pickaxe":1,"minecraft:stone_pickaxe":1,"minecraft:wooden_axe":6,"minecraft:stone_sword":2,"minecraft:furnace":1,"minecraft:birch_planks":52,"minecraft:stone_axe":2},"minecraft:killed_by":{"minecraft:zombie":1},"minecraft:killed":{"minecraft:sheep":2,"minecraft:pig":3,"minecraft:zombie":1},"minecraft:mined":{"minecraft:birch_log":85,"minecraft:lily_of_the_valley":1,"minecraft:birch_leaves":3,"minecraft:crafting_table":2,"minecraft:copper_ore":6,"minecraft:stone":45,"minecraft:oak_leaves":1},"minecraft:picked_up":{"minecraft:wooden_axe":1,"minecraft:birch_log":94,"minecraft:stick":3,"minecraft:crafting_table":2,"minecraft:birch_planks":6,"minecraft:porkchop":2,"minecraft:raw_copper":19,"minecraft:wooden_sword":1,"minecraft:stone_axe":1,"minecraft:black_wool":1,"minecraft:mutton":3,"minecraft:birch_sapling":14,"minecraft:cobblestone":45},"minecraft:dropped":{"minecraft:stone_axe":2,"minecraft:stone_sword":1,"minecraft:wooden_axe":3,"minecraft:wooden_sword":1},"minecraft:custom":{"minecraft:time_since_rest":15691,"minecraft:interact_with_furnace":1,"minecraft:sprint_one_cm":79274,"minecraft:damage_taken":302,"minecraft:walk_one_cm":66484,"minecraft:mob_kills":6,"minecraft:drop":7,"minecraft:damage_dealt":793,"minecraft:interact_with_crafting_table":6,"minecraft:fly_one_cm":32797,"minecraft:crouch_one_cm":48,"minecraft:play_time":20735,"minecraft:deaths":1,"minecraft:sneak_time":34,"minecraft:jump":207,"minecraft:time_since_death":15666,"minecraft:total_world_time":20735,"minecraft:fall_one_cm":1254}},"DataVersion":3700}