{"stats":{"minecraft:picked_up":{"minecraft:wooden_axe":1,"minecraft:iron_chestplate":17,"minecraft:flower_pot":10,"minecraft:stone_slab":13,"minecraft:lead":19,"minecraft:diamond_sword":15,"minecraft:smithing_table":2,"minecraft:oak_stairs":7,"minecraft:enchanted_book":8,"minecraft:golden_sword":2,"minecraft:amethyst_block":81,"minecraft:string":299,"minecraft:soul_soil":49,"minecraft:cooked_salmon":27,"minecraft:pufferfish":4,"minecraft:shroomlight":6,"minecraft:beetroot":38,"moreberries:black_berries":11,"minecraft:cherry_boat":4,"minecraft:diamond_leggings":8,"minecraft:cobbled_deepslate":409,"minecraft:gold_nugget":528,"minecraft:crimson_fence":8,"minecraft:spruce_planks":2,"minecraft:melon_slice":179,"minecraft:coal_block":15,"minecraft:crimson_sign":1,"minecraft:golden_helmet":7,"minecraft:mojang_banner_pattern":1,"minecraft:jukebox":4,"minecraft:composter":9,"minecraft:acacia_log":7,"minecraft:golden_axe":1,"minecraft:cherry_log":1323,"minecraft:deepslate_tile_stairs":1,"minecraft:golden_chestplate":3,"minecraft:rabbit_foot":1,"mutantmonsters:mutant_skeleton_pelvis":1,"minecraft:black_dye":27,"minecraft:orange_bed":6,"minecraft:stone_sword":4,"minecraft:honey_bottle":2,"minecraft:tropical_fish":3,"livingthings:shark_tooth":12,"minecraft:polished_basalt":2,"minecraft:carved_pumpkin":3,"minecraft:glowstone":3,"minecraft:blaze_rod":1,"minecraft:iron_bars":28,"minecraft:birch_log":73,"minecraft:water_bucket":30,"minecraft:birch_slab":7,"travelersbackpack:iron_golem":1,"minecraft:cherry_leaves":213,"minecraft:feather":94,"minecraft:cooked_beef":122,"minecraft:iron_door":1,"minecraft:jungle_log":15,"minecraft:brown_wool":6,"minecraft:smoker":1,"minecraft:flint":57,"travelersbackpack:ocelot":5,"minecraft:cherry_fence":22,"minecraft:map":4,"minecraft:cherry_door":6,"minecraft:lantern":186,"betternether:cherry_taburet":1,"minecraft:large_amethyst_bud":6,"minecraft:rabbit":2,"minecraft:diamond_helmet":3,"minecraft:glowstone_dust":707,"minecraft:moss_block":51,"minecraft:honeycomb":6,"minecraft:chiseled_polished_blackstone":1,"minecraft:warped_wart_block":3,"minecraft:ink_sac":17,"minecraft:loom":1,"minecraft:dark_oak_log":409,"minecraft:barrel":2,"minecraft:quartz_bricks":87,"minecraft:polished_andesite":15,"minecraft:white_candle":53,"cookingforblockheads:spice_rack":1,"minecraft:black_concrete_powder":11,"endermanoverhaul:crimson_pearl":1,"minecraft:lever":5,"minecraft:granite":31,"minecraft:bread":795,"minecraft:golden_horse_armor":1,"livingthings:elephant":2,"minecraft:cyan_dye":1,"minecraft:cherry_slab":55,"minecraft:dark_oak_fence":25,"minecraft:crimson_roots":25,"minecraft:diamond_pickaxe":11,"livingthings:lion":2,"minecraft:crafting_table":20,"minecraft:clay_ball":52,"minecraft:redstone_lamp":31,"minecraft:leather_leggings":2,"minecraft:stripped_cherry_log":196,"minecraft:cornflower":16,"variantcraftingtables:cherry_crafting_table":16,"beautify:lamp_jar":8,"minecraft:red_bed":7,"minecraft:flint_and_steel":12,"minecraft:white_carpet":2,"minecraft:iron_shovel":11,"minecraft:glass_pane":11,"cookingforblockheads:fridge":2,"minecraft:cracked_stone_bricks":11,"minecraft:netherite_sword":2,"minecraft:beef":201,"minecraft:cyan_wool":2,"minecraft:jungle_sapling":1,"minecraft:iron_nugget":171,"minecraft:poppy":27,"minecraft:quartz_stairs":96,"minecraft:chest":21,"minecraft:birch_sapling":3,"minecraft:cherry_button":6,"minecraft:egg":25,"additionallanterns:magenta_cobbled_deepslate_lantern":3,"minecraft:stone":65,"minecraft:oak_door":9,"minecraft:amethyst_cluster":5,"minecraft:spruce_fence":1,"minecraft:fire_charge":4,"cookingforblockheads:milk_jar":2,"minecraft:cake":2,"minecraft:carrot":180,"minecraft:redstone":950,"minecraft:prismarine_crystals":2,"mutantmonsters:creeper_shard":3,"minecraft:tnt":4,"minecraft:diamond_chestplate":8,"minecraft:cooked_cod":25,"minecraft:beetroot_seeds":11,"minecraft:decorated_pot":85,"minecraft:diamond_boots":8,"minecraft:hay_block":128,"minecraft:sandstone_stairs":1,"minecraft:gold_ingot":291,"minecraft:totem_of_undying":13,"minecraft:glow_berries":2,"minecraft:mutton":221,"minecraft:bone_block":120,"minecraft:white_wool":184,"minecraft:rail":3,"minecraft:crimson_slab":27,"minecraft:clock":8,"minecraft:filled_map":33,"minecraft:oak_log":161,"minecraft:golden_boots":12,"mutantmonsters:mutant_skeleton_limb":11,"minecraft:white_banner":15,"minecraft:apple":40,"minecraft:stone_bricks":213,"travelersbackpack:cake":9,"minecraft:kelp":8,"minecraft:spore_blossom":5,"minecraft:cobweb":1,"minecraft:cherry_sign":1,"minecraft:glass_bottle":10,"minecraft:iron_sword":13,"minecraft:dark_oak_stairs":6,"minecraft:prismarine_brick_stairs":2,"minecraft:milk_bucket":4,"minecraft:smooth_basalt":6,"minecraft:dark_oak_slab":2,"beautify:bookstack":6,"minecraft:sweet_berries":26,"minecraft:sculk":92,"minecraft:gravel":303,"minecraft:birch_stairs":6,"minecraft:crimson_stairs":43,"minecraft:small_amethyst_bud":1,"minecraft:spruce_sapling":2,"minecraft:crying_obsidian":23,"minecraft:sea_lantern":2,"travelersbackpack:standard":68,"minecraft:diamond_shovel":3,"minecraft:slime_ball":12,"minecraft:diamond_axe":3,"minecraft:gray_wool":7,"minecraft:warped_roots":1,"minecraft:lodestone":1,"minecraft:baked_potato":114,"minecraft:brown_banner":3,"minecraft:stripped_dark_oak_log":2,"minecraft:ender_pearl":5,"livingthings:crab":7,"minecraft:wheat":328,"minecraft:sentry_armor_trim_smithing_template":2,"minecraft:potion":18,"minecraft:nether_brick":26,"minecraft:stone_brick_stairs":28,"minecraft:crimson_planks":333,"minecraft:raw_copper":38,"mutantmonsters:mutant_skeleton_skull":1,"minecraft:smooth_stone_slab":25,"minecraft:iron_leggings":9,"minecraft:red_candle":11,"minecraft:armor_stand":14,"minecraft:oak_sign":9,"minecraft:bucket":61,"cookingforblockheads:tool_rack":1,"livingthings:ostrich":5,"minecraft:rose_bush":23,"minecraft:redstone_torch":9,"minecraft:calcite":12,"minecraft:ender_eye":6,"minecraft:wooden_shovel":11,"minecraft:iron_pickaxe":29,"minecraft:iron_boots":16,"minecraft:furnace":22,"minecraft:blue_wool":1,"minecraft:stick":289,"minecraft:oak_fence":13,"minecraft:torch":1123,"travelersbackpack:diamond_tier_upgrade":2,"minecraft:porkchop":266,"minecraft:pointed_dripstone":79,"minecraft:diorite":20,"additionallanterns:pink_normal_lantern":1,"minecraft:goat_horn":1,"mutantmonsters:hulk_hammer":8,"minecraft:quartz_block":320,"cookingforblockheads:oven":1,"minecraft:rotten_flesh":257,"mutantmonsters:mutant_skeleton_shoulder_pad":4,"minecraft:obsidian":10,"minecraft:cod":155,"minecraft:cobblestone":5975,"minecraft:enchanting_table":1,"moreberries:orange_berries":2,"minecraft:pink_petals":4680,"minecraft:leather_chestplate":1,"minecraft:lilac":11,"minecraft:magma_cream":4,"minecraft:repeater":5,"minecraft:cherry_planks":306,"minecraft:andesite":6,"minecraft:golden_leggings":9,"minecraft:chiseled_quartz_block":2,"minecraft:potato":35,"minecraft:tuff":14,"minecraft:prismarine_bricks":4,"minecraft:stripped_birch_log":1,"minecraft:lapis_lazuli":338,"mutantmonsters:creeper_minion_tracker":2,"minecraft:dirt":6737,"minecraft:name_tag":16,"minecraft:leather_boots":4,"minecraft:bone":258,"minecraft:glass":22,"travelersbackpack:backpack_tank":2,"minecraft:bow":17,"minecraft:wheat_seeds":352,"minecraft:orange_tulip":1,"minecraft:raw_gold":29,"minecraft:light_blue_dye":6,"minecraft:netherite_axe":2,"minecraft:mossy_stone_bricks":7,"minecraft:oak_planks":309,"minecraft:ghast_tear":1,"minecraft:cooked_porkchop":216,"minecraft:poisonous_potato":1,"minecraft:sand":421,"endermanoverhaul:soul_pearl":2,"minecraft:cyan_bed":31,"minecraft:grass_block":1,"minecraft:warped_fence_gate":1,"minecraft:spectral_arrow":92,"minecraft:mossy_cobblestone":56,"minecraft:dark_prismarine":11,"travelersbackpack:white_sleeping_bag":2,"minecraft:dark_prismarine_slab":1,"minecraft:sugar":8,"minecraft:clay":64,"minecraft:diamond":120,"minecraft:cracked_polished_blackstone_bricks":2,"minecraft:crossbow":20,"minecraft:bone_meal":2,"minecraft:golden_apple":6,"minecraft:emerald":449,"minecraft:oak_sapling":39,"minecraft:netherrack":5797,"minecraft:charcoal":26,"minecraft:fishing_rod":2,"minecraft:cocoa_beans":3,"minecraft:allium":33,"minecraft:azure_bluet":12,"minecraft:splash_potion":1,"minecraft:chicken":76,"minecraft:ladder":10,"betternether:blue_crying_obsidian":1,"minecraft:brown_mushroom":2,"minecraft:gold_block":12,"minecraft:chain":4,"minecraft:brick":180,"minecraft:shield":27,"travelersbackpack:pink_sleeping_bag":2,"minecraft:moss_carpet":26,"minecraft:stone_stairs":2,"minecraft:iron_axe":22,"betternether:obsidian_tile_stairs":3,"minecraft:quartz_slab":8,"minecraft:warped_fence":1,"minecraft:blackstone":94,"minecraft:candle":3,"minecraft:oak_boat":25,"minecraft:player_head":23,"minecraft:light_gray_wool":3,"minecraft:lectern":167,"minecraft:sugar_cane":63,"minecraft:cherry_trapdoor":64,"minecraft:phantom_membrane":6,"minecraft:dark_oak_sapling":39,"minecraft:raw_iron":349,"minecraft:cherry_stairs":28,"minecraft:polished_blackstone_bricks":22,"minecraft:quartz_pillar":1,"minecraft:stone_button":1,"minecraft:cookie":16,"minecraft:dark_oak_planks":99,"minecraft:cherry_fence_gate":29,"moreberries:blue_berries":44,"minecraft:arrow":522,"minecraft:tube_coral":1,"minecraft:weeping_vines":25,"moreberries:yellow_berries":25,"minecraft:pumpkin_pie":37,"minecraft:golden_hoe":4,"mutantmonsters:mutant_skeleton_rib":8,"minecraft:saddle":7,"minecraft:skeleton_skull":3,"minecraft:basalt":27,"minecraft:crimson_stem":594,"minecraft:golden_carrot":9,"minecraft:glow_ink_sac":2,"minecraft:salmon":102,"minecraft:leather":132,"minecraft:birch_planks":7,"livingthings:giraffe":6,"minecraft:crimson_fungus":18,"minecraft:nether_wart_block":100,"minecraft:gunpowder":143,"minecraft:yellow_bed":14,"minecraft:cobblestone_wall":4,"minecraft:cobblestone_stairs":1,"livingthings:crab_shell":3,"minecraft:piglin_head":6,"minecraft:cooked_mutton":106,"lolmcv:cherry_chest":4,"minecraft:red_carpet":8,"minecraft:coast_armor_trim_smithing_template":2,"minecraft:iron_ingot":144,"minecraft:cooked_chicken":103,"minecraft:prismarine_brick_slab":1,"minecraft:soul_sand":108,"minecraft:book":139,"minecraft:sculk_catalyst":2,"minecraft:oak_slab":10,"minecraft:pink_bed":4,"minecraft:warped_fungus":5,"minecraft:emerald_block":56,"minecraft:quartz":4015,"minecraft:dandelion":8,"minecraft:dripstone_block":71,"minecraft:amethyst_shard":19,"minecraft:red_banner":1,"minecraft:white_bed":22,"minecraft:spruce_door":2,"minecraft:green_carpet":1,"minecraft:spider_eye":19,"minecraft:sculk_sensor":9,"minecraft:dried_kelp_block":1,"minecraft:chainmail_leggings":1,"minecraft:iron_helmet":13,"minecraft:cherry_sapling":303,"minecraft:terracotta":6,"minecraft:black_wool":3,"minecraft:coal":1900,"minecraft:sunflower":1},"minecraft:used":{"minecraft:beetroot":5,"minecraft:writable_book":12,"minecraft:ladder":7,"minecraft:chest":21,"minecraft:rotten_flesh":9,"minecraft:stone":18,"minecraft:quartz_stairs":137,"minecraft:soul_sand":5,"variantcraftingtables:cherry_crafting_table":16,"minecraft:weeping_vines":2,"cookingforblockheads:oven":2,"minecraft:lava_bucket":33,"minecraft:quartz_pillar":1,"minecraft:grass_block":1,"minecraft:quartz_block":51,"minecraft:cherry_leaves":16,"minecraft:cherry_button":18,"minecraft:stone_brick_stairs":18,"minecraft:dark_oak_button":1,"minecraft:cooked_cod":66,"minecraft:bow":570,"minecraft:furnace":16,"minecraft:sweet_berries":1,"mutantmonsters:hulk_hammer":130,"minecraft:oak_sapling":35,"minecraft:brick":8,"minecraft:egg":7,"minecraft:potato":41,"minecraft:spruce_door":2,"minecraft:lapis_lazuli":1,"minecraft:diorite":7,"minecraft:mossy_stone_bricks":53,"minecraft:blackstone":16,"minecraft:wooden_pickaxe":21,"moreberries:blue_berries":31,"minecraft:composter":8,"minecraft:glow_berries":2,"minecraft:golden_apple":2,"cookingforblockheads:tool_rack":2,"minecraft:flint":2,"minecraft:chiseled_quartz_block":2,"minecraft:black_concrete_powder":24,"minecraft:birch_slab":7,"minecraft:spore_blossom":7,"minecraft:lectern":170,"minecraft:cherry_sign":4,"minecraft:nether_wart_block":83,"minecraft:diamond_sword":2220,"minecraft:wooden_sword":3,"minecraft:smithing_table":2,"minecraft:dark_oak_fence":9,"minecraft:birch_log":1,"minecraft:oak_boat":19,"cookingforblockheads:pink_kitchen_floor":41,"minecraft:iron_bars":3,"minecraft:stone_sword":143,"minecraft:enchanting_table":1,"minecraft:armor_stand":2,"minecraft:cooked_salmon":160,"minecraft:netherrack":4960,"minecraft:torch":4349,"minecraft:orange_bed":5,"minecraft:anvil":2,"minecraft:warped_wart_block":3,"lolmcv:cherry_chest":5,"lolmcv:oak_chest":1,"minecraft:cherry_slab":70,"minecraft:iron_axe":2486,"mutantmonsters:creeper_shard":75,"minecraft:totem_of_undying":2,"minecraft:pink_stained_glass_pane":51,"minecraft:cherry_fence_gate":45,"minecraft:barrel":5,"minecraft:smooth_basalt":6,"minecraft:diamond_chestplate":8,"minecraft:basalt":24,"minecraft:glowstone":1,"minecraft:beef":15,"minecraft:goat_horn":1,"minecraft:pointed_dripstone":5,"minecraft:cobbled_deepslate":155,"minecraft:cherry_fence":110,"minecraft:cherry_log":758,"minecraft:golden_axe":221,"minecraft:crimson_stem":1,"minecraft:calcite":37,"minecraft:wheat_seeds":64,"minecraft:water_bucket":169,"minecraft:sandstone_stairs":1,"minecraft:birch_planks":65,"minecraft:lead":6,"minecraft:cherry_planks":419,"minecraft:leather_boots":9,"minecraft:cracked_stone_bricks":4,"minecraft:polished_blackstone_bricks":22,"minecraft:salmon":8,"minecraft:tnt":2,"minecraft:crafting_table":16,"minecraft:oak_slab":3,"minecraft:red_bed":1,"minecraft:cod":23,"minecraft:white_bed":22,"minecraft:campfire":2,"minecraft:cake":2,"minecraft:small_amethyst_bud":4,"minecraft:amethyst_cluster":5,"minecraft:diamond_pickaxe":4301,"minecraft:diamond_shovel":161,"minecraft:iron_pickaxe":9042,"travelersbackpack:white_sleeping_bag":1,"minecraft:spruce_sapling":1,"minecraft:crimson_sign":2,"minecraft:pink_bed":3,"betterend:quartz_pedestal":1,"minecraft:cobblestone":1127,"minecraft:potion":4,"travelersbackpack:standard":83,"minecraft:crimson_stairs":358,"minecraft:cooked_porkchop":131,"minecraft:porkchop":29,"minecraft:glass_pane":38,"additionallanterns:pink_normal_lantern":8,"minecraft:black_candle":9,"minecraft:kelp":4,"minecraft:diamond_leggings":8,"cookingforblockheads:cutting_board":1,"minecraft:cherry_sapling":23,"minecraft:moss_carpet":1,"minecraft:iron_shovel":5625,"minecraft:oak_sign":3,"minecraft:bone_block":78,"minecraft:polished_basalt":2,"minecraft:shield":214,"minecraft:decorated_pot":14,"minecraft:iron_sword":1203,"minecraft:player_head":4,"minecraft:iron_chestplate":10,"minecraft:white_candle":23,"minecraft:mutton":13,"cookingforblockheads:spice_rack":3,"minecraft:carrot":120,"minecraft:cyan_wool":1,"minecraft:axolotl_bucket":3,"minecraft:obsidian":9,"moreberries:black_berries":9,"cookingforblockheads:fridge":4,"minecraft:quartz_slab":36,"minecraft:lantern":11,"minecraft:iron_helmet":6,"minecraft:crimson_roots":2,"minecraft:stone_bricks":466,"minecraft:golden_sword":23,"minecraft:repeater":9,"minecraft:redstone_lamp":118,"minecraft:warped_fungus":5,"minecraft:hay_block":11,"minecraft:skeleton_skull":2,"minecraft:dark_oak_stairs":69,"minecraft:dark_oak_sapling":34,"minecraft:golden_boots":4,"minecraft:chiseled_polished_blackstone":1,"minecraft:diamond_boots":5,"minecraft:stone_pickaxe":311,"minecraft:oak_planks":5,"minecraft:ender_pearl":1,"travelersbackpack:iron_golem":1,"minecraft:diamond_axe":1561,"minecraft:large_amethyst_bud":7,"minecraft:white_wool":13,"cookingforblockheads:milk_jar":3,"minecraft:loom":1,"minecraft:crossbow":249,"minecraft:dripstone_block":2,"minecraft:shears":2,"minecraft:redstone_torch":13,"minecraft:lever":8,"minecraft:melon_slice":64,"minecraft:bread":383,"minecraft:string":2,"minecraft:cyan_bed":31,"minecraft:brown_wool":1,"minecraft:gravel":29,"beautify:lamp_jar":10,"minecraft:golden_helmet":2,"minecraft:medium_amethyst_bud":2,"minecraft:cooked_rabbit":1,"minecraft:andesite":6,"minecraft:chain":20,"minecraft:stripped_cherry_log":61,"minecraft:oak_fence":8,"minecraft:golden_pickaxe":257,"minecraft:cobweb":15,"minecraft:cherry_boat":5,"minecraft:flint_and_steel":90,"minecraft:redstone":239,"betternether:cherry_taburet":1,"minecraft:sculk":92,"minecraft:wooden_shovel":197,"minecraft:cooked_chicken":63,"minecraft:oak_door":1,"minecraft:dirt":7050,"minecraft:diamond_helmet":7,"minecraft:granite":11,"minecraft:dark_oak_planks":322,"minecraft:wooden_axe":92,"minecraft:bookshelf":23,"minecraft:crimson_slab":112,"minecraft:cherry_trapdoor":110,"minecraft:iron_boots":16,"minecraft:crimson_planks":968,"moreberries:yellow_berries":24,"minecraft:light_gray_wool":1,"minecraft:golden_carrot":1,"travelersbackpack:ocelot":5,"minecraft:soul_soil":13,"travelersbackpack:cake":3,"minecraft:cooked_beef":138,"minecraft:iron_leggings":4,"minecraft:quartz_bricks":429,"minecraft:cooked_mutton":141,"minecraft:amethyst_block":49,"minecraft:cobblestone_stairs":1,"minecraft:polished_andesite":1,"minecraft:baked_potato":70,"minecraft:stonecutter":2,"travelersbackpack:pink_sleeping_bag":2,"betternether:obsidian_tile_stairs":3,"minecraft:piglin_head":5,"minecraft:smoker":1,"minecraft:flower_pot":5,"minecraft:black_wool":1,"minecraft:apple":6,"minecraft:cherry_door":13,"minecraft:cracked_polished_blackstone_bricks":1,"minecraft:chicken":2,"beautify:bookstack":7,"additionallanterns:magenta_cobbled_deepslate_lantern":13,"minecraft:golden_leggings":5,"minecraft:pink_petals":73,"minecraft:fishing_rod":14,"cookingforblockheads:fruit_basket":1,"minecraft:stone_axe":45,"minecraft:crimson_fungus":1,"minecraft:cherry_stairs":63,"minecraft:white_banner":2,"minecraft:bucket":209,"minecraft:red_banner":1,"minecraft:pumpkin_pie":30,"minecraft:yellow_bed":14,"minecraft:gray_wool":2,"minecraft:birch_stairs":6},"minecraft:broken":{"minecraft:golden_boots":1,"minecraft:wooden_shovel":3,"minecraft:diamond_helmet":1,"minecraft:iron_boots":3,"minecraft:iron_chestplate":2,"minecraft:iron_leggings":1,"minecraft:diamond_pickaxe":1,"minecraft:iron_sword":3,"minecraft:shield":2,"minecraft:iron_axe":10,"minecraft:iron_pickaxe":33,"minecraft:iron_helmet":2,"mutantmonsters:hulk_hammer":1,"minecraft:golden_helmet":1,"minecraft:iron_shovel":20,"minecraft:golden_leggings":2,"minecraft:stone_pickaxe":2,"minecraft:diamond_boots":1,"minecraft:wooden_axe":2,"minecraft:diamond_sword":1,"minecraft:golden_axe":7,"minecraft:diamond_axe":1,"minecraft:golden_pickaxe":8},"minecraft:crafted":{"minecraft:oak_sign":3,"travelersbackpack:crafting_upgrade":2,"minecraft:cherry_pressure_plate":1,"minecraft:chain":13,"minecraft:birch_slab":6,"minecraft:lever":3,"minecraft:bookshelf":15,"minecraft:cooked_mutton":74,"minecraft:glass":216,"minecraft:quartz_block":1157,"minecraft:diamond_helmet":3,"minecraft:repeater":5,"minecraft:diamond_leggings":2,"cookingforblockheads:oven":1,"minecraft:iron_door":3,"minecraft:chiseled_quartz_block":2,"minecraft:magenta_dye":33,"minecraft:cooked_rabbit":1,"lolmcv:cherry_chest":4,"minecraft:pink_stained_glass":32,"minecraft:golden_axe":10,"minecraft:glass_bottle":3,"minecraft:redstone_lamp":105,"minecraft:wooden_shovel":8,"minecraft:emerald":533,"minecraft:cooked_porkchop":105,"minecraft:diamond_axe":2,"travelersbackpack:standard":6,"minecraft:golden_pickaxe":15,"minecraft:copper_ingot":12,"additionallanterns:cobbled_deepslate_lantern":24,"minecraft:campfire":2,"additionallanterns:pink_normal_lantern":6,"minecraft:stone_brick_stairs":5,"minecraft:lectern":9,"minecraft:cherry_sign":3,"minecraft:golden_leggings":1,"cookingforblockheads:no_filter_edition":1,"minecraft:compass":1,"minecraft:iron_pickaxe":45,"minecraft:iron_block":6,"minecraft:black_candle":9,"minecraft:gold_ingot":138,"minecraft:birch_stairs":8,"minecraft:polished_blackstone_bricks":4,"betterend:quartz_pedestal":2,"minecraft:iron_nugget":36,"minecraft:bone_meal":3,"betternether:obsidian_tile_stairs":2,"minecraft:pink_dye":80,"minecraft:candle":6,"travelersbackpack:blank_upgrade":8,"travelersbackpack:gold_tier_upgrade":2,"cookingforblockheads:tool_rack":1,"minecraft:cherry_trapdoor":84,"travelersbackpack:cake":5,"cookingforblockheads:milk_jar":1,"travelersbackpack:white_sleeping_bag":2,"minecraft:black_concrete_powder":56,"minecraft:cherry_stairs":40,"minecraft:stone_pickaxe":5,"minecraft:diamond_boots":2,"minecraft:quartz_slab":34,"minecraft:dark_oak_planks":444,"minecraft:golden_helmet":4,"minecraft:wheat":951,"minecraft:coal_block":12,"cookingforblockheads:pink_kitchen_floor":64,"minecraft:crimson_slab":180,"minecraft:dark_oak_button":1,"minecraft:glowstone":90,"minecraft:enchanted_book":28,"cookingforblockheads:cutting_board":1,"minecraft:crimson_stairs":336,"minecraft:wooden_axe":2,"minecraft:oak_stairs":4,"minecraft:iron_shovel":44,"minecraft:iron_leggings":3,"minecraft:white_bed":4,"minecraft:oak_planks":276,"minecraft:barrel":4,"minecraft:cherry_slab":84,"minecraft:quartz_bricks":5,"minecraft:cooked_chicken":6,"minecraft:crimson_sign":3,"minecraft:cherry_boat":3,"minecraft:stone":474,"livingthings:cooked_ostrich":5,"travelersbackpack:pink_sleeping_bag":1,"beautify:lamp_jar":2,"cookingforblockheads:fridge":2,"minecraft:quartz_pillar":2,"cookingforblockheads:fruit_basket":1,"minecraft:bow":2,"minecraft:iron_boots":5,"cookingforblockheads:recipe_book":1,"minecraft:chest":13,"minecraft:cod_bucket":1,"variantcraftingtables:cherry_crafting_table":4,"livingthings:cooked_elephant":2,"minecraft:stone_bricks":14,"minecraft:cherry_fence":99,"minecraft:golden_boots":2,"minecraft:smoker":1,"minecraft:quartz_stairs":52,"minecraft:oak_slab":6,"travelersbackpack:iron_tier_upgrade":2,"minecraft:arrow":200,"minecraft:crafting_table":4,"livingthings:cooked_giraffe":4,"mutantmonsters:creeper_minion_tracker":1,"minecraft:wooden_pickaxe":2,"minecraft:baked_potato":19,"minecraft:iron_helmet":6,"minecraft:cherry_button":17,"lolmcv:oak_chest":2,"minecraft:birch_planks":232,"livingthings:cooked_crab":6,"minecraft:apple":20,"minecraft:dark_oak_slab":42,"minecraft:iron_chestplate":7,"minecraft:pink_wool":3,"minecraft:diamond_pickaxe":6,"minecraft:charcoal":10,"minecraft:emerald_block":44,"minecraft:shield":6,"minecraft:stick":1378,"minecraft:iron_ingot":569,"minecraft:stone_sword":2,"minecraft:redstone_torch":14,"minecraft:shears":2,"minecraft:cherry_planks":1648,"minecraft:wooden_sword":2,"minecraft:coal":144,"betterend:diamond_hammer":1,"minecraft:leather_boots":2,"minecraft:golden_chestplate":1,"minecraft:mossy_stone_bricks":46,"minecraft:furnace":3,"minecraft:crimson_button":69,"betternether:cherry_taburet":1,"minecraft:glass_pane":128,"minecraft:iron_axe":16,"cookingforblockheads:spice_rack":2,"additionallanterns:magenta_cobbled_deepslate_lantern":12,"travelersbackpack:diamond_tier_upgrade":2,"minecraft:cherry_fence_gate":16,"minecraft:cooked_beef":113,"minecraft:sugar":2,"minecraft:red_dye":25,"minecraft:cooked_cod":65,"minecraft:crimson_planks":1716,"livingthings:cooked_lion":6,"minecraft:diamond_sword":4,"minecraft:dark_oak_stairs":64,"travelersbackpack:backpack_tank":10,"minecraft:iron_sword":3,"minecraft:cooked_salmon":178,"minecraft:bucket":7,"minecraft:stone_axe":1,"minecraft:bread":142,"minecraft:air":0,"minecraft:blue_dye":16,"minecraft:black_stained_glass":8,"minecraft:oak_boat":3,"cookingforblockheads:white_kitchen_floor":72,"minecraft:pink_stained_glass_pane":104,"minecraft:cherry_door":18,"minecraft:stonecutter":2,"minecraft:anvil":2,"minecraft:torch":4164,"minecraft:diamond_chestplate":2},"minecraft:killed_by":{"mutantmonsters:mutant_creeper":2,"minecraft:vindicator":14,"minecraft:vex":4,"minecraft:warden":4,"midnightlurker:midnight_lurker_unprovoked":3,"minecraft:evoker":1,"midnightlurker:midnight_lurker_aggressive":1,"mutantmonsters:mutant_zombie":2,"minecraft:creeper":1,"midnightlurker:void_hands":1,"minecraft:piglin":2,"minecraft:spider":1,"livingthings:nether_knight":1,"minecraft:skeleton":1},"minecraft:killed":{"minecraft:cave_spider":5,"betternether:firefly":1,"minecraft:skeleton":123,"minecraft:chicken":61,"livingthings:shark":8,"minecraft:magma_cube":38,"minecraft:salmon":34,"livingthings:mantaray":23,"mutantmonsters:mutant_skeleton":2,"endermanoverhaul:savanna_enderman":3,"minecraft:pillager":153,"minecraft:goat":6,"tinyskeletons:baby_skeleton":5,"minecraft:zombie":205,"mutantmonsters:mutant_creeper":8,"minecraft:cow":94,"livingthings:snail":6,"minecraft:evoker":10,"minecraft:vindicator":65,"livingthings:flamingo":1,"endermanoverhaul:crimson_forest_enderman":2,"livingthings:crab":7,"minecraft:rabbit":2,"minecraft:ravager":2,"mutantmonsters:creeper_minion":14,"livingthings:penguin":1,"minecraft:enderman":9,"minecraft:witch":7,"minecraft:spider":61,"endermanoverhaul:dark_oak_enderman":1,"livingthings:ostrich":3,"livingthings:lion":2,"minecraft:silverfish":1,"minecraft:piglin_brute":1,"minecraft:piglin":2,"minecraft:pig":77,"livingthings:giraffe":1,"minecraft:zombie_villager":2,"minecraft:strider":1,"minecraft:creeper":64,"minecraft:sheep":120,"livingthings:seahorse":1,"minecraft:ghast":5,"livingthings:owl":1,"minecraft:blaze":2,"minecraft:vex":16,"livingthings:raccoon":4,"minecraft:phantom":15,"endermanoverhaul:soulsand_valley_enderman":1,"minecraft:drowned":14,"betternether:naga":27,"minecraft:bat":2,"minecraft:hoglin":30,"minecraft:squid":9,"endermanoverhaul:spirit":3,"mutantmonsters:mutant_zombie":2,"minecraft:wither_skeleton":1,"minecraft:player":1},"minecraft:custom":{"minecraft:interact_with_crafting_table":645,"minecraft:open_barrel":202,"minecraft:bell_ring":100,"minecraft:eat_cake_slice":11,"minecraft:leave_game":56,"minecraft:time_since_death":86716,"minecraft:damage_blocked_by_shield":8002,"minecraft:play_time":5241668,"minecraft:deaths":48,"minecraft:jump":89620,"minecraft:enchant_item":4,"minecraft:interact_with_furnace":525,"minecraft:traded_with_villager":86,"minecraft:interact_with_cartography_table":2,"minecraft:sleep_in_bed":258,"minecraft:damage_dealt":208610,"minecraft:interact_with_smoker":32,"minecraft:interact_with_smithing_table":22,"minecraft:horse_one_cm":1587825,"minecraft:interact_with_anvil":45,"minecraft:target_hit":1,"minecraft:sneak_time":390344,"minecraft:interact_with_blast_furnace":8,"minecraft:total_world_time":5241668,"minecraft:tune_noteblock":36,"minecraft:interact_with_stonecutter":57,"minecraft:time_since_rest":86345,"minecraft:swim_one_cm":1516036,"minecraft:fly_one_cm":16318151,"minecraft:open_chest":3027,"minecraft:fish_caught":6,"minecraft:fall_one_cm":1588055,"minecraft:animals_bred":3,"minecraft:sprint_one_cm":23684801,"minecraft:drop":1347,"minecraft:play_noteblock":1,"minecraft:talked_to_villager":586,"minecraft:interact_with_brewingstand":1,"minecraft:walk_on_water_one_cm":495355,"minecraft:interact_with_loom":6,"minecraft:player_kills":1,"minecraft:crouch_one_cm":1263040,"minecraft:mob_kills":1392,"minecraft:interact_with_campfire":45,"minecraft:climb_one_cm":84096,"minecraft:walk_one_cm":14281070,"minecraft:raid_win":3,"minecraft:strider_one_cm":312,"minecraft:walk_under_water_one_cm":439488,"minecraft:boat_one_cm":2737817,"minecraft:raid_trigger":4,"minecraft:pot_flower":5,"minecraft:interact_with_grindstone":7,"minecraft:damage_taken":56210,"minecraft:damage_absorbed":160,"minecraft:trigger_trapped_chest":2},"minecraft:dropped":{"minecraft:clay":64,"livingthings:cooked_lion":3,"minecraft:iron_sword":2,"minecraft:porkchop":38,"minecraft:lapis_lazuli":204,"minecraft:cooked_beef":9,"minecraft:glass_bottle":6,"minecraft:diamond":10,"minecraft:spore_blossom":1,"minecraft:crafting_table":3,"minecraft:cooked_porkchop":43,"minecraft:crossbow":4,"minecraft:orange_tulip":1,"minecraft:weeping_vines":14,"minecraft:cookie":8,"minecraft:glow_berries":2,"minecraft:warped_roots":1,"mutantmonsters:creeper_shard":1,"minecraft:cracked_stone_bricks":1,"minecraft:saddle":4,"minecraft:brown_banner":3,"mutantmonsters:mutant_skeleton_shoulder_pad":2,"minecraft:sentry_armor_trim_smithing_template":2,"minecraft:red_carpet":5,"minecraft:emerald":33,"minecraft:gold_block":4,"livingthings:giraffe":2,"minecraft:dirt":814,"minecraft:red_bed":4,"minecraft:stone_button":1,"minecraft:dark_oak_fence":12,"minecraft:jungle_sapling":1,"minecraft:wooden_sword":1,"minecraft:gold_nugget":62,"minecraft:bone_meal":1,"moreberries:orange_berries":2,"minecraft:sand":106,"minecraft:iron_pickaxe":24,"minecraft:sugar":5,"mutantmonsters:creeper_minion_tracker":1,"minecraft:dark_oak_planks":11,"travelersbackpack:backpack_tank":2,"minecraft:white_wool":91,"minecraft:bone":107,"minecraft:oak_door":4,"minecraft:goat_horn":1,"minecraft:cherry_boat":2,"minecraft:emerald_block":48,"minecraft:sugar_cane":7,"mutantmonsters:hulk_hammer":1,"minecraft:iron_nugget":1,"minecraft:pink_bed":1,"minecraft:golden_chestplate":5,"minecraft:cobbled_deepslate":78,"minecraft:netherite_sword":2,"minecraft:wheat":203,"minecraft:blue_wool":1,"minecraft:obsidian":2,"minecraft:rotten_flesh":116,"minecraft:oak_planks":4,"minecraft:glowstone_dust":1,"minecraft:azure_bluet":11,"minecraft:white_bed":2,"minecraft:salmon":5,"minecraft:sea_lantern":2,"minecraft:red_candle":11,"minecraft:charcoal":16,"minecraft:quartz_block":94,"minecraft:jungle_log":7,"minecraft:leather_boots":1,"minecraft:leather_leggings":1,"minecraft:beef":22,"minecraft:lectern":6,"minecraft:egg":9,"minecraft:golden_boots":2,"minecraft:crimson_planks":34,"minecraft:enchanted_book":16,"minecraft:iron_ingot":27,"minecraft:black_dye":10,"minecraft:wheat_seeds":215,"livingthings:cooked_crab":3,"minecraft:tnt":2,"minecraft:dripstone_block":20,"minecraft:dark_prismarine_slab":1,"minecraft:oak_fence":5,"minecraft:iron_helmet":4,"minecraft:feather":19,"minecraft:cobblestone":2880,"minecraft:prismarine_crystals":2,"minecraft:book":25,"minecraft:apple":70,"minecraft:granite":13,"minecraft:golden_apple":5,"minecraft:coal":57,"minecraft:polished_andesite":3,"minecraft:cobweb":3,"minecraft:dried_kelp_block":1,"minecraft:gray_wool":4,"minecraft:golden_carrot":1,"minecraft:ink_sac":17,"minecraft:wooden_axe":1,"minecraft:rose_bush":23,"minecraft:cherry_planks":129,"minecraft:cooked_salmon":24,"minecraft:diamond_helmet":2,"minecraft:potion":5,"minecraft:oak_stairs":3,"minecraft:golden_hoe":1,"minecraft:white_banner":8,"minecraft:iron_shovel":31,"minecraft:chainmail_leggings":1,"minecraft:string":160,"minecraft:spruce_sapling":1,"minecraft:furnace":9,"minecraft:moss_carpet":25,"minecraft:player_head":17,"minecraft:stone_sword":4,"minecraft:cobblestone_wall":4,"minecraft:cocoa_beans":3,"minecraft:smooth_stone_slab":12,"minecraft:chicken":14,"minecraft:clay_ball":10,"minecraft:iron_boots":3,"minecraft:name_tag":7,"minecraft:oak_sign":7,"minecraft:light_blue_dye":2,"minecraft:diamond_sword":6,"minecraft:potato":16,"minecraft:hay_block":3,"minecraft:cyan_wool":1,"minecraft:shroomlight":1,"minecraft:flower_pot":3,"mutantmonsters:mutant_skeleton_limb":4,"minecraft:diamond_pickaxe":6,"minecraft:wooden_shovel":14,"livingthings:crab_shell":1,"minecraft:stone_bricks":53,"minecraft:spider_eye":10,"minecraft:bow":4,"minecraft:magenta_dye":21,"travelersbackpack:cake":6,"minecraft:dark_prismarine":11,"mutantmonsters:mutant_skeleton_skull":1,"minecraft:black_wool":2,"mutantmonsters:mutant_skeleton_rib":4,"minecraft:moss_block":5,"minecraft:soul_sand":80,"minecraft:brown_mushroom":2,"minecraft:dark_oak_stairs":1,"minecraft:diamond_axe":1,"minecraft:oak_log":8,"minecraft:baked_potato":11,"minecraft:golden_pickaxe":7,"minecraft:dark_oak_sapling":1,"minecraft:decorated_pot":5,"minecraft:lantern":2,"minecraft:leather":40,"minecraft:prismarine_brick_stairs":2,"travelersbackpack:standard":3,"minecraft:birch_slab":6,"minecraft:cod":49,"minecraft:flint":6,"minecraft:dark_oak_log":54,"minecraft:cherry_trapdoor":1,"minecraft:mojang_banner_pattern":2,"minecraft:mutton":29,"minecraft:crimson_roots":11,"minecraft:cooked_cod":16,"minecraft:prismarine_brick_slab":1,"minecraft:pumpkin_pie":12,"minecraft:amethyst_shard":28,"minecraft:glistering_melon_slice":4,"minecraft:armor_stand":6,"minecraft:gold_ingot":163,"minecraft:gravel":107,"travelersbackpack:ocelot":1,"minecraft:crimson_fungus":11,"minecraft:blackstone":16,"mutantmonsters:mutant_skeleton_pelvis":1,"minecraft:pointed_dripstone":37,"minecraft:cherry_sapling":173,"minecraft:beetroot":12,"minecraft:white_candle":19,"minecraft:cooked_mutton":16,"minecraft:stone_stairs":2,"minecraft:honey_bottle":2,"minecraft:carrot":87,"minecraft:poppy":1,"variantcraftingtables:cherry_crafting_table":1,"minecraft:leather_chestplate":1,"minecraft:gunpowder":46,"minecraft:skeleton_skull":2,"minecraft:beetroot_seeds":2,"minecraft:glowstone":2,"minecraft:chest":7,"livingthings:lion":2,"minecraft:iron_bars":9,"minecraft:arrow":29,"minecraft:prismarine_bricks":4,"minecraft:quartz":7,"minecraft:netherrack":1,"minecraft:water_bucket":4,"minecraft:bread":241,"minecraft:oak_slab":5,"minecraft:golden_helmet":5,"minecraft:cherry_log":96,"minecraft:lilac":11,"minecraft:cyan_dye":1,"minecraft:diamond_leggings":1,"minecraft:poisonous_potato":1,"minecraft:netherite_axe":2,"minecraft:golden_axe":5,"minecraft:lead":3,"minecraft:amethyst_block":23,"minecraft:piglin_head":1,"minecraft:copper_ingot":12,"minecraft:tropical_fish":3,"minecraft:acacia_log":7,"minecraft:stick":4,"moreberries:black_berries":2,"minecraft:milk_bucket":7,"minecraft:diorite":2,"minecraft:torch":79,"minecraft:nether_wart_block":4,"minecraft:brown_wool":1,"minecraft:fire_charge":3,"minecraft:iron_leggings":6,"minecraft:crimson_fence":8,"minecraft:iron_axe":11,"minecraft:orange_bed":1,"minecraft:pink_petals":4818,"minecraft:bucket":17,"minecraft:redstone":111,"minecraft:dandelion":8,"minecraft:cherry_wood":6,"minecraft:sweet_berries":25,"betterend:diamond_hammer":1,"minecraft:raw_copper":16,"cookingforblockheads:no_filter_edition":1,"minecraft:raw_iron":4,"minecraft:totem_of_undying":2,"travelersbackpack:diamond_tier_upgrade":1,"minecraft:glass_pane":2,"minecraft:flint_and_steel":1,"minecraft:filled_map":2,"minecraft:shield":5,"minecraft:black_concrete_powder":24,"minecraft:diamond_chestplate":1,"minecraft:iron_chestplate":5,"minecraft:golden_leggings":3,"minecraft:oak_boat":1,"minecraft:oak_sapling":5,"minecraft:golden_sword":1,"minecraft:stripped_cherry_log":1,"minecraft:slime_ball":6,"minecraft:diamond_boots":1,"minecraft:stone_pickaxe":3,"minecraft:wooden_pickaxe":1,"minecraft:raw_gold":3,"minecraft:magma_cream":2,"moreberries:blue_berries":18,"minecraft:brick":35},"minecraft:mined":{"betternether:obsidian_tile_stairs":3,"minecraft:white_bed":21,"minecraft:pink_bed":4,"minecraft:cherry_log":1069,"minecraft:jungle_leaves":2,"minecraft:obsidian":2,"minecraft:carved_pumpkin":2,"minecraft:granite":14,"minecraft:chiseled_polished_blackstone":1,"betternether:blue_crying_obsidian":1,"minecraft:light_gray_bed":1,"minecraft:coal_block":15,"minecraft:deepslate_tile_stairs":3,"minecraft:blue_wool":3,"minecraft:oak_wall_sign":1,"minecraft:crimson_fungus":5,"travelersbackpack:ocelot":3,"minecraft:chiseled_stone_bricks":1,"minecraft:spawner":3,"minecraft:weeping_vines_plant":13,"minecraft:polished_blackstone_bricks":33,"minecraft:tall_seagrass":3,"minecraft:barrel":1,"minecraft:fire":210,"minecraft:cyan_wall_banner":1,"minecraft:moss_carpet":2,"minecraft:deepslate_lapis_ore":13,"minecraft:twisting_vines":3,"minecraft:quartz_slab":8,"minecraft:dirt_path":9,"minecraft:cave_vines":2,"minecraft:small_amethyst_bud":5,"minecraft:green_carpet":1,"minecraft:player_head":1,"minecraft:orange_bed":7,"minecraft:tripwire":2,"cookingforblockheads:oven":1,"minecraft:potted_brown_mushroom":1,"minecraft:red_bed":1,"minecraft:kelp_plant":1,"minecraft:crimson_nylium":19,"minecraft:smoker":1,"minecraft:soul_fire":92,"minecraft:amethyst_cluster":6,"minecraft:piglin_head":5,"minecraft:powder_snow":146,"minecraft:torch":78,"minecraft:note_block":1,"minecraft:dark_oak_wood":1,"minecraft:melon":14,"minecraft:glass":3,"minecraft:white_candle":6,"minecraft:cyan_bed":30,"minecraft:sugar_cane":13,"minecraft:crimson_stairs":47,"minecraft:amethyst_block":55,"minecraft:cherry_slab":45,"minecraft:skeleton_skull":2,"cookingforblockheads:spice_rack":1,"minecraft:chain":4,"minecraft:cyan_wool":3,"minecraft:cherry_fence":22,"minecraft:repeater":5,"minecraft:black_concrete_powder":11,"variantcraftingtables:cherry_crafting_table":13,"minecraft:wheat":65,"minecraft:lilac":12,"minecraft:jukebox":2,"minecraft:warped_fungus":4,"minecraft:stone_brick_stairs":7,"minecraft:prismarine_brick_stairs":1,"minecraft:oak_fence_gate":1,"minecraft:dark_oak_sapling":1,"minecraft:loom":1,"minecraft:smooth_basalt":4,"cookingforblockheads:tool_rack":1,"minecraft:deepslate":390,"minecraft:dark_prismarine":10,"minecraft:light_blue_wool":2,"minecraft:mossy_cobblestone":55,"minecraft:stripped_birch_log":1,"minecraft:cherry_sapling":6,"minecraft:dark_oak_log":371,"minecraft:sea_lantern":3,"minecraft:dark_oak_fence":31,"minecraft:allium":18,"minecraft:spruce_fence":1,"minecraft:crimson_roots":20,"minecraft:redstone_wire":73,"minecraft:kelp":1,"minecraft:moss_block":14,"minecraft:redstone_ore":33,"minecraft:andesite":6,"minecraft:potatoes":10,"minecraft:vine":43,"minecraft:warped_stem":3,"minecraft:cherry_fence_gate":29,"minecraft:bone_block":129,"minecraft:white_wool":1,"minecraft:cake":2,"minecraft:smithing_table":2,"minecraft:birch_stairs":6,"minecraft:oak_slab":10,"minecraft:glass_pane":30,"minecraft:cherry_planks":216,"minecraft:soul_sand":68,"lolmcv:cherry_chest":3,"minecraft:brown_carpet":2,"minecraft:cornflower":6,"moreberries:black_berry_bush":5,"minecraft:short_grass":659,"minecraft:emerald_ore":118,"minecraft:crimson_slab":26,"minecraft:campfire":5,"minecraft:copper_ore":8,"minecraft:tall_grass":33,"minecraft:deepslate_gold_ore":8,"minecraft:diorite":20,"cookingforblockheads:fridge":2,"beautify:lamp_jar":8,"minecraft:big_dripleaf":1,"minecraft:warped_wart_block":3,"minecraft:cobblestone_wall":7,"minecraft:prismarine_brick_slab":2,"minecraft:white_carpet":2,"minecraft:birch_leaves":19,"minecraft:quartz_pillar":1,"minecraft:dark_prismarine_slab":1,"minecraft:pink_stained_glass_pane":1,"minecraft:gravel":154,"minecraft:dripstone_block":4,"moreberries:blue_berry_bush":2,"minecraft:cobweb":173,"minecraft:stone_bricks":203,"travelersbackpack:cake":5,"minecraft:fern":6,"minecraft:large_amethyst_bud":9,"minecraft:spruce_planks":2,"minecraft:warped_fence_gate":1,"minecraft:sculk_vein":15,"minecraft:cobblestone_stairs":1,"minecraft:cherry_trapdoor":53,"minecraft:cave_vines_plant":2,"minecraft:budding_amethyst":6,"travelersbackpack:iron_golem":1,"minecraft:grass_block":3414,"minecraft:cracked_polished_blackstone_bricks":2,"minecraft:soul_soil":37,"minecraft:composter":9,"minecraft:sandstone_stairs":1,"minecraft:gilded_blackstone":1,"minecraft:glowstone":170,"minecraft:sculk_catalyst":3,"minecraft:iron_ore":199,"additionallanterns:pink_normal_lantern":1,"minecraft:brown_bed":1,"minecraft:azure_bluet":3,"minecraft:dark_oak_stairs":5,"minecraft:pointed_dripstone":25,"minecraft:flowering_azalea_leaves":1,"minecraft:iron_bars":18,"minecraft:azalea":1,"minecraft:deepslate_redstone_ore":71,"minecraft:quartz_block":18,"minecraft:blackstone":14,"minecraft:twisting_vines_plant":3,"minecraft:melon_stem":1,"minecraft:medium_amethyst_bud":2,"minecraft:clay":78,"minecraft:chiseled_quartz_block":2,"minecraft:calcite":7,"minecraft:poppy":16,"minecraft:chest":23,"minecraft:nether_quartz_ore":1271,"minecraft:cobblestone":106,"minecraft:grindstone":1,"minecraft:oak_planks":45,"minecraft:iron_door":1,"minecraft:wall_torch":123,"minecraft:pink_petals":1021,"minecraft:seagrass":2,"minecraft:stone_stairs":5,"minecraft:warped_nylium":23,"cookingforblockheads:milk_jar":2,"minecraft:nether_wart_block":94,"minecraft:birch_log":54,"minecraft:brown_wall_banner":3,"minecraft:cherry_door":5,"minecraft:tnt":2,"travelersbackpack:pink_sleeping_bag":3,"minecraft:smooth_stone_slab":28,"minecraft:oak_log":148,"minecraft:beetroots":1,"minecraft:dirt":2420,"minecraft:sand":239,"minecraft:crimson_planks":346,"minecraft:netherrack":5050,"minecraft:oak_leaves":103,"minecraft:emerald_block":2,"minecraft:redstone_lamp":12,"minecraft:diamond_ore":18,"minecraft:nether_gold_ore":59,"minecraft:tuff":15,"minecraft:red_carpet":2,"minecraft:quartz_stairs":96,"minecraft:oak_door":5,"minecraft:dark_oak_leaves":26,"minecraft:deepslate_diamond_ore":9,"minecraft:stripped_cherry_log":198,"minecraft:glow_lichen":6,"minecraft:lever":5,"minecraft:ladder":14,"minecraft:decorated_pot":131,"minecraft:weeping_vines":2,"travelersbackpack:white_sleeping_bag":43,"minecraft:birch_slab":5,"minecraft:spruce_leaves":12,"minecraft:infested_chiseled_stone_bricks":1,"minecraft:crimson_stem":450,"minecraft:hay_block":103,"minecraft:spore_blossom":4,"minecraft:potted_dark_oak_sapling":1,"minecraft:furnace":23,"minecraft:carrots":13,"minecraft:polished_basalt":1,"minecraft:gold_block":12,"minecraft:potted_cherry_sapling":6,"minecraft:shroomlight":6,"minecraft:bookshelf":27,"minecraft:deepslate_iron_ore":26,"minecraft:lantern":59,"minecraft:stone":4178,"minecraft:cherry_stairs":28,"beautify:bookstack":7,"betternether:cherry_taburet":1,"minecraft:stripped_dark_oak_log":31,"minecraft:basalt":17,"minecraft:spruce_door":2,"minecraft:warped_fence":1,"travelersbackpack:standard":66,"minecraft:oak_fence":3,"minecraft:crafting_table":20,"minecraft:rose_bush":23,"minecraft:sculk_sensor":25,"minecraft:lectern":166,"minecraft:stone_slab":13,"minecraft:quartz_bricks":88,"minecraft:lapis_ore":7,"minecraft:sculk":330,"minecraft:prismarine_bricks":4,"minecraft:birch_planks":3,"minecraft:redstone_torch":8,"minecraft:sweet_berry_bush":14,"minecraft:yellow_bed":16,"minecraft:coal_ore":609,"minecraft:cocoa":3,"minecraft:cherry_leaves":303,"minecraft:lodestone":1,"minecraft:cracked_stone_bricks":19,"minecraft:terracotta":6,"minecraft:crimson_wall_sign":1,"minecraft:polished_andesite":21,"minecraft:mossy_stone_bricks":12,"minecraft:crimson_fence":2,"minecraft:dark_oak_planks":86}},"DataVersion":3700}