{"stats":{"minecraft:broken":{"minecraft:wooden_axe":2},"minecraft:dropped":{"minecraft:bread":32,"minecraft:wheat_seeds":4,"minecraft:cooked_beef":9,"minecraft:stone_sword":2,"minecraft:crafting_table":1,"minecraft:cooked_porkchop":5,"minecraft:orange_tulip":1,"minecraft:chicken":3,"minecraft:feather":8,"minecraft:cooked_mutton":16,"minecraft:white_bed":1,"minecraft:salmon":5,"minecraft:poppy":1,"minecraft:mutton":1,"minecraft:wooden_axe":1,"minecraft:cooked_salmon":8,"minecraft:wooden_sword":1,"minecraft:stone_pickaxe":1,"minecraft:wooden_pickaxe":1},"minecraft:used":{"minecraft:cooked_mutton":4,"minecraft:stone_sword":82,"minecraft:birch_planks":7,"minecraft:stone_pickaxe":113,"minecraft:chest":1,"minecraft:wooden_pickaxe":21,"minecraft:cooked_salmon":8,"minecraft:cooked_chicken":3,"minecraft:salmon":1,"minecraft:mutton":5,"minecraft:crafting_table":6,"minecraft:crossbow":8,"minecraft:white_bed":6,"minecraft:campfire":2,"minecraft:wooden_axe":92,"minecraft:bread":2,"minecraft:stone_axe":33,"minecraft:wooden_sword":3,"minecraft:beef":2,"minecraft:furnace":1,"minecraft:porkchop":4,"minecraft:egg":1,"minecraft:cooked_beef":1},"minecraft:picked_up":{"minecraft:wooden_axe":1,"minecraft:birch_log":49,"minecraft:charcoal":2,"minecraft:crafting_table":5,"minecraft:feather":10,"minecraft:cooked_beef":1,"minecraft:chicken":10,"minecraft:salmon":16,"minecraft:leather":7,"minecraft:brown_wool":2,"minecraft:potion":1,"minecraft:birch_planks":1,"minecraft:stone_brick_stairs":1,"minecraft:oak_log":3,"minecraft:brick":8,"minecraft:raw_copper":12,"minecraft:dirt":19,"minecraft:lantern":47,"minecraft:cooked_salmon":16,"minecraft:cooked_mutton":8,"minecraft:bone":2,"minecraft:orange_tulip":1,"minecraft:wheat_seeds":8,"minecraft:beef":12,"minecraft:cooked_chicken":3,"minecraft:poppy":2,"minecraft:light_gray_wool":2,"minecraft:sugar_cane":5,"minecraft:chest":1,"minecraft:birch_sapling":3,"minecraft:furnace":1,"minecraft:egg":9,"minecraft:raw_iron":6,"minecraft:stick":2,"minecraft:cooked_porkchop":10,"minecraft:spruce_fence":1,"minecraft:porkchop":17,"minecraft:sand":44,"minecraft:white_bed":5,"minecraft:deepslate_tile_stairs":1,"minecraft:stone_sword":1,"minecraft:arrow":3,"minecraft:decorated_pot":1,"minecraft:hay_block":21,"minecraft:bone_meal":1,"minecraft:emerald":2,"minecraft:lodestone":1,"minecraft:dark_oak_fence":1,"minecraft:mutton":33,"minecraft:coal":14,"minecraft:cobblestone":22,"minecraft:white_wool":22},"minecraft:mined":{"minecraft:white_bed":4,"minecraft:crafting_table":6,"minecraft:short_grass":20,"minecraft:spruce_fence":1,"minecraft:poppy":1,"minecraft:decorated_pot":3,"minecraft:chest":1,"minecraft:copper_ore":3,"minecraft:campfire":1,"minecraft:tall_grass":7,"minecraft:deepslate_tile_stairs":1,"minecraft:cobblestone":25,"minecraft:infested_chiseled_stone_bricks":1,"minecraft:sugar_cane":2,"minecraft:diorite":2,"minecraft:tall_seagrass":1,"minecraft:hay_block":21,"minecraft:birch_planks":1,"minecraft:furnace":3,"minecraft:birch_log":48,"minecraft:iron_ore":6,"minecraft:fire":5,"minecraft:birch_leaves":8,"minecraft:vine":17,"minecraft:coal_ore":14,"minecraft:oak_log":3,"minecraft:lantern":46,"minecraft:sand":52,"minecraft:stone":7,"minecraft:oak_leaves":5},"minecraft:killed_by":{"minecraft:spider":1,"midnightlurker:midnight_lurker_unprovoked":1},"minecraft:killed":{"minecraft:pig":11,"minecraft:salmon":17,"minecraft:spider":1,"minecraft:sheep":23,"minecraft:skeleton":1,"minecraft:pillager":3,"minecraft:chicken":10,"minecraft:silverfish":1,"minecraft:cow":10},"minecraft:custom":{"minecraft:interact_with_furnace":31,"minecraft:mob_kills":77,"minecraft:interact_with_crafting_table":20,"minecraft:interact_with_campfire":32,"minecraft:bell_ring":19,"minecraft:leave_game":3,"minecraft:time_since_death":100454,"minecraft:sleep_in_bed":6,"minecraft:climb_one_cm":5149,"minecraft:time_since_rest":6026,"minecraft:sprint_one_cm":559328,"minecraft:damage_taken":1130,"minecraft:walk_one_cm":348624,"minecraft:drop":22,"minecraft:damage_dealt":5797,"minecraft:talked_to_villager":8,"minecraft:swim_one_cm":51142,"minecraft:fly_one_cm":415440,"minecraft:open_chest":26,"minecraft:crouch_one_cm":4289,"minecraft:play_time":109581,"minecraft:deaths":2,"minecraft:sneak_time":1638,"minecraft:walk_under_water_one_cm":21413,"minecraft:jump":2240,"minecraft:walk_on_water_one_cm":31393,"minecraft:total_world_time":109581,"minecraft:fall_one_cm":35818},"minecraft:crafted":{"minecraft:cooked_beef":18,"minecraft:wooden_sword":2,"minecraft:oak_planks":4,"minecraft:crafting_table":3,"minecraft:wooden_pickaxe":2,"minecraft:stone_axe":1,"minecraft:birch_planks":140,"minecraft:campfire":2,"minecraft:cooked_mutton":24,"minecraft:bread":63,"minecraft:air":0,"minecraft:glass":24,"minecraft:stick":32,"minecraft:stone_pickaxe":3,"minecraft:wooden_axe":2,"minecraft:stone_sword":2,"minecraft:chest":1,"minecraft:white_bed":2,"minecraft:wheat":189}},"DataVersion":3700}