{"stats":{"minecraft:custom":{"minecraft:jump":47,"minecraft:time_since_rest":3487,"minecraft:damage_dealt":9,"minecraft:leave_game":3,"minecraft:sprint_one_cm":6215,"minecraft:play_time":3487,"minecraft:damage_taken":50,"minecraft:time_since_death":3487,"minecraft:walk_one_cm":7432,"minecraft:sneak_time":82,"minecraft:total_world_time":3487,"minecraft:fall_one_cm":1732,"minecraft:fly_one_cm":7500},"minecraft:picked_up":{"minecraft:stick":1,"minecraft:birch_sapling":1},"minecraft:mined":{"minecraft:birch_leaves":7}},"DataVersion":3700}